id,url,status,bytes,sha256,date,path,note
bis_act_2016,https://www.bis.gov.in/wp-content/uploads/2020/12/BIS-Act-2016.pdf,downloaded,136658,c72cea7cea17b7fa2f7846e399da106b0a42a404e6e8d9edd9364e6acdce31ee,2026-09-26,data/raw/pdf/law/bis_act_2016.pdf,
bis_act_enforcement,https://www.bis.gov.in/PDF/bs/Act_Enforcement.pdf,failed,0,,2026-09-26,,HTTP 403
bis_rules_2018,https://www.bis.gov.in/wp-content/uploads/2020/10/BIS-Rules-2018_amendments_Sep_15102020.pdf,downloaded,866694,058ee9ba7eafc0f7c68696bc8eaa1588a39a60a1fb047f3e1723f25d43bb128d,2026-09-26,data/raw/pdf/law/bis_rules_2018.pdf,
ca_regulations_2018,https://www.bis.gov.in/wp-content/uploads/2019/03/BIS_CA_12032019.pdf,failed,0,,2026-09-26,,ConnectTimeout: [Errno 60] Operation timed out
ca_amdt_2026,https://www.bis.gov.in/wp-content/uploads/2026/03/Gazette-Notification-1.pdf,downloaded,1706227,cd23e58ff5c7c97e638d39005a680a6f0896c576d237cbfbf3d7a2dc43ca8bec,2026-09-26,data/raw/pdf/law/ca_amdt_2026.pdf,
ca_amdt_2026_corrigendum,https://www.bis.gov.in/wp-content/uploads/2026/05/Gazette-Notification-28.04.26.pdf,downloaded,696215,4a7c1e24dc3227207ae9c5b948ef9e3e83ede22bf78147851958238f0d80b673,2026-09-26,data/raw/pdf/law/ca_amdt_2026_corrigendum.pdf,
marking_requirements,https://www.crsbis.in/BIS/app_srv/tdc/gl/docs/Marking%20requirement%20as%20per%20BIS%20(Conformity%20Assessment)%20Regulations.pdf,downloaded,86243,1e35998fe62060b8cbcf0c4de641956c8b856c67186fa6055ed2282d0b5563e6,2026-09-26,data/raw/pdf/law/marking_requirements.pdf,
law_page,https://www.bis.gov.in/the-bureau/bis-act-rules-and-regulations/?lang=en,downloaded,14458,bf00c066012399a2b2e3513446d35acea29be7771c916e54a5226dffde45cac3,2026-09-26,data/raw/html/law/law_page.md,
cert_overview,https://www.bis.gov.in/product-certification/product-certification-overview/?lang=en,downloaded,3942,6ad7e0a71cfd8a6b2b0b2276e7709c22a8648417ca05bf82d8a2ebc14a702098,2026-09-26,data/raw/html/certification/cert_overview.md,
cert_process,https://www.bis.gov.in/product-certification/product-certification-process/?lang=en,downloaded,2919,cfab5de816d12174d18f12c916b98e549522a8b53c3e3216be7658832c05588b,2026-09-26,data/raw/html/certification/cert_process.md,
cert_fee,https://www.bis.gov.in/product-certification/product-certification-fee/?lang=en,downloaded,5153,018592de5c0fffa7889115bfa6273fe797730d2f3893b14d5e36dd7b054ad00f,2026-09-26,data/raw/html/certification/cert_fee.md,
cert_faq,https://www.bis.gov.in/product-certification/product-certification-faq/?lang=en,downloaded,13426,7e54faedb8964a3fbda97f13ae0ebb36e455822983092800135a7124dc9a7895,2026-09-26,data/raw/html/certification/cert_faq.md,
cert_apply_online,https://www.bis.gov.in/product-certification/product-certificatin-apply-online/?lang=en,downloaded,212,0a5cffb89ef65a3da7c8bd2409edab072edaa2d14bda5afc8c93b597849523cf,2026-09-26,data/raw/html/certification/cert_apply_online.md,
simplified_procedure_list,https://www.bis.gov.in/wp-content/uploads/2024/11/List-of-Products-Under-Simplified-Procedure.pdf,downloaded,313083,51c1ae487dcac929579c6680e5bd0e3030b9adec2afbcb78fc999a0724c9f9c5,2026-09-26,data/raw/pdf/certification/simplified_procedure_list.pdf,
fmcs_overview,https://www.bis.gov.in/fmcs/fmcs-overview/?lang=en,downloaded,1600,6f5496a730625eac4192c6e772eefe2b377b8b6022f88463ec1708a891fc726b,2026-09-26,data/raw/html/certification/fmcs_overview.md,
fmcs_how_to_apply,https://www.bis.gov.in/fmcs/certification-process/how-to-apply/?lang=en,downloaded,1988,235ebc15d48a65c4573432bb110eb9e4089c94037dc8d79cdbcc12d1b1a0bd1d,2026-09-26,data/raw/html/certification/fmcs_how_to_apply.md,
fmcs_fee,https://www.bis.gov.in/fmcs/fmcs-fee/?lang=en,downloaded,367,96012bdc03e4f4f16a72f81bc74b3fec6c5a47bc34ae861eb6bfc427766a699e,2026-09-26,data/raw/html/certification/fmcs_fee.md,
fmcs_faq,https://www.bis.gov.in/fmcs/fmcs-faqs/?lang=en,downloaded,6305,0c49eecec3ddb84a96155f2bd05e8fb232e25af9d603444dfcb6a572190fe0ac,2026-09-26,data/raw/html/certification/fmcs_faq.md,
crs_order_2021,https://www.bis.gov.in/wp-content/uploads/2021/11/Electronics-and-Information-Technology-Goods-Requirement-of-Compulsory-Registration-Order-2021-1.pdf,downloaded,6380730,240b863683cc955c1a26f53978e6dd49ca6438aca4407b653444c80ae81864e1,2026-09-26,data/raw/pdf/certification/crs_order_2021.pdf,
crs_amdt_mar_2026,https://www.bis.gov.in/wp-content/uploads/2026/05/amendments-to-the-Electronics-and-Information-Technology-Goods-Requirements-for-Compulsory-Registration-2021-1.pdf,downloaded,718332,8f0a650a3541527612caa3e309133daae90731024eedc0896bb6e89355fb5b89,2026-09-26,data/raw/pdf/certification/crs_amdt_mar_2026.pdf,
crs_standard_mark_guidelines,https://www.crsbis.in/BIS/app_srv/tdc/BISDesign/docs/StandardMarkGuidelines.pdf,downloaded,885034,d7e7c2ed5df938ef01637ea7f72a0fc9990f5850dc16fae1b5e7d7d4dc6c62a9,2026-09-26,data/raw/pdf/certification/crs_standard_mark_guidelines.pdf,
scheme1_products_table,https://www.bis.gov.in/product-certification/products-under-compulsory-certification/scheme-1/?lang=en,downloaded,1709888,bef96c92c0353b353f90cf50d289626471128a4142589458318351c4c311ac03,2026-09-26,data/structured/products_scheme1.csv,818 rows -> products_scheme1.csv
scheme1_products_table_page,https://www.bis.gov.in/product-certification/products-under-compulsory-certification/scheme-1/?lang=en,failed,0,,2026-09-26,,main content is empty
qco_so_no_191_e,https://www.bis.gov.in/MandatoryProducts/QCOrder/SO-No-191(E).pdf,downloaded,1843101,718eaa77ee83ba0019756432b5f2b5d0464175ec5f3e53f84408077e3aa87622,2026-09-26,data/raw/pdf/product_qco/qco_so_no_191_e.pdf,
qco_so_no_189_e,https://www.bis.gov.in/MandatoryProducts/QCOrder/SO-No-189(E).pdf,downloaded,3378541,fb0cb7608bf77d59e111735b1b8faf5cf66c2e75cbb187cf13c70065a0c392cc,2026-09-26,data/raw/pdf/product_qco/qco_so_no_189_e.pdf,
qco_so_no_165_e,https://www.bis.gov.in/MandatoryProducts/QCOrder/SO-No-165(E).pdf,downloaded,511598,50fb3b8a5b5b7fdd655abb3f9ba740a4d33babe3e1f6ba3b9a8fabaab19a5312,2026-09-26,data/raw/pdf/product_qco/qco_so_no_165_e.pdf,
qco_so_no_1172_e,https://www.bis.gov.in/MandatoryProducts/QCOrder/SO-No-1172(E).pdf,downloaded,881173,bad976a161bca0bc9fe208511fc1ff018188188357f98288727a32d11a89f522,2026-09-26,data/raw/pdf/product_qco/qco_so_no_1172_e.pdf,
qco_so_no_512_e,https://www.bis.gov.in/MandatoryProducts/QCOrder/SO-No-512(E).pdf,downloaded,54379,f99f9bbd2d7a5a0055c58307eb2693d9c5aa8a559de0c17b8639e6b3eb0721e0,2026-09-26,data/raw/pdf/product_qco/qco_so_no_512_e.pdf,
qco_so_no_2058_e,https://www.bis.gov.in/MandatoryProducts/QCOrder/SO-No-2058(E).pdf,downloaded,50587,d5fe2b50b224e9ef550508a292c8489590978efc487546b7ab2e9d34b90f0995,2026-09-26,data/raw/pdf/product_qco/qco_so_no_2058_e.pdf,
qco_so_no_2604_e,https://www.bis.gov.in/MandatoryProducts/QCOrder/SO-No-2604(E).pdf,downloaded,453004,aeb2e8ffc4283d1767a2e8e35f9ffb0bf5baccceb85ae57a4bf5ec7b43898e47,2026-09-26,data/raw/pdf/product_qco/qco_so_no_2604_e.pdf,
qco_516_e,https://bis.gov.in/MandatoryProducts/QCOrder/516_E.pdf,downloaded,87497,fe87b38fa6db5970b47822ab1ce21c5c2717f6f74361fb1b062ed06b2df963d3,2026-09-26,data/raw/pdf/product_qco/qco_516_e.pdf,
qco_gsr_no_759_e,https://www.bis.gov.in/MandatoryProducts/QCOrder/GSR-NO-759(E).pdf,downloaded,936439,f47ca3033bb7f912b073e22e0f9e58fb7bfc7cf2b0654c55f4900fa2d6baec8c,2026-09-26,data/raw/pdf/product_qco/qco_gsr_no_759_e.pdf,
qco_gsr_no_760_e,https://www.bis.gov.in/MandatoryProducts/QCOrder/GSR-No-760(E).pdf,downloaded,732819,5ac66beac00a65ee1c4a950f643218c1b0b18c09edaf2761bc78e96651a43e5d,2026-09-26,data/raw/pdf/product_qco/qco_gsr_no_760_e.pdf,
qco_de_notification_foodproducts,https://bis.gov.in/wp-content/uploads/2024/11/De-notification-FoodProducts.pdf,downloaded,1768574,3c55888edd94021e79f7cb29151afd228fb8ad6b33412e34d6d0824299815ff1,2026-09-26,data/raw/pdf/product_qco/qco_de_notification_foodproducts.pdf,
qco_fssai_regulation_2011,https://bis.gov.in/MandatoryProducts/QCOrder/Food%20Products/FSSAI%20Regulation%202011.pdf,downloaded,31699,128b4dcfed87bf145236736e62b07400be3b1125b6ff0152a5c4373ed168f99d,2026-09-26,data/raw/pdf/product_qco/qco_fssai_regulation_2011.pdf,
qco_gsr_no_759_e,https://bis.gov.in/MandatoryProducts/QCOrder/Food%20Products/GSR%20NO%20759(E).pdf,skipped,0,,2026-09-26,data/raw/pdf/product_qco/qco_gsr_no_759_e.pdf,already downloaded
qco_gazette_notification_prohibition_02_09_2022,https://bis.gov.in/wp-content/uploads/2023/02/Gazette_Notification_Prohibition_02_09_2022.pdf,downloaded,1045311,36f84b3539d31acd8b4e0aaca7c46dadb2fdf0f0bd10768414be803c14d9f044,2026-09-26,data/raw/pdf/product_qco/qco_gazette_notification_prohibition_02_09_2022.pdf,
qco_199241,https://indiacode.nic.in/bitstream/123456789/1958/1/199241.pdf,failed,0,,2026-09-26,,HTTP 504
qco_so_no_451_e,https://www.bis.gov.in/MandatoryProducts/QCOrder/SO-No-451(E).pdf,downloaded,2837130,c82d010ded2d33916e253cacfea24654fe14b74f95141ccf30e52bc92acb160f,2026-09-26,data/raw/pdf/product_qco/qco_so_no_451_e.pdf,
qco_so_no_2953_e,https://www.bis.gov.in/MandatoryProducts/QCOrder/SO%20No.%202953%20(E).pdf,downloaded,944204,66f1b23c61033e44b014c8119510c96f17b7d52e985e9f46b407ab2c259b80ae,2026-09-26,data/raw/pdf/product_qco/qco_so_no_2953_e.pdf,
qco_so_no_1057_e,https://www.bis.gov.in/MandatoryProducts/QCOrder/SO%20No.%201057%20(E).pdf,downloaded,124207,71635219bf2257dcbc4fdc6de811697f7a8c11d50221a457753af96ea4d6935d,2026-09-26,data/raw/pdf/product_qco/qco_so_no_1057_e.pdf,
qco_so_no_2758_e,https://www.bis.gov.in/MandatoryProducts/QCOrder/SO%20No.%202758%20(E).pdf,downloaded,731027,daa9eb563d4bd68efc8c56e1b46f10a2ac589a62ffcc6e8d3756ade96d9fb5f2,2026-09-26,data/raw/pdf/product_qco/qco_so_no_2758_e.pdf,
qco_s_o_1081_e,https://www.bis.gov.in/MandatoryProducts/QCOrder/S.O%201081%20(E).pdf,downloaded,1917117,53d03b30e69d920b979250ec60a06e12f0432a0e1fade370d4a610fb18fe4fcf,2026-09-26,data/raw/pdf/product_qco/qco_s_o_1081_e.pdf,
bis_act_2016,https://www.bis.gov.in/wp-content/uploads/2020/12/BIS-Act-2016.pdf,skipped,0,,2026-09-26,data/raw/pdf/law/bis_act_2016.pdf,already downloaded
bis_act_enforcement,https://www.bis.gov.in/PDF/bs/Act_Enforcement.pdf,failed,0,,2026-09-26,,HTTP 403
bis_rules_2018,https://www.bis.gov.in/wp-content/uploads/2020/10/BIS-Rules-2018_amendments_Sep_15102020.pdf,skipped,0,,2026-09-26,data/raw/pdf/law/bis_rules_2018.pdf,already downloaded
ca_regulations_2018,https://www.bis.gov.in/wp-content/uploads/2019/03/BIS_CA_12032019.pdf,downloaded,7312036,531e12c5a8a15a1bd6a9b4f01e2cb8e9f9c3c9e1afb763a0362da518e0a27666,2026-09-26,data/raw/pdf/law/ca_regulations_2018.pdf,
ca_amdt_2026,https://www.bis.gov.in/wp-content/uploads/2026/03/Gazette-Notification-1.pdf,skipped,0,,2026-09-26,data/raw/pdf/law/ca_amdt_2026.pdf,already downloaded
ca_amdt_2026_corrigendum,https://www.bis.gov.in/wp-content/uploads/2026/05/Gazette-Notification-28.04.26.pdf,skipped,0,,2026-09-26,data/raw/pdf/law/ca_amdt_2026_corrigendum.pdf,already downloaded
marking_requirements,https://www.crsbis.in/BIS/app_srv/tdc/gl/docs/Marking%20requirement%20as%20per%20BIS%20(Conformity%20Assessment)%20Regulations.pdf,skipped,0,,2026-09-26,data/raw/pdf/law/marking_requirements.pdf,already downloaded
law_page,https://www.bis.gov.in/the-bureau/bis-act-rules-and-regulations/?lang=en,skipped,0,,2026-09-26,data/raw/html/law/law_page.md,already downloaded
cert_overview,https://www.bis.gov.in/product-certification/product-certification-overview/?lang=en,skipped,0,,2026-09-26,data/raw/html/certification/cert_overview.md,already downloaded
cert_process,https://www.bis.gov.in/product-certification/product-certification-process/?lang=en,skipped,0,,2026-09-26,data/raw/html/certification/cert_process.md,already downloaded
cert_fee,https://www.bis.gov.in/product-certification/product-certification-fee/?lang=en,skipped,0,,2026-09-26,data/raw/html/certification/cert_fee.md,already downloaded
cert_faq,https://www.bis.gov.in/product-certification/product-certification-faq/?lang=en,skipped,0,,2026-09-26,data/raw/html/certification/cert_faq.md,already downloaded
cert_apply_online,https://www.bis.gov.in/product-certification/product-certificatin-apply-online/?lang=en,skipped,0,,2026-09-26,data/raw/html/certification/cert_apply_online.md,already downloaded
simplified_procedure_list,https://www.bis.gov.in/wp-content/uploads/2024/11/List-of-Products-Under-Simplified-Procedure.pdf,skipped,0,,2026-09-26,data/raw/pdf/certification/simplified_procedure_list.pdf,already downloaded
fmcs_overview,https://www.bis.gov.in/fmcs/fmcs-overview/?lang=en,skipped,0,,2026-09-26,data/raw/html/certification/fmcs_overview.md,already downloaded
fmcs_how_to_apply,https://www.bis.gov.in/fmcs/certification-process/how-to-apply/?lang=en,skipped,0,,2026-09-26,data/raw/html/certification/fmcs_how_to_apply.md,already downloaded
fmcs_fee,https://www.bis.gov.in/fmcs/fmcs-fee/?lang=en,skipped,0,,2026-09-26,data/raw/html/certification/fmcs_fee.md,already downloaded
fmcs_faq,https://www.bis.gov.in/fmcs/fmcs-faqs/?lang=en,skipped,0,,2026-09-26,data/raw/html/certification/fmcs_faq.md,already downloaded
crs_order_2021,https://www.bis.gov.in/wp-content/uploads/2021/11/Electronics-and-Information-Technology-Goods-Requirement-of-Compulsory-Registration-Order-2021-1.pdf,skipped,0,,2026-09-26,data/raw/pdf/certification/crs_order_2021.pdf,already downloaded
crs_amdt_mar_2026,https://www.bis.gov.in/wp-content/uploads/2026/05/amendments-to-the-Electronics-and-Information-Technology-Goods-Requirements-for-Compulsory-Registration-2021-1.pdf,skipped,0,,2026-09-26,data/raw/pdf/certification/crs_amdt_mar_2026.pdf,already downloaded
crs_standard_mark_guidelines,https://www.crsbis.in/BIS/app_srv/tdc/BISDesign/docs/StandardMarkGuidelines.pdf,skipped,0,,2026-09-26,data/raw/pdf/certification/crs_standard_mark_guidelines.pdf,already downloaded
scheme1_products_table,https://www.bis.gov.in/product-certification/products-under-compulsory-certification/scheme-1/?lang=en,downloaded,1695595,00bb3465d6ac962029305db7a53b2b682ca507e714d9148b69a522731a2c6909,2026-09-26,data/structured/products_scheme1.csv,803 rows -> products_scheme1.csv
scheme1_products_table_page,https://www.bis.gov.in/product-certification/products-under-compulsory-certification/scheme-1/?lang=en,skipped,0,,2026-09-26,,no text outside the table
qco_so_no_191_e,https://www.bis.gov.in/MandatoryProducts/QCOrder/SO-No-191(E).pdf,skipped,0,,2026-09-26,data/raw/pdf/product_qco/qco_so_no_191_e.pdf,already downloaded
qco_so_no_189_e,https://www.bis.gov.in/MandatoryProducts/QCOrder/SO-No-189(E).pdf,skipped,0,,2026-09-26,data/raw/pdf/product_qco/qco_so_no_189_e.pdf,already downloaded
qco_so_no_165_e,https://www.bis.gov.in/MandatoryProducts/QCOrder/SO-No-165(E).pdf,skipped,0,,2026-09-26,data/raw/pdf/product_qco/qco_so_no_165_e.pdf,already downloaded
qco_so_no_1172_e,https://www.bis.gov.in/MandatoryProducts/QCOrder/SO-No-1172(E).pdf,skipped,0,,2026-09-26,data/raw/pdf/product_qco/qco_so_no_1172_e.pdf,already downloaded
qco_so_no_512_e,https://www.bis.gov.in/MandatoryProducts/QCOrder/SO-No-512(E).pdf,skipped,0,,2026-09-26,data/raw/pdf/product_qco/qco_so_no_512_e.pdf,already downloaded
qco_so_no_2058_e,https://www.bis.gov.in/MandatoryProducts/QCOrder/SO-No-2058(E).pdf,skipped,0,,2026-09-26,data/raw/pdf/product_qco/qco_so_no_2058_e.pdf,already downloaded
qco_so_no_2604_e,https://www.bis.gov.in/MandatoryProducts/QCOrder/SO-No-2604(E).pdf,skipped,0,,2026-09-26,data/raw/pdf/product_qco/qco_so_no_2604_e.pdf,already downloaded
qco_516_e,https://www.bis.gov.in/MandatoryProducts/QCOrder/516_E.pdf,skipped,0,,2026-09-26,data/raw/pdf/product_qco/qco_516_e.pdf,already downloaded
qco_gsr_no_759_e_b64cf9,https://www.bis.gov.in/MandatoryProducts/QCOrder/GSR-NO-759(E).pdf,downloaded,936439,f47ca3033bb7f912b073e22e0f9e58fb7bfc7cf2b0654c55f4900fa2d6baec8c,2026-09-26,data/raw/pdf/product_qco/qco_gsr_no_759_e_b64cf9.pdf,
qco_gsr_no_760_e,https://www.bis.gov.in/MandatoryProducts/QCOrder/GSR-No-760(E).pdf,skipped,0,,2026-09-26,data/raw/pdf/product_qco/qco_gsr_no_760_e.pdf,already downloaded
qco_de_notification_foodproducts,https://www.bis.gov.in/wp-content/uploads/2024/11/De-notification-FoodProducts.pdf,skipped,0,,2026-09-26,data/raw/pdf/product_qco/qco_de_notification_foodproducts.pdf,already downloaded
qco_fssai_regulation_2011,https://www.bis.gov.in/MandatoryProducts/QCOrder/Food%20Products/FSSAI%20Regulation%202011.pdf,skipped,0,,2026-09-26,data/raw/pdf/product_qco/qco_fssai_regulation_2011.pdf,already downloaded
qco_gsr_no_759_e_dc3eaf,https://www.bis.gov.in/MandatoryProducts/QCOrder/Food%20Products/GSR%20NO%20759(E).pdf,downloaded,936439,f47ca3033bb7f912b073e22e0f9e58fb7bfc7cf2b0654c55f4900fa2d6baec8c,2026-09-26,data/raw/pdf/product_qco/qco_gsr_no_759_e_dc3eaf.pdf,
qco_gazette_notification_prohibition_02_09_2022,https://www.bis.gov.in/wp-content/uploads/2023/02/Gazette_Notification_Prohibition_02_09_2022.pdf,skipped,0,,2026-09-26,data/raw/pdf/product_qco/qco_gazette_notification_prohibition_02_09_2022.pdf,already downloaded
qco_199241,https://indiacode.nic.in/bitstream/123456789/1958/1/199241.pdf,failed,0,,2026-09-26,,HTTP 504
qco_so_no_451_e,https://www.bis.gov.in/MandatoryProducts/QCOrder/SO-No-451(E).pdf,skipped,0,,2026-09-26,data/raw/pdf/product_qco/qco_so_no_451_e.pdf,already downloaded
qco_so_no_2953_e,https://www.bis.gov.in/MandatoryProducts/QCOrder/SO%20No.%202953%20(E).pdf,skipped,0,,2026-09-26,data/raw/pdf/product_qco/qco_so_no_2953_e.pdf,already downloaded
qco_so_no_1057_e,https://www.bis.gov.in/MandatoryProducts/QCOrder/SO%20No.%201057%20(E).pdf,skipped,0,,2026-09-26,data/raw/pdf/product_qco/qco_so_no_1057_e.pdf,already downloaded
qco_so_no_2758_e,https://www.bis.gov.in/MandatoryProducts/QCOrder/SO%20No.%202758%20(E).pdf,skipped,0,,2026-09-26,data/raw/pdf/product_qco/qco_so_no_2758_e.pdf,already downloaded
qco_s_o_1081_e,https://www.bis.gov.in/MandatoryProducts/QCOrder/S.O%201081%20(E).pdf,skipped,0,,2026-09-26,data/raw/pdf/product_qco/qco_s_o_1081_e.pdf,already downloaded
qco_gas_cylinder_amendment_rules_2026,https://www.bis.gov.in/wp-content/uploads/2026/05/Gas-Cylinder-Amendment-Rules-2026.pdf,downloaded,731574,6c8ab765ab9989bf17444312de3bc13b03fdbe1d587116733a75cb5232f3c8df,2026-09-26,data/raw/pdf/product_qco/qco_gas_cylinder_amendment_rules_2026.pdf,
qco_gas_cylinder_second_amendment_rules_05062026,https://www.bis.gov.in/wp-content/uploads/2026/06/Gas-Cylinder-Second-Amendment-Rules-05062026.pdf,downloaded,762863,69edbdae3b94e610789ea75fa0432fc8da7c8a18d36fe7f87d15399bcecce287,2026-09-26,data/raw/pdf/product_qco/qco_gas_cylinder_second_amendment_rules_05062026.pdf,
qco_gsr_no_843_e,https://www.bis.gov.in/MandatoryProducts/QCOrder/GSR%20No.%20843%20(E).pdf,downloaded,5267022,74e1d1dd27c09dd7d23d78fdf8fffb4479db5eef93db0deccb2f40e4620a3fac,2026-09-26,data/raw/pdf/product_qco/qco_gsr_no_843_e.pdf,
qco_medical_x_ray_qc_order,https://www.bis.gov.in/MandatoryProducts/QCOrder/Medical%20X%20Ray%20QC%20order.pdf,downloaded,1170979,bc3f15cd7225801ce9abc4683d55c7fc0438718f6a4f139bfc75e57bf5476122,2026-09-26,data/raw/pdf/product_qco/qco_medical_x_ray_qc_order.pdf,
qco_steel_qco_14022020_1,https://www.bis.gov.in/wp-content/uploads/2020/03/Steel-QCO-14022020-1.pdf,downloaded,1449021,2196b6405fddeb5ef09be859458dea828bca6b3dabdccf72a229b866134c4c80,2026-09-26,data/raw/pdf/product_qco/qco_steel_qco_14022020_1.pdf,
qco_steel_qco_2020_dated_27th_may_2020,https://www.bis.gov.in/wp-content/uploads/2020/06/Steel-QCO-2020-dated-27th-May-2020.pdf,downloaded,3215539,295891cce6bc03e35734655d480315ec7471b85a6eddb2fdc379f2b7476f98bd,2026-09-26,data/raw/pdf/product_qco/qco_steel_qco_2020_dated_27th_may_2020.pdf,
qco_steel_qco_dated_17_july_2020_with_corrigendum,https://www.bis.gov.in/wp-content/uploads/2020/07/Steel-QCO-dated-17-July-2020-with-corrigendum.pdf,downloaded,2526180,576f0e3af5b30338af25ceb692c48edd4de663d6957122bf9336ddfabea1c6ae,2026-09-26,data/raw/pdf/product_qco/qco_steel_qco_dated_17_july_2020_with_corrigendum.pdf,
qco_steel_qco_extension_order,https://www.bis.gov.in/wp-content/uploads/2020/07/Steel-QCO-extension-order.pdf,downloaded,370970,a53303435e38b2ebdc822c611145f58f00e8209226a2b86d03ecd865d568b958,2026-09-26,data/raw/pdf/product_qco/qco_steel_qco_extension_order.pdf,
qco_order_of_extension_in_the_date_of_enforcement_of_quality_control_order,https://www.bis.gov.in/wp-content/uploads/2020/10/Order-of-Extension-in-the-date-of-enforcement-of-Quality-Control-Order.pdf,downloaded,215018,e0e5298373dc136046de358f1f3d06f461e317fc094a1af922a9b7e34d7e9602,2026-09-26,data/raw/pdf/product_qco/qco_order_of_extension_in_the_date_of_enforcement_of_quality_control_order.pdf,
qco_qco_on_144_steel_steel_products_1,https://www.bis.gov.in/wp-content/uploads/2020/11/QCO-on-144-Steel-Steel-Products-1.pdf,downloaded,2123648,3cf9ac81d7cc1a1e688f78e547a08e1d9a2cdd39fbda67ed7993a68d91379deb,2026-09-26,data/raw/pdf/product_qco/qco_qco_on_144_steel_steel_products_1.pdf,
qco_145_qco_order,https://www.bis.gov.in/wp-content/uploads/2021/01/145-QCO-Order.pdf,downloaded,1818336,07a1a4d2f89a520558cbaa2c22e50e3a44eeb014aab526fdafaf583cfbd4cebb,2026-09-26,data/raw/pdf/product_qco/qco_145_qco_order.pdf,
qco_order_of_extension_in_the_enforcement_date_for_indian_standards_covered_under_the_quality_control_order_namely_is_3748_is_7291_and_is_12146,https://www.bis.gov.in/wp-content/uploads/2021/04/Order-of-extension-in-the-enforcement-date-for-Indian-Standards-covered-under-the-Quality-Control-Order-namely-IS-3748-IS-7291-and-IS-12146.pdf,downloaded,203831,10f91867c03e46be12a513e68a265d3f5ac9af23641b3b87be43b351a1291f14,2026-09-26,data/raw/pdf/product_qco/qco_order_of_extension_in_the_enforcement_date_for_indian_standards_covered_under_the_quality_control_order_namely_is_3748_is_7291_and_is_12146.pdf,
qco_order_of_extension_in_the_enforcement_date_for_some_indian_standards_covered_under_the_quality_control_order_namely_is_4398_and_is_3195,https://www.bis.gov.in/wp-content/uploads/2021/04/Order-of-extension-in-the-enforcement-date-for-some-Indian-Standards-covered-under-the-Quality-Control-Order-namely-IS-4398-and-IS-3195.pdf,downloaded,284143,ca63a24b0735187d425ed2feb74e65ce597e8c106dc66f57c6c936d8f95d95d9,2026-09-26,data/raw/pdf/product_qco/qco_order_of_extension_in_the_enforcement_date_for_some_indian_standards_covered_under_the_quality_control_order_namely_is_4398_and_is_3195.pdf,
qco_ordero1,https://www.bis.gov.in/wp-content/uploads/2021/04/ORDERO1.pdf,downloaded,231680,a3336ecef8d17542697bb823c1bf07325fae5dbf6921f89aed99d16e7a1ef6fb,2026-09-26,data/raw/pdf/product_qco/qco_ordero1.pdf,
qco_order_for_extension_in_date_of_enforcement_for_is_1110_and_is_4409,https://www.bis.gov.in/wp-content/uploads/2021/06/Order-for-extension-in-date-of-enforcement-for-IS-1110-and-IS-4409.pdf,downloaded,351255,a5e587881c8c87e1ca3b56c2f5d6a5b86d87a5980614712788e2756ae83f99d3,2026-09-26,data/raw/pdf/product_qco/qco_order_for_extension_in_date_of_enforcement_for_is_1110_and_is_4409.pdf,
qco_order_of_extension_in_date_of_enforcement_of_is_4432_is_5518_is_12145_is_13387_is_4072_is_13352_covered_under_qulaity_control_order,https://www.bis.gov.in/wp-content/uploads/2021/06/Order-of-Extension-in-date-of-enforcement-of-IS-4432-IS-5518-IS-12145-IS-13387-IS-4072-IS-13352-covered-under-Qulaity-Control-Order.pdf,downloaded,226016,2b7dae887835f201c9e6e6a97560fbc2e7cfed726ae3ca318b5bfb12f4639442,2026-09-26,data/raw/pdf/product_qco/qco_order_of_extension_in_date_of_enforcement_of_is_4432_is_5518_is_12145_is_13387_is_4072_is_13352_covered_under_qulaity_control_order.pdf,
qco_order_of_extension_in_date_of_enforcement_of_is_7226_and_is_14331_covered_under_qulaity_control_order,https://www.bis.gov.in/wp-content/uploads/2021/06/Order-of-Extension-in-date-of-enforcement-of-IS-7226-and-IS-14331-covered-under-Qulaity-Control-Order.pdf,downloaded,209861,04f3fc2ece52b95de8e72b86dd405105cea3e320ba448a0184a2ae4d416ceef3,2026-09-26,data/raw/pdf/product_qco/qco_order_of_extension_in_date_of_enforcement_of_is_7226_and_is_14331_covered_under_qulaity_control_order.pdf,
qco_order_of_extension_in_date_of_enforcement_of_is_6529_covered_under_qulaity_control_order,https://www.bis.gov.in/wp-content/uploads/2021/06/Order-of-Extension-in-date-of-enforcement-of-IS-6529-covered-under-Qulaity-Control-Order.pdf,downloaded,214071,ddda909d079194505ac1f71e2c2e78abf9c92cec65788228b556415ce1103d8c,2026-09-26,data/raw/pdf/product_qco/qco_order_of_extension_in_date_of_enforcement_of_is_6529_covered_under_qulaity_control_order.pdf,
qco_order_of_extension_in_the_enforcement_date_of_quality_control_order_for_tin_plate_and_tin_free_steel,https://www.bis.gov.in/wp-content/uploads/2021/06/Order-of-extension-in-the-enforcement-date-of-Quality-Control-Order-for-Tin-Plate-and-Tin-Free-Steel.pdf,downloaded,280739,d3b3a20eaf837ab8888575342c73a47ee5764cbe5355d376cf047832f762285f,2026-09-26,data/raw/pdf/product_qco/qco_order_of_extension_in_the_enforcement_date_of_quality_control_order_for_tin_plate_and_tin_free_steel.pdf,
qco_extension_in_the_date_of_enforcement_of_quality_control_order_on_is_3748_is_7291_and_is_12146,https://www.bis.gov.in/wp-content/uploads/2021/08/Extension-in-the-date-of-enforcement-of-Quality-Control-Order-on-IS-3748-IS-7291-and-IS-12146.pdf,downloaded,196448,b6a1f10a3b5a932050ef4a72c894a67a16e61f035d3afc402fb185e9fa44df3d,2026-09-26,data/raw/pdf/product_qco/qco_extension_in_the_date_of_enforcement_of_quality_control_order_on_is_3748_is_7291_and_is_12146.pdf,
qco_order_of_extension_in_the_date_of_enforcement_of_quality_control_order_for_indian_standards_is_4454_part_4_is_11946_is_11947,https://www.bis.gov.in/wp-content/uploads/2021/09/Order-of-extension-in-the-date-of-enforcement-of-Quality-Control-Order-for-Indian-Standards-IS-4454-Part-4-IS-11946-IS-11947.pdf,downloaded,204138,bd3b91958079737133f885443f7598a23306f8fe6453b980283000950bc8845f,2026-09-26,data/raw/pdf/product_qco/qco_order_of_extension_in_the_date_of_enforcement_of_quality_control_order_for_indian_standards_is_4454_part_4_is_11946_is_11947.pdf,
qco_extension_order_in_the_date_of_enforcement_of_quality_control_order_for_indian_standards_is_1110_1990_and_is_4409_1973,https://www.bis.gov.in/wp-content/uploads/2021/12/Extension-order-in-the-date-of-enforcement-of-Quality-Control-Order-for-Indian-Standards-IS-1110-1990-and-IS-4409-1973.pdf,downloaded,345654,1ce8a8f25046c4fc7ed54337d49226a680318011db18fc68364bca76d808574a,2026-09-26,data/raw/pdf/product_qco/qco_extension_order_in_the_date_of_enforcement_of_quality_control_order_for_indian_standards_is_1110_1990_and_is_4409_1973.pdf,
qco_extension_order_is_14331,https://www.bis.gov.in/wp-content/uploads/2021/12/Extension-order-IS-14331.pdf,downloaded,338280,33cc676840ac2e77f30301c58dfc08f62b31404b1aef12fcf49557a8de60f449,2026-09-26,data/raw/pdf/product_qco/qco_extension_order_is_14331.pdf,
qco_extension_order_is_13387,https://www.bis.gov.in/wp-content/uploads/2021/12/Extension-order-IS-13387.pdf,downloaded,336178,6c460b7b0ee96acfa1c135c60b4dfb90d8edff199dfe2063fa583d9358059fc1,2026-09-26,data/raw/pdf/product_qco/qco_extension_order_is_13387.pdf,
qco_qco_extension_order_26042022,https://www.bis.gov.in/wp-content/uploads/2022/05/QCO-Extension-Order-26042022.pdf,downloaded,187011,9593add2aabaf43e5d9c9ccdd5111d4a63324129174bdb3738eafb888dee7b5b,2026-09-26,data/raw/pdf/product_qco/qco_qco_extension_order_26042022.pdf,
qco_ministry_of_steel_order_for_extension_of_date_of_implementation_is_1110_is_4409,https://www.bis.gov.in/wp-content/uploads/2022/11/Ministry-of-Steel-Order-for-extension-of-date-of-implementation-IS-1110-IS-4409.pdf,downloaded,336028,98e30a596e0eac067c041a6710d28bd336230680cff2c083300953de0fc86fd0,2026-09-26,data/raw/pdf/product_qco/qco_ministry_of_steel_order_for_extension_of_date_of_implementation_is_1110_is_4409.pdf,
qco_extension_oreder_of_is_4409,https://www.bis.gov.in/wp-content/uploads/2023/02/Extension-oreder-of-IS-4409.pdf,downloaded,924956,23caca5d26dc3d03681b0c0cb9ca467fb1fc5f7911ecb3b677f2a940e2ba1fb8,2026-09-26,data/raw/pdf/product_qco/qco_extension_oreder_of_is_4409.pdf,
qco_extension_order_is_4409_dt_25_07_2023,https://www.bis.gov.in/wp-content/uploads/2023/07/Extension-order-IS-4409-dt-25-07-2023.pdf,downloaded,304787,d636ad59c11ad2d0ff0343776978b5d483d09199699d47a0cd81a846c51e628a,2026-09-26,data/raw/pdf/product_qco/qco_extension_order_is_4409_dt_25_07_2023.pdf,
qco_steel_steel_product_qco_2024,https://www.bis.gov.in/wp-content/uploads/2024/02/Steel-Steel-Product-QCO-2024.pdf,downloaded,1266790,18b55169e7dbcbbb986f190d79256805001c49b5fc6eb7693a442a23527e3ec1,2026-09-26,data/raw/pdf/product_qco/qco_steel_steel_product_qco_2024.pdf,
qco_ferrocnickel_extension_quality_control_order_2024,https://www.bis.gov.in/wp-content/uploads/2024/05/Ferrocnickel-Extension-Quality-Control-Order-2024.pdf,downloaded,329018,020d0676b991ee5dfc6be1527b35b383bf7c6d6e1b9e2bffaa7e188a2e3afa7a,2026-09-26,data/raw/pdf/product_qco/qco_ferrocnickel_extension_quality_control_order_2024.pdf,
qco_is_4409_2023_specification_for_ferronickel,https://www.bis.gov.in/wp-content/uploads/2024/08/IS-4409-2023-Specification-for-Ferronickel.pdf,downloaded,319687,f261159391e8473d2977f9cd58e17dc65cc896532ea10d76dfb311d4f3b0ce43,2026-09-26,data/raw/pdf/product_qco/qco_is_4409_2023_specification_for_ferronickel.pdf,
qco_steel_and_steel_products_qco_2024,https://www.bis.gov.in/wp-content/uploads/2024/09/Steel-and-Steel-Products-QCO-2024.pdf,downloaded,2239783,c0f48cc5ca736ec22659c8fc7c711dceee75b746e09d0defccc7a66ee34c4378,2026-09-26,data/raw/pdf/product_qco/qco_steel_and_steel_products_qco_2024.pdf,
qco_steel_and_steel_products_quality_control_amendment_order_2025,https://www.bis.gov.in/wp-content/uploads/2025/11/Steel-and-Steel-Products-Quality-Control-Amendment-Order-2025.pdf,downloaded,1332716,91d0dc63a91b22e4e68af3b95a256600e3d9b699858152621f536afcbbd93cec,2026-09-26,data/raw/pdf/product_qco/qco_steel_and_steel_products_quality_control_amendment_order_2025.pdf,
qco_steel_and_steel_products_quality_control_amendment_order_2026_1,https://www.bis.gov.in/wp-content/uploads/2026/06/Steel-and-Steel-Products-Quality-Control-Amendment-Order-2026-1.pdf,downloaded,605203,94421219af1be08d3d4a7cb4c0bc652cdb99c2791121055e57137381e0a01392,2026-09-26,data/raw/pdf/product_qco/qco_steel_and_steel_products_quality_control_amendment_order_2026_1.pdf,
qco_so_no_2681_e,https://www.bis.gov.in/MandatoryProducts/QCOrder/SO%20No%202681%20(E).pdf,downloaded,430571,622c8116c13c3431f97473a6640f554df8007ef2f1a4d0b70c277acf18c8832a,2026-09-26,data/raw/pdf/product_qco/qco_so_no_2681_e.pdf,
qco_so_no_2749_e,https://www.bis.gov.in/MandatoryProducts/QCOrder/SO%20No%202749%20(E).pdf,downloaded,151206,541e290b72db571135e221462d6c24c153e42fa3d025bde43d5e42acdd1dba42,2026-09-26,data/raw/pdf/product_qco/qco_so_no_2749_e.pdf,
qco_gsr_no_374e,https://www.bis.gov.in/MandatoryProducts/QCOrder/GSR%20No.%20374E.pdf,downloaded,796336,3878b41d13dbc91d8cc11a0cb19d31ae48a4bba30601f4ee53806330124ac0f6,2026-09-26,data/raw/pdf/product_qco/qco_gsr_no_374e.pdf,
qco_steel_tubes_quality_control_order_2020,https://www.bis.gov.in/wp-content/uploads/2021/01/Steel-Tubes-Quality-Control-Order-2020.pdf,downloaded,896030,fc67c0dc55f99c1513c217fba7a248775d4dedf254ad8fa076fe28f9fc3e455e,2026-09-26,data/raw/pdf/product_qco/qco_steel_tubes_quality_control_order_2020.pdf,
qco_egazette_malleable_iron_shots_and_grits,https://www.bis.gov.in/wp-content/uploads/2020/08/Egazette-Malleable-Iron-Shots-and-Grits.pdf,failed,0,,2026-09-26,,ReadTimeout: The read operation timed out
qco_transformerqco2014,https://www.bis.gov.in/cert/TransformerQCO2014.pdf,downloaded,187231,0bba023f710b8da9d3b03cd0a1640769f02056068ffb9cabd06187bd5d06925c,2026-09-26,data/raw/pdf/product_qco/qco_transformerqco2014.pdf,
qco_so_no_1221_e,https://www.bis.gov.in/MandatoryProducts/QCOrder/SO%20No%201221%20(E).pdf,downloaded,188945,d3db83f2f774c5b7d16716f3483b0eac0efcfe2b6142b0586e76c99f494ec983,2026-09-26,data/raw/pdf/product_qco/qco_so_no_1221_e.pdf,
qco_so_178e,https://www.bis.gov.in/wp-content/uploads/2019/03/SO-178E.pdf,downloaded,2486575,99d93ea46dae4b645887bc586ea628492536b392c983dd8e5f2d783c80e1e0c2,2026-09-26,data/raw/pdf/product_qco/qco_so_178e.pdf,
qco_so_3207e,https://www.bis.gov.in/wp-content/uploads/2019/03/SO-3207E.pdf,downloaded,1419686,80a90fc75feac305c849ea9c4378f88eb8367b6f3afd6020f5f542fb4c53e7de,2026-09-26,data/raw/pdf/product_qco/qco_so_3207e.pdf,
qco_s_o_2434_e_electrical_capacitors_qco,https://www.bis.gov.in/MandatoryProducts/QCOrder/S%20O%202434%20(E)Electrical%20Capacitors%20QCO.pdf,downloaded,2391290,1468a1806b1f08bab2d329f7e32af49b7e69f2f75692230c8853622d97fbb509,2026-09-26,data/raw/pdf/product_qco/qco_s_o_2434_e_electrical_capacitors_qco.pdf,
qco_184588,https://www.bis.gov.in/MandatoryProducts/QCOrder/184588.pdf,downloaded,1759202,6f647e1fc8eaa88a33a950941143349a8baa34849089e5c4c6a03d99f484b895,2026-09-26,data/raw/pdf/product_qco/qco_184588.pdf,
qco_boricacidqualitycontrolorder_1,https://www.bis.gov.in/wp-content/uploads/2019/06/BoricAcidQualityControlOrder-1.pdf,downloaded,297776,9bef3cbdc49cc1f20f563245856c9e035f5dd1778492d1ae708b251c9d3c1e2e,2026-09-26,data/raw/pdf/product_qco/qco_boricacidqualitycontrolorder_1.pdf,
qco_poly_aluminium_chloride,https://www.bis.gov.in/wp-content/uploads/2019/08/Poly-Aluminium-Chloride.pdf,downloaded,310318,563224b23a842d1db242001b64e9e6c29cecfff03e4bcb2284530af46dc91732,2026-09-26,data/raw/pdf/product_qco/qco_poly_aluminium_chloride.pdf,
qco_acitic_acid,https://www.bis.gov.in/wp-content/uploads/2019/08/Acitic-acid.pdf,downloaded,308324,24e6febf7deea69ab09dbe1d368c3eeda4ef1cbd243a05c2c98269c8be3bb28d,2026-09-26,data/raw/pdf/product_qco/qco_acitic_acid.pdf,
qco_acitic_acid_amendment_order,https://www.bis.gov.in/wp-content/uploads/2020/02/Acitic-acid-amendment-order.pdf,downloaded,739541,d65f50330d3bdadda20dabdac666238433a6baab27458b5097a10be1bdc010b8,2026-09-26,data/raw/pdf/product_qco/qco_acitic_acid_amendment_order.pdf,
qco_extension_acetic_aciddcpc,https://www.bis.gov.in/wp-content/uploads/2020/07/Extension-Acetic-AcidDCPC.pdf,downloaded,1020039,ce6cc03dac7302ad2b7425e18e84554881449f881e8bb6d55cf169048d91fb79,2026-09-26,data/raw/pdf/product_qco/qco_extension_acetic_aciddcpc.pdf,
qco_acetic_acid_qco_extension,https://www.bis.gov.in/wp-content/uploads/2020/11/Acetic-Acid-QCO-extension.pdf,downloaded,1579582,f9c8d4d975644627b7542c42333f17795552e17a6865108495eec2f6ccb20916,2026-09-26,data/raw/pdf/product_qco/qco_acetic_acid_qco_extension.pdf,
qco_acetic_acid_amendment_order,https://www.bis.gov.in/wp-content/uploads/2021/06/Acetic-Acid-Amendment-Order.pdf,downloaded,1293661,0a48346c9aef8496e55ed6e5b491b833b7cef12ca3800da647dab9ca5173c879,2026-09-26,data/raw/pdf/product_qco/qco_acetic_acid_amendment_order.pdf,
qco_notifications_for_extension_of_qco_of_aniline_morpholine_acetic_acid_and_methanol_compressed,https://www.bis.gov.in/wp-content/uploads/2022/02/Notifications-for-extension-of-QCO-of-Aniline-Morpholine-Acetic-Acid-and-Methanol_compressed.pdf,downloaded,224770,dd675847485b16021b6701fb53cde1ba602435878f6ec743bfef1f19c9db5d82,2026-09-26,data/raw/pdf/product_qco/qco_notifications_for_extension_of_qco_of_aniline_morpholine_acetic_acid_and_methanol_compressed.pdf,
qco_extension_of_enforcement_date_of_qco_of_morpholine_acetic_acid_methanol_aniline,https://www.bis.gov.in/wp-content/uploads/2022/08/Extension-of-enforcement-date-of-QCO-of-Morpholine-Acetic-Acid-Methanol-Aniline.pdf,downloaded,1429397,865ee27cdb9277a7efd2ec66adeba90526ac5fe228a6c762c226b7962a252d1c,2026-09-26,data/raw/pdf/product_qco/qco_extension_of_enforcement_date_of_qco_of_morpholine_acetic_acid_methanol_aniline.pdf,
qco_gazette_notification_for_extension_of_qco_of_10_chemicals,https://www.bis.gov.in/wp-content/uploads/2023/07/Gazette-Notification-for-extension-of-QCO-of-10-Chemicals.pdf,downloaded,1216376,3f1af4a80f6803ae9d59ab79a4b1822236265ea2efa9d3feff8028939a190631,2026-09-26,data/raw/pdf/product_qco/qco_gazette_notification_for_extension_of_qco_of_10_chemicals.pdf,
qco_dcpc_4_products_02022024,https://www.bis.gov.in/wp-content/uploads/2024/02/DCPC-4-Products-02022024.pdf,downloaded,1202050,d1c78543a4503258e0b2f3deecabc9930884bf3a1b1a4ae5a2c2341673f1c1c4,2026-09-26,data/raw/pdf/product_qco/qco_dcpc_4_products_02022024.pdf,
qco_acetic_acid_methanol_aniline_qco,https://www.bis.gov.in/wp-content/uploads/2024/08/Acetic-acid-Methanol-Aniline-QCO.pdf,downloaded,1732681,a106dfdefa8d5e0171145a0be45f77f76c8bb874f78eb49259ed32cf1e5ab329,2026-09-26,data/raw/pdf/product_qco/qco_acetic_acid_methanol_aniline_qco.pdf,
qco_acetic_acid_qco_2019_withdraw_order_23072025,https://www.bis.gov.in/wp-content/uploads/2025/07/Acetic-Acid-QCO-2019-Withdraw-Order-23072025.pdf,downloaded,685333,9f728621a280f244440077d18d324037ee1f856f6fc1a555ee423c5b4dad7098,2026-09-26,data/raw/pdf/product_qco/qco_acetic_acid_qco_2019_withdraw_order_23072025.pdf,
qco_aniline,https://www.bis.gov.in/wp-content/uploads/2019/08/Aniline.pdf,downloaded,1693465,f377cd459e0d09adbab8f5d312ee04aa8f42810c15b31e641cc25ad0b66a37a4,2026-09-26,data/raw/pdf/product_qco/qco_aniline.pdf,
qco_aniline_amendment_order_3f9e99,https://www.bis.gov.in/wp-content/uploads/2020/02/Aniline-amendment-order.pdf,downloaded,917096,a6f48e8890afdf282ac6ac3f6ace07ba32f19a10cd280460aab8d5a0df074831,2026-09-26,data/raw/pdf/product_qco/qco_aniline_amendment_order_3f9e99.pdf,
qco_extension_aniline_dcpc,https://www.bis.gov.in/wp-content/uploads/2020/07/Extension-Aniline-DCPC.pdf,downloaded,926426,fa33b153e60e59dfa7e33368e26e32033effc3370b72e92a2b62d736b7b8322f,2026-09-26,data/raw/pdf/product_qco/qco_extension_aniline_dcpc.pdf,
qco_aniline_qco_extension,https://www.bis.gov.in/wp-content/uploads/2020/11/Aniline-QCO-extension.pdf,downloaded,1092772,ddf3319d5ebadb7c0015a2ab4315ed41a313bcbe692b8bd6c10d7aadee05cbd8,2026-09-26,data/raw/pdf/product_qco/qco_aniline_qco_extension.pdf,
qco_aniline_amendment_order_00c61e,https://www.bis.gov.in/wp-content/uploads/2021/06/Aniline-Amendment-Order.pdf,failed,0,,2026-09-26,,"RemoteProtocolError: peer closed connection without sending complete message body (received 768924 bytes, expected 1293574)"
qco_gazette_notification_for_extension_of_qco_for_10_chemicals,https://www.bis.gov.in/wp-content/uploads/2023/02/Gazette-Notification-for-extension-of-QCO-for-10-Chemicals.pdf,downloaded,1398981,dffda510159d49f9f7da0ca50f97f4f2f29740f2615c4088bdfceb38587bcd22,2026-09-26,data/raw/pdf/product_qco/qco_gazette_notification_for_extension_of_qco_for_10_chemicals.pdf,
qco_aniline_qco_2019_withdraw_order_23072025_1,https://www.bis.gov.in/wp-content/uploads/2025/07/Aniline-QCO-2019-Withdraw-Order-23072025-1.pdf,downloaded,685333,9f728621a280f244440077d18d324037ee1f856f6fc1a555ee423c5b4dad7098,2026-09-26,data/raw/pdf/product_qco/qco_aniline_qco_2019_withdraw_order_23072025_1.pdf,
qco_methanol,https://www.bis.gov.in/wp-content/uploads/2019/08/Methanol.pdf,downloaded,1702603,f315bf696a6b35047f5153087e6c48d5c726b90f3326e91d870a6c5b8e42983b,2026-09-26,data/raw/pdf/product_qco/qco_methanol.pdf,
qco_methanol_amendment_order_44cd3b,https://www.bis.gov.in/wp-content/uploads/2020/02/Methanol-amendment-order.pdf,downloaded,747393,54bd9be237c3d42c33130d434898617ebdead21d3784b4f3fc98dc2a84c104b7,2026-09-26,data/raw/pdf/product_qco/qco_methanol_amendment_order_44cd3b.pdf,
qco_extension_methanol_dcpc,https://www.bis.gov.in/wp-content/uploads/2020/07/Extension-Methanol-DCPC.pdf,downloaded,1021206,6f5ff7e7f2efc07025e19ed9063b7dc6512bf5cc83dd607d15a8cdedd78b638d,2026-09-26,data/raw/pdf/product_qco/qco_extension_methanol_dcpc.pdf,
qco_methanol_qco_extension,https://www.bis.gov.in/wp-content/uploads/2020/11/Methanol-QCO-extension.pdf,downloaded,994614,2a12c1c0c02a67d742f20cf6dbd7fc813bd00d29793d288f65755b716d3edb45,2026-09-26,data/raw/pdf/product_qco/qco_methanol_qco_extension.pdf,
qco_methanol_amendment_order_903bf0,https://www.bis.gov.in/wp-content/uploads/2021/06/Methanol-Amendment-Order.pdf,downloaded,1413233,8a72d3d425f74c8d3b84b09bc18e6136c5123b57b10afd28fd20869412a2956f,2026-09-26,data/raw/pdf/product_qco/qco_methanol_amendment_order_903bf0.pdf,
qco_methanol_qco_2019_withdraw_order_23072025,https://www.bis.gov.in/wp-content/uploads/2025/07/Methanol-QCO-2019-Withdraw-Order-23072025.pdf,downloaded,685333,9f728621a280f244440077d18d324037ee1f856f6fc1a555ee423c5b4dad7098,2026-09-26,data/raw/pdf/product_qco/qco_methanol_qco_2019_withdraw_order_23072025.pdf,
qco_phthallic_anhydride_qco,https://www.bis.gov.in/wp-content/uploads/2022/12/Phthallic-anhydride-QCO.pdf,downloaded,1260543,00afc775101c852c862bba3f15374cbd1ae48e2289acec5dbfd2721f53356395,2026-09-26,data/raw/pdf/product_qco/qco_phthallic_anhydride_qco.pdf,
qco_phthalic_anhydride_quality_control_amendment_order,https://www.bis.gov.in/wp-content/uploads/2021/01/Phthalic-Anhydride-Quality-Control-Amendment-Order.pdf,downloaded,1172453,60608223cff753fdd347f96ddaf675e8f55d27cc5e77a32af06e43953286082a,2026-09-26,data/raw/pdf/product_qco/qco_phthalic_anhydride_quality_control_amendment_order.pdf,
qco_chemical_products_amendment_order,https://www.bis.gov.in/wp-content/uploads/2021/07/Chemical-products-amendment-order.pdf,downloaded,1254696,7c093e8dbfddceba277060423a793bdfced7b737f60bd85bce508edd7dc4ec0b,2026-09-26,data/raw/pdf/product_qco/qco_chemical_products_amendment_order.pdf,
qco_qco_for_ethylene_glycol_phthalic_anhydride_toluene_terephthalic_acid_n_butyl_acrylate,https://www.bis.gov.in/wp-content/uploads/2022/01/QCO-for-ethylene-glycol-phthalic-anhydride-Toluene-Terephthalic-acid-n-butyl-acrylate.pdf,downloaded,1355743,db801e11cd9447e4e71748fac75c36c43324f97f77b7eb9dd232394364392b5b,2026-09-26,data/raw/pdf/product_qco/qco_qco_for_ethylene_glycol_phthalic_anhydride_toluene_terephthalic_acid_n_butyl_acrylate.pdf,
qco_qco_amendment_order14062022,https://www.bis.gov.in/wp-content/uploads/2022/06/QCO-amendment-order14062022.pdf,downloaded,1172621,f047120fa42cf66bc1dfa4b012b8e0b2edf404104d8f6222561081c7f5a9634f,2026-09-26,data/raw/pdf/product_qco/qco_qco_amendment_order14062022.pdf,
qco_extension_of_date_of_implementation_of_04_petrochemicals_2,https://www.bis.gov.in/wp-content/uploads/2022/12/Extension-of-Date-of-implementation-of-04-Petrochemicals-2.pdf,downloaded,850842,9cf504bde374ab995c6c405d4c6856449dbc3b1aea9e7ceacdc7d00cf2958484,2026-09-26,data/raw/pdf/product_qco/qco_extension_of_date_of_implementation_of_04_petrochemicals_2.pdf,
qco_14_qcos_for_chemical_products,https://www.bis.gov.in/wp-content/uploads/2020/07/14-QCOs-for-chemical-Products.pdf,downloaded,2914004,db60a4d1bdd3a85f236d9416ca769a0ffeb8213a78e3a0ca4116b99a17bf5c99,2026-09-26,data/raw/pdf/product_qco/qco_14_qcos_for_chemical_products.pdf,
qco_amendment_in_the_pyridine_quality_control_order_2020,https://www.bis.gov.in/wp-content/uploads/2020/12/Amendment-in-the-Pyridine-Quality-Control-Order-2020.pdf,downloaded,1323921,8a881a604a05aadf9c0a9836a916a4289129b139b0ddb0bbf99279ad3d58a007,2026-09-26,data/raw/pdf/product_qco/qco_amendment_in_the_pyridine_quality_control_order_2020.pdf,
qco_pyridin_amendment_order,https://www.bis.gov.in/wp-content/uploads/2021/06/Pyridin-Amendment-Order.pdf,downloaded,1408902,381024c09191eeee859c10d0c1d4402db27c66a3064ceceb382d2065f91f0c63,2026-09-26,data/raw/pdf/product_qco/qco_pyridin_amendment_order.pdf,
qco_amendment_order_of_various_chemicals_dated_11_march_2022,https://www.bis.gov.in/wp-content/uploads/2022/03/Amendment-order-of-various-chemicals-dated-11-March-2022.pdf,downloaded,1672274,f24d7c966d117f081b8992dc84dc2d93562f706cd3d906502ac133cf2a5ca0ed,2026-09-26,data/raw/pdf/product_qco/qco_amendment_order_of_various_chemicals_dated_11_march_2022.pdf,
qco_dcpc_extn_of_06_chemicals,https://www.bis.gov.in/wp-content/uploads/2022/08/DCPC-extn-of-06-Chemicals.pdf,downloaded,1314342,cee62ce7c54db7bdfe157436d6be15a871b9f13aea32359b717d1b7c146c0a26,2026-09-26,data/raw/pdf/product_qco/qco_dcpc_extn_of_06_chemicals.pdf,
qco_beta_picoline_sodium_tripolyphosphate_and_pyridine_qco,https://www.bis.gov.in/wp-content/uploads/2024/03/Beta-Picoline-Sodium-Tripolyphosphate-and-Pyridine-QCO.pdf,downloaded,742480,88031c63f938b3eea58121b875b1db105a140172c1d086c0db434ac04ebe8947,2026-09-26,data/raw/pdf/product_qco/qco_beta_picoline_sodium_tripolyphosphate_and_pyridine_qco.pdf,
qco_beta_picoline_sodium_tripolyphosphate_pyridine_qco_amendment_orders,https://www.bis.gov.in/wp-content/uploads/2025/03/Beta-Picoline-Sodium-Tripolyphosphate-Pyridine-QCO-Amendment-Orders.pdf,downloaded,866256,ad6a4634d5576c2e1ca2bb11cb81553401c745eebdfe37211516f308170342fe,2026-09-26,data/raw/pdf/product_qco/qco_beta_picoline_sodium_tripolyphosphate_pyridine_qco_amendment_orders.pdf,
qco_pyridine_qco_2020_rescind_order,https://www.bis.gov.in/wp-content/uploads/2025/11/Pyridine-QCO-2020-Rescind-Order.pdf,downloaded,1382755,4b71050a6d48f7ab0e7c5e015a7ad9dffceacc9ce886ac146552a667f6cf84b8,2026-09-26,data/raw/pdf/product_qco/qco_pyridine_qco_2020_rescind_order.pdf,
qco_amendment_in_the_gamma_picoline_quality_control_order_2020,https://www.bis.gov.in/wp-content/uploads/2020/12/Amendment-in-the-Gamma-Picoline-Quality-Control-Order-2020.pdf,downloaded,1219321,f6384f6a15bcdcc4c1b395923045c8dc02e77bddb72a7cec7a41c175f16a7acf,2026-09-26,data/raw/pdf/product_qco/qco_amendment_in_the_gamma_picoline_quality_control_order_2020.pdf,
qco_gamma_picolin_amendment_order,https://www.bis.gov.in/wp-content/uploads/2021/06/Gamma-Picolin-Amendment-Order.pdf,downloaded,1291287,05560b7a6c3021fe442cf4dc1d949c635605070b9eed41a32a6a22fc7df93b2d,2026-09-26,data/raw/pdf/product_qco/qco_gamma_picolin_amendment_order.pdf,
qco_amendment_in_the_beta_picoline_quality_control_order_2020,https://www.bis.gov.in/wp-content/uploads/2020/12/Amendment-in-the-Beta-Picoline-Quality-Control-Order-2020.pdf,downloaded,998190,df027e251cd03217c09069d524b01e3f4941b430166572f1a3ffe561fb966925,2026-09-26,data/raw/pdf/product_qco/qco_amendment_in_the_beta_picoline_quality_control_order_2020.pdf,
qco_beta_picoline_amendment_order,https://www.bis.gov.in/wp-content/uploads/2021/06/Beta-Picoline-Amendment-Order.pdf,downloaded,1292238,4f7902d818bc2c9f63564aa13ad32e70b3223d5dc8b70334d5678b5b2bb2865a,2026-09-26,data/raw/pdf/product_qco/qco_beta_picoline_amendment_order.pdf,
qco_beta_picoline_qco_2020_rescind_order,https://www.bis.gov.in/wp-content/uploads/2025/11/Beta-Picoline-QCO-2020-Rescind-Order.pdf,downloaded,1382755,4b71050a6d48f7ab0e7c5e015a7ad9dffceacc9ce886ac146552a667f6cf84b8,2026-09-26,data/raw/pdf/product_qco/qco_beta_picoline_qco_2020_rescind_order.pdf,
qco_amendment_in_the_morpholine_quality_control_order_2020,https://www.bis.gov.in/wp-content/uploads/2021/06/Amendment-in-the-Morpholine-Quality-Control-Order-2020.pdf,downloaded,960075,d489ab1fc6d63652309acb3eee198bc3b0db0f2fd0011f644fd4667c8ce1a789,2026-09-26,data/raw/pdf/product_qco/qco_amendment_in_the_morpholine_quality_control_order_2020.pdf,
qco_morpholine_qco,https://www.bis.gov.in/wp-content/uploads/2024/08/Morpholine-QCO.pdf,downloaded,1567637,23bf86f8687ede4f8bdc76c9df44ba43bdadbeab312bf6cc2534ddac72fd2ddd,2026-09-26,data/raw/pdf/product_qco/qco_morpholine_qco.pdf,
qco_morpholine_qco_2024,https://www.bis.gov.in/wp-content/uploads/2024/11/Morpholine-QCO-2024.pdf,downloaded,460659,dde4d52a084aab859829d22478f31ffbccde6115d787b4edaaf81eff6466c6b1,2026-09-26,data/raw/pdf/product_qco/qco_morpholine_qco_2024.pdf,
qco_morpholine_quality_control_order_2020,https://www.bis.gov.in/wp-content/uploads/2026/04/Morpholine-Quality-Control-Order-2020.pdf,downloaded,1186529,40f0dffd6595ef9f98b6ed638fd72e6a4cdf9e916aafdaa7f1b5196f3cfc0c9e,2026-09-26,data/raw/pdf/product_qco/qco_morpholine_quality_control_order_2020.pdf,
qco_amendment_in_the_potassium_carbonate_quality_control_order_2020,https://www.bis.gov.in/wp-content/uploads/2020/12/Amendment-in-the-Potassium-Carbonate-Quality-Control-Order-2020.pdf,downloaded,1066119,9adae32ab0903104ab56117a2505cd19532e2b89bd0a8d6ccffa97d774950802,2026-09-26,data/raw/pdf/product_qco/qco_amendment_in_the_potassium_carbonate_quality_control_order_2020.pdf,
qco_potassium_carbonate_amendment_order,https://www.bis.gov.in/wp-content/uploads/2021/06/Potassium-Carbonate-Amendment-Order.pdf,downloaded,1409617,04509473c4fdc5650d25ef2c1a58345911b90096f8bae3c301b86967fae3d003,2026-09-26,data/raw/pdf/product_qco/qco_potassium_carbonate_amendment_order.pdf,
qco_acetone_extension,https://www.bis.gov.in/wp-content/uploads/2020/09/Acetone-Extension.pdf,downloaded,1550128,19034e168c707e35cfc0b937c4d85af0d8fa35134127f8034feb058ff8388608,2026-09-26,data/raw/pdf/product_qco/qco_acetone_extension.pdf,
qco_acetone_extension_2,https://www.bis.gov.in/wp-content/uploads/2021/03/Acetone-Extension-2.pdf,downloaded,1317728,3a1e66b561a03bc1944fc3d4a193837892f7d01ed9bd566d2fa6ec4dc84b8274,2026-09-26,data/raw/pdf/product_qco/qco_acetone_extension_2.pdf,
qco_amendment_in_the_acetone_quality_control_order_2020,https://www.bis.gov.in/wp-content/uploads/2021/09/Amendment-in-the-Acetone-Quality-Control-Order-2020.pdf,downloaded,1030184,efa15765c089649e65fe7974926fd30a9e3a4eaffe77c3cf41666546b7e02793,2026-09-26,data/raw/pdf/product_qco/qco_amendment_in_the_acetone_quality_control_order_2020.pdf,
qco_amendment_in_the_hydrogen_peroxide_quality_control_order_2020,https://www.bis.gov.in/wp-content/uploads/2020/12/Amendment-in-the-Hydrogen-Peroxide-Quality-Control-Order-2020.pdf,downloaded,998270,6c3ba4a6d4af42068b73e8e96d03575e84d0529f931e6cab931976ab55237ea6,2026-09-26,data/raw/pdf/product_qco/qco_amendment_in_the_hydrogen_peroxide_quality_control_order_2020.pdf,
qco_hydrogen_peroxide_amendment_order,https://www.bis.gov.in/wp-content/uploads/2021/06/Hydrogen-Peroxide-Amendment-Order.pdf,downloaded,1291336,3529d3bd9da79d8283743867f0d12b288794b6834eaa58ff88b24469f5666e12,2026-09-26,data/raw/pdf/product_qco/qco_hydrogen_peroxide_amendment_order.pdf,
qco_gazette_notification_of_hydrogen_peroxide_dated_24_08_2022,https://www.bis.gov.in/wp-content/uploads/2022/08/Gazette-Notification-of-Hydrogen-Peroxide-dated-24.08.2022.pdf,downloaded,1147591,7fc98fbe969f9f46ca245818813659fa89106a96a6f5e488324576c951c7e761,2026-09-26,data/raw/pdf/product_qco/qco_gazette_notification_of_hydrogen_peroxide_dated_24_08_2022.pdf,
qco_amendment_in_the_sodium_tripolyphosphate_quality_control_order_2020,https://www.bis.gov.in/wp-content/uploads/2020/12/Amendment-in-the-Sodium-Tripolyphosphate-Quality-Control-Order-2020.pdf,downloaded,1319923,32951c3515001a9e1bed47b22d1e875b91dba2ec1afd8557d585991946d7253a,2026-09-26,data/raw/pdf/product_qco/qco_amendment_in_the_sodium_tripolyphosphate_quality_control_order_2020.pdf,
qco_sodium_tripolyphosphate_amendment_order,https://www.bis.gov.in/wp-content/uploads/2021/06/Sodium-Tripolyphosphate-Amendment-Order.pdf,downloaded,1408012,198602016305361502fa8ecb49d46148bd616cc1ccbd3debc7a7103e83c4a710,2026-09-26,data/raw/pdf/product_qco/qco_sodium_tripolyphosphate_amendment_order.pdf,
qco_sodium_tripolyphosphate_qco_2020_rescind_order,https://www.bis.gov.in/wp-content/uploads/2025/11/Sodium-Tripolyphosphate-QCO-2020-Rescind-Order.pdf,downloaded,1382755,4b71050a6d48f7ab0e7c5e015a7ad9dffceacc9ce886ac146552a667f6cf84b8,2026-09-26,data/raw/pdf/product_qco/qco_sodium_tripolyphosphate_qco_2020_rescind_order.pdf,
qco_n_butyl_acrylate_qco,https://www.bis.gov.in/wp-content/uploads/2022/12/n-Butyl-Acrylate-QCO.pdf,downloaded,1602130,b2ec7b344119967d789769d741827a97063d8cf842c5b96410e159c3cb84d90e,2026-09-26,data/raw/pdf/product_qco/qco_n_butyl_acrylate_qco.pdf,
qco_amendment_orders_for_various_chemical_products,https://www.bis.gov.in/wp-content/uploads/2021/06/Amendment-Orders-for-various-chemical-Products.pdf,downloaded,1618717,b265a1c9e112149057331d2a0faf1b1250f10e082fd5441a638e6be577cc429d,2026-09-26,data/raw/pdf/product_qco/qco_amendment_orders_for_various_chemical_products.pdf,
qco_qco_extension_2_petrochemicals,https://www.bis.gov.in/wp-content/uploads/2023/06/QCO-Extension-2-petrochemicals.pdf,downloaded,997238,801da7be73ed8ed07e8aa7fde7f78eae0747cc2ca9600484b41f0e35ada5f7d7,2026-09-26,data/raw/pdf/product_qco/qco_qco_extension_2_petrochemicals.pdf,
qco_n_butyl_acrylate_quality_control_order_2021,https://www.bis.gov.in/wp-content/uploads/2026/04/n-Butyl-Acrylate-Quality-Control-Order-2021.pdf,downloaded,680329,2c39496f2ff4b443ea2c20c8b34da126f63196518e8cf28bffe2c5fb860000eb,2026-09-26,data/raw/pdf/product_qco/qco_n_butyl_acrylate_quality_control_order_2021.pdf,
qco_temporary_suspension_of_nbutyl_acrylate_quality_control_order,https://www.bis.gov.in/wp-content/uploads/2026/07/Temporary-suspension-of-nButyl-Acrylate-Quality-Control-Order.pdf,downloaded,1173340,ff991eae9d36ac67284395025ed16a285b761e8d6bf97fd51e91ceab9a115df0,2026-09-26,data/raw/pdf/product_qco/qco_temporary_suspension_of_nbutyl_acrylate_quality_control_order.pdf,
qco_qco_ether_dcpc,https://www.bis.gov.in/wp-content/uploads/2020/07/QCO-Ether-DCPC.pdf,downloaded,1674013,2cd8620adcc13f5f43c85c349310c320e8269ada569fc0d08d15a07b479e05b4,2026-09-26,data/raw/pdf/product_qco/qco_qco_ether_dcpc.pdf,
qco_qco_ethylene_glycol_dcpc,https://www.bis.gov.in/wp-content/uploads/2020/07/QCO-Ethylene-Glycol-DCPC.pdf,downloaded,1590022,1b7dddf4755e197380f250eac8e0fd86c4c53e4d7702fdd74892f95504ce7a81,2026-09-26,data/raw/pdf/product_qco/qco_qco_ethylene_glycol_dcpc.pdf,
qco_corrigendum_for_quality_control_order_for_ethylene_glycol2020_0,https://www.bis.gov.in/wp-content/uploads/2020/09/Corrigendum-for-Quality-Control-Order-for-Ethylene-Glycol2020_0.pdf,downloaded,897896,07382481c9e770a3f8f2eaaaf7607706babdbd0cd46fc618829ff6c6d4575c0a,2026-09-26,data/raw/pdf/product_qco/qco_corrigendum_for_quality_control_order_for_ethylene_glycol2020_0.pdf,
qco_ethylene_glycol_quality_control_amendment_order_2020,https://www.bis.gov.in/wp-content/uploads/2021/01/Ethylene-Glycol-Quality-Control-Amendment-Order-2020.pdf,downloaded,1232494,a1c40b539f1dc337aeef69df5a6a0021f1204fc11783f8ba4bbd5ba46c6c19e3,2026-09-26,data/raw/pdf/product_qco/qco_ethylene_glycol_quality_control_amendment_order_2020.pdf,
qco_ethylene_glycol_qco_extension_order28122022,https://www.bis.gov.in/wp-content/uploads/2023/01/Ethylene-glycol-QCO-extension-order28122022.pdf,downloaded,612852,852570f4c199000249d78c70e5c60bc7086a445ea720864521daba9b00ac83ff,2026-09-26,data/raw/pdf/product_qco/qco_ethylene_glycol_qco_extension_order28122022.pdf,
qco_extension_of_ethylene_glycol_qco23032023,https://www.bis.gov.in/wp-content/uploads/2023/03/Extension-of-Ethylene-Glycol-QCO23032023.pdf,downloaded,1361758,f965e5c5a1de713c996f9acc75aacaf52b547442f5cea1d496ddef5f670f7753,2026-09-26,data/raw/pdf/product_qco/qco_extension_of_ethylene_glycol_qco23032023.pdf,
qco_ethylene_glycol_rescind_order_2025,https://www.bis.gov.in/wp-content/uploads/2025/11/Ethylene-Glycol-Rescind-Order-2025.pdf,downloaded,619248,c4e867b150ea51c8fa42d5623d46bfde94b8324efbad16a604dceecba204fb49,2026-09-26,data/raw/pdf/product_qco/qco_ethylene_glycol_rescind_order_2025.pdf,
qco_toluene_qco,https://www.bis.gov.in/wp-content/uploads/2022/12/Toluene-QCO.pdf,downloaded,1672691,bef43b95e89e9bf0dc16973dd4875f117ac6918a9545db6701292598ab1c9c6a,2026-09-26,data/raw/pdf/product_qco/qco_toluene_qco.pdf,
qco_toluene,https://www.bis.gov.in/wp-content/uploads/2023/12/Toluene.pdf,downloaded,1131305,37fe67ac8ba18776ebdb76246a6eec15776ecc87188c99e26958d7fe294eb1e4,2026-09-26,data/raw/pdf/product_qco/qco_toluene.pdf,
qco_toluene_qco_2024,https://www.bis.gov.in/wp-content/uploads/2024/12/Toluene-QCO-2024.pdf,downloaded,1048284,54f47a0bd7392118c7b53b63c9fff1eede548051ac74c5bca1fc5b7f2d813b16,2026-09-26,data/raw/pdf/product_qco/qco_toluene_qco_2024.pdf,
qco_rescind_toluene_qco_2021,https://www.bis.gov.in/wp-content/uploads/2025/12/Rescind-Toluene-QCO-2021.pdf,downloaded,583621,0863c5fa9f9ac4f5d05b38e834e5418cb4bfb1a4b8cabfbbbab307f16dcb3781,2026-09-26,data/raw/pdf/product_qco/qco_rescind_toluene_qco_2021.pdf,
qco_terephthalic_acid_qco,https://www.bis.gov.in/wp-content/uploads/2022/12/Terephthalic-Acid-QCO.pdf,downloaded,1208227,0272a90de74ea1fa4c5aa0b649fc324816555fc74502a7c33659ff7e61e3a8fb,2026-09-26,data/raw/pdf/product_qco/qco_terephthalic_acid_qco.pdf,
qco_terephthalic_acid_rescid_order_2025,https://www.bis.gov.in/wp-content/uploads/2025/11/Terephthalic-Acid-Rescid-Order-2025.pdf,downloaded,619248,c4e867b150ea51c8fa42d5623d46bfde94b8324efbad16a604dceecba204fb49,2026-09-26,data/raw/pdf/product_qco/qco_terephthalic_acid_rescid_order_2025.pdf,
qco_methyl_ethyl_n_butyl_acrylate_qco,https://www.bis.gov.in/wp-content/uploads/2020/11/Methyl-Ethyl-n-Butyl-Acrylate-QCO.pdf,downloaded,592241,dd09a54e358d79643ec610e26dcf64c7b9b0d5ed6ac588a22798ada425e3ea09,2026-09-26,data/raw/pdf/product_qco/qco_methyl_ethyl_n_butyl_acrylate_qco.pdf,
qco_qco_for_ethyl_acrylate_methyl_acrylate_and_vinyl_acetate_monomer,https://www.bis.gov.in/wp-content/uploads/2022/01/QCO-for-ethyl-acrylate-methyl-acrylate-and-Vinyl-acetate-monomer.pdf,downloaded,1409161,ffb481be5c43a4b4a90da4a3f2a5aa3146ed2744f6d78d0f8efb0db6112e9938,2026-09-26,data/raw/pdf/product_qco/qco_qco_for_ethyl_acrylate_methyl_acrylate_and_vinyl_acetate_monomer.pdf,
qco_qco_extension_for_vinyl_acatate_monomer_methyl_acrylate_ethyl_acrylate,https://www.bis.gov.in/wp-content/uploads/2022/06/QCO-Extension-for-Vinyl-acatate-Monomer-Methyl-Acrylate-Ethyl-Acrylate.pdf,downloaded,1499263,5979c04663a2c167ffbf57511a2553e95d80c9fbe5c03339e3587a80853f4ddc,2026-09-26,data/raw/pdf/product_qco/qco_qco_extension_for_vinyl_acatate_monomer_methyl_acrylate_ethyl_acrylate.pdf,
qco_extension_in_date_of_implementation_of_03_petrochemicals,https://www.bis.gov.in/wp-content/uploads/2022/11/Extension-in-date-of-implementation-of-03-Petrochemicals.pdf,downloaded,1456591,756aea5c56b5a8f7d8fe29575ec548e39b2080129fc063310d6ea0cbfb7eed9b,2026-09-26,data/raw/pdf/product_qco/qco_extension_in_date_of_implementation_of_03_petrochemicals.pdf,
qco_vinyl_acetate_monomer_and_methyl_acrylate,https://www.bis.gov.in/wp-content/uploads/2024/01/Vinyl-Acetate-Monomer-and-Methyl-Acrylate.pdf,downloaded,1310031,005fd9f496aa3335ffa88a51e3adb5d62ad7bc47ab49e0ba81ecc357ec0fe3e5,2026-09-26,data/raw/pdf/product_qco/qco_vinyl_acetate_monomer_and_methyl_acrylate.pdf,
qco_vinyl_acetate_monomer_and_methyl_acrylate_ethyl_acrylate_quality_comtrol_orders,https://www.bis.gov.in/wp-content/uploads/2024/03/Vinyl-Acetate-Monomer-and-Methyl-Acrylate-Ethyl-Acrylate-Quality-Comtrol-Orders.pdf,downloaded,1273530,8f1151c6596d777ff83bccaa560d278d36a2d6ae4827b97bf38363d3dd3bd103,2026-09-26,data/raw/pdf/product_qco/qco_vinyl_acetate_monomer_and_methyl_acrylate_ethyl_acrylate_quality_comtrol_orders.pdf,
qco_methyl_acrylate_ethyl_acrylate_quality_control_amendment_order_2025,https://www.bis.gov.in/wp-content/uploads/2025/04/Methyl-Acrylate-Ethyl-Acrylate-Quality-Control-Amendment-Order-2025.pdf,downloaded,854164,7bcd9abe11e15c5f9030fc061fd475d37105f51ccfb76e0eea3dfa802a8beeab,2026-09-26,data/raw/pdf/product_qco/qco_methyl_acrylate_ethyl_acrylate_quality_control_amendment_order_2025.pdf,
qco_rescind_methyl_acrylate_ethyl_acrylate_qco_2021,https://www.bis.gov.in/wp-content/uploads/2025/12/Rescind-Methyl-Acrylate-Ethyl-Acrylate-QCO-2021.pdf,downloaded,583621,0863c5fa9f9ac4f5d05b38e834e5418cb4bfb1a4b8cabfbbbab307f16dcb3781,2026-09-26,data/raw/pdf/product_qco/qco_rescind_methyl_acrylate_ethyl_acrylate_qco_2021.pdf,
qco_vinyl_acetate_monomer,https://www.bis.gov.in/wp-content/uploads/2020/11/Vinyl-Acetate-Monomer.pdf,downloaded,570997,b686af0005671c495d6006bd77abd42ba73e47a82c87c31e0d1b656036b279f8,2026-09-26,data/raw/pdf/product_qco/qco_vinyl_acetate_monomer.pdf,
qco_vinyl_acetate_monomer_quality_control_amendment_order_2025,https://www.bis.gov.in/wp-content/uploads/2025/04/Vinyl-Acetate-Monomer-Quality-Control-Amendment-Order-2025.pdf,downloaded,854164,7bcd9abe11e15c5f9030fc061fd475d37105f51ccfb76e0eea3dfa802a8beeab,2026-09-26,data/raw/pdf/product_qco/qco_vinyl_acetate_monomer_quality_control_amendment_order_2025.pdf,
qco_rescind_vinyl_acetate_monomer_qco_2021,https://www.bis.gov.in/wp-content/uploads/2025/12/Rescind-Vinyl-Acetate-Monomer-QCO-2021.pdf,downloaded,583621,0863c5fa9f9ac4f5d05b38e834e5418cb4bfb1a4b8cabfbbbab307f16dcb3781,2026-09-26,data/raw/pdf/product_qco/qco_rescind_vinyl_acetate_monomer_qco_2021.pdf,
qco_styrine_qco,https://www.bis.gov.in/wp-content/uploads/2020/11/Styrine-QCO.pdf,downloaded,507047,d8ec77ebd1208419213ad36dfa3eca002b9b7445ec93c29d2a0cb85a080d694a,2026-09-26,data/raw/pdf/product_qco/qco_styrine_qco.pdf,
qco_qco_amendment_order_for_acrylonitrile_malaeic_anhydried_styrene_vinyl_benzene,https://www.bis.gov.in/wp-content/uploads/2022/03/QCO-amendment-order-for-Acrylonitrile-Malaeic-anhydried-Styrene-Vinyl-Benzene.pdf,downloaded,1292066,6f295d643bb434ca0a560fe232341423f0a497b19b7908f9fb7edbe98d6303d8,2026-09-26,data/raw/pdf/product_qco/qco_qco_amendment_order_for_acrylonitrile_malaeic_anhydried_styrene_vinyl_benzene.pdf,
qco_amended_quality_control_order_for_various_chemicals,https://www.bis.gov.in/wp-content/uploads/2022/04/Amended-Quality-Control-Order-for-various-chemicals.pdf,downloaded,1951737,fb27691704aa9de52682319179cb8a90d7c297fccf6505808bfaafe80a298fdf,2026-09-26,data/raw/pdf/product_qco/qco_amended_quality_control_order_for_various_chemicals.pdf,
qco_date_of_extn_of_qco_of_12_gazette_evapepolyester_yarnslab,https://www.bis.gov.in/wp-content/uploads/2022/10/Date-of-Extn.-of-QCO_of_12_gazette_EVAPEPolyester_yarnsLAB.pdf,downloaded,1760471,75d10ccae210e7d1b8fb41944b62d5afa2954c40a775207df31c87f8a0220234,2026-09-26,data/raw/pdf/product_qco/qco_date_of_extn_of_qco_of_12_gazette_evapepolyester_yarnslab.pdf,
qco_qco_extension_for_03_petrochemicals,https://www.bis.gov.in/wp-content/uploads/2023/04/QCO-Extension-for-03-Petrochemicals.pdf,downloaded,1718816,b7762de7da0935ea4d262ed31026fbb7918c5fe0dcfcac5fd7885f56821ca5f1,2026-09-26,data/raw/pdf/product_qco/qco_qco_extension_for_03_petrochemicals.pdf,
qco_amendment_order_of_4_dcpc_products,https://www.bis.gov.in/wp-content/uploads/2024/03/Amendment-order-of-4-DCPC-products.pdf,downloaded,766860,4cc48f238eac86a6c69fcb6a4124f2d24d8bee3531882ea25b39737835d12324,2026-09-26,data/raw/pdf/product_qco/qco_amendment_order_of_4_dcpc_products.pdf,
qco_quality_control_orders_for_maleic_anhydride_acrylonitrile_and_styrene_vinyl_benzene_amendment,https://www.bis.gov.in/wp-content/uploads/2024/10/Quality-Control-Orders-for-Maleic-Anhydride-Acrylonitrile-and-Styrene-Vinyl-Benzene-Amendment.pdf,downloaded,1791003,1d2a9744c63e67b9334691aecbde8d8481176dd14b50e050aed76a8804d0ba3b,2026-09-26,data/raw/pdf/product_qco/qco_quality_control_orders_for_maleic_anhydride_acrylonitrile_and_styrene_vinyl_benzene_amendment.pdf,
qco_rescind_order_of_styrene_vinyl_benzene_quality_control_order_2022,https://www.bis.gov.in/wp-content/uploads/2025/10/Rescind-Order-of-Styrene-Vinyl-Benzene-Quality-Control-Order-2022.pdf,downloaded,607964,4b2e947d45bbdcf17f68ae52dac9da493542e05e770c94a2cf00df0f5c9604bc,2026-09-26,data/raw/pdf/product_qco/qco_rescind_order_of_styrene_vinyl_benzene_quality_control_order_2022.pdf,
qco_maleic_anhydride_qco_1,https://www.bis.gov.in/wp-content/uploads/2020/11/Maleic-Anhydride-QCO-1.pdf,downloaded,672608,fca78820d0398441ea00d9672f53968ba4210749a320fd5e97bfc4ed1ac86409,2026-09-26,data/raw/pdf/product_qco/qco_maleic_anhydride_qco_1.pdf,
qco_maleic_anhydride_qco_amendment_01052023,https://www.bis.gov.in/wp-content/uploads/2023/05/Maleic-Anhydride-QCO-amendment-01052023.pdf,downloaded,521536,daaed05dbddf99a11c5088750c0c548ccecf7f8f1e01fc1d80bba43286f9f823,2026-09-26,data/raw/pdf/product_qco/qco_maleic_anhydride_qco_amendment_01052023.pdf,
qco_qco_amendment_by_dcpc,https://www.bis.gov.in/wp-content/uploads/2023/10/QCO-amendment-by-DCPC.pdf,downloaded,1420917,e5e0f2140743f041f3f5acbabff8cb9a3a6ee242001cae6451a3ec81956a7fc8,2026-09-26,data/raw/pdf/product_qco/qco_qco_amendment_by_dcpc.pdf,
qco_rescind_order_of_maleic_anhydride_quality_control_order_2022,https://www.bis.gov.in/wp-content/uploads/2025/10/Rescind-Order-of-Maleic-Anhydride-Quality-Control-Order-2022.pdf,downloaded,607964,4b2e947d45bbdcf17f68ae52dac9da493542e05e770c94a2cf00df0f5c9604bc,2026-09-26,data/raw/pdf/product_qco/qco_rescind_order_of_maleic_anhydride_quality_control_order_2022.pdf,
qco_acrylonitrile_qco_1,https://www.bis.gov.in/wp-content/uploads/2020/11/Acrylonitrile-QCO-1.pdf,downloaded,571739,f1e992d0b7402e7fbcb3e6631959d7f82470894a9d82be29facca9d5738889b4,2026-09-26,data/raw/pdf/product_qco/qco_acrylonitrile_qco_1.pdf,
qco_rescind_order_of_acrylonitrile_quality_control_order_2022,https://www.bis.gov.in/wp-content/uploads/2025/10/Rescind-Order-of-Acrylonitrile-Quality-Control-Order-2022.pdf,downloaded,607964,4b2e947d45bbdcf17f68ae52dac9da493542e05e770c94a2cf00df0f5c9604bc,2026-09-26,data/raw/pdf/product_qco/qco_rescind_order_of_acrylonitrile_quality_control_order_2022.pdf,
qco_100_percent_polyester_spun_grey_and_white_yarn_quality_control_order_2021,https://www.bis.gov.in/wp-content/uploads/2021/05/100-Percent-Polyester-Spun-Grey-and-White-Yarn-Quality-Control-Order-2021.pdf,downloaded,1215501,d7ddfc00792d0a164291a35d8a6b50cca7cfdea44fb63a4136c2fb7c370c7e16,2026-09-26,data/raw/pdf/product_qco/qco_100_percent_polyester_spun_grey_and_white_yarn_quality_control_order_2021.pdf,
qco_quality_control_orders_for_chemicals,https://www.bis.gov.in/wp-content/uploads/2021/10/Quality-Control-Orders-for-Chemicals.pdf,downloaded,1300053,5e5a018c35a0ca2b30f8572fa5c22283100f210e33bc83fb3dceac15daa4d6e6,2026-09-26,data/raw/pdf/product_qco/qco_quality_control_orders_for_chemicals.pdf,
qco_extension_order_of_06_petrochemicals_31032023,https://www.bis.gov.in/wp-content/uploads/2023/04/Extension-order-of-06-petrochemicals-31032023.pdf,downloaded,1864154,0125e39fa664ca1980fed17e0dc5414e5b2e113e89b3709ab84b928c286a890f,2026-09-26,data/raw/pdf/product_qco/qco_extension_order_of_06_petrochemicals_31032023.pdf,
qco_extension_of_polyester_yarn_qcos17072023,https://www.bis.gov.in/wp-content/uploads/2023/07/Extension-of-Polyester-Yarn-QCOs17072023.pdf,downloaded,1521064,7650c7e6b2fb0784ea9515bbf90ebf98535a7438b407a76139016acb67e4351c,2026-09-26,data/raw/pdf/product_qco/qco_extension_of_polyester_yarn_qcos17072023.pdf,
qco_100_percent_polyester_spun_grey_and_white_yarn_rescind_order_2025,https://www.bis.gov.in/wp-content/uploads/2025/11/100-Percent-Polyester-Spun-Grey-and-White-Yarn-Rescind-Order-2025.pdf,downloaded,619248,c4e867b150ea51c8fa42d5623d46bfde94b8324efbad16a604dceecba204fb49,2026-09-26,data/raw/pdf/product_qco/qco_100_percent_polyester_spun_grey_and_white_yarn_rescind_order_2025.pdf,
qco_polyester_qco,https://www.bis.gov.in/wp-content/uploads/2021/05/Polyester-QCO.pdf,downloaded,1360876,9bddb24c483a2241b1a6705fbc92bf8df41cb3a74b411fcc07a039551fce72d9,2026-09-26,data/raw/pdf/product_qco/qco_polyester_qco.pdf,
qco_polyester_continuous_filament_fully_drawn_yarn_qc_amendment_order_2024,https://www.bis.gov.in/wp-content/uploads/2024/07/Polyester-Continuous-Filament-Fully-Drawn-yarn-QC-Amendment-Order-2024.pdf,downloaded,1714817,11d7cb7d54d3d0a0d9c360c47140e1544eee1824c297caaf4bfaf87531385221,2026-09-26,data/raw/pdf/product_qco/qco_polyester_continuous_filament_fully_drawn_yarn_qc_amendment_order_2024.pdf,
qco_polyester_continuous_filament_fully_drawn_yarn_rescind_order_2025,https://www.bis.gov.in/wp-content/uploads/2025/11/Polyester-Continuous-Filament-Fully-Drawn-Yarn-Rescind-Order-2025.pdf,downloaded,619248,c4e867b150ea51c8fa42d5623d46bfde94b8324efbad16a604dceecba204fb49,2026-09-26,data/raw/pdf/product_qco/qco_polyester_continuous_filament_fully_drawn_yarn_rescind_order_2025.pdf,
qco_polyester_industrial_yarn_idy_rescind_order_2025,https://www.bis.gov.in/wp-content/uploads/2025/11/Polyester-Industrial-Yarn-IDY-Rescind-Order-2025.pdf,downloaded,619248,c4e867b150ea51c8fa42d5623d46bfde94b8324efbad16a604dceecba204fb49,2026-09-26,data/raw/pdf/product_qco/qco_polyester_industrial_yarn_idy_rescind_order_2025.pdf,
qco_polyester_partially_oriented_yarn_rescind_order_2025,https://www.bis.gov.in/wp-content/uploads/2025/11/Polyester-Partially-Oriented-Yarn-Rescind-Order-2025.pdf,downloaded,619248,c4e867b150ea51c8fa42d5623d46bfde94b8324efbad16a604dceecba204fb49,2026-09-26,data/raw/pdf/product_qco/qco_polyester_partially_oriented_yarn_rescind_order_2025.pdf,
qco_polyester_staple_fibre_qco_amendement_2023,https://www.bis.gov.in/wp-content/uploads/2023/08/Polyester-Staple-Fibre-QCO-Amendement-2023.pdf,downloaded,1209494,9d5debfed2803ea8ff3e44f3abff42ab528a390399c9c829774338464728d384,2026-09-26,data/raw/pdf/product_qco/qco_polyester_staple_fibre_qco_amendement_2023.pdf,
qco_polyester_staple_fibres_psf_rescind_order_2025,https://www.bis.gov.in/wp-content/uploads/2025/11/Polyester-Staple-Fibres-PSF-Rescind-Order-2025.pdf,downloaded,619248,c4e867b150ea51c8fa42d5623d46bfde94b8324efbad16a604dceecba204fb49,2026-09-26,data/raw/pdf/product_qco/qco_polyester_staple_fibres_psf_rescind_order_2025.pdf,
qco_polyethylene_material_for_moulding_and_extrusion,https://www.bis.gov.in/wp-content/uploads/2024/01/Polyethylene-Material-for-Moulding-and-Extrusion.pdf,downloaded,1167371,3473cccefe97ccd1b275c8d8cac25527b7d2e4e5490f2057a9f866dd441e93cb,2026-09-26,data/raw/pdf/product_qco/qco_polyethylene_material_for_moulding_and_extrusion.pdf,
qco_polyethylene_material_for_moulding_and_extrusion_quality_control_amendment_order_2025_pdf,https://www.bis.gov.in/wp-content/uploads/2025/06/Polyethylene-Material-for-Moulding-and-Extrusion-Quality-Control-Amendment-Order-2025.pdf.pdf,downloaded,1931357,6348c2a71342f48033bda5e937f4193eab5437c4d4b8fdbb85caf87cb57d4edf,2026-09-26,data/raw/pdf/product_qco/qco_polyethylene_material_for_moulding_and_extrusion_quality_control_amendment_order_2025_pdf.pdf,
qco_polyethylene_material_for_moulding_and_extrusion_rescind_order_2025,https://www.bis.gov.in/wp-content/uploads/2025/11/Polyethylene-Material-for-Moulding-and-Extrusion-Rescind-Order-2025.pdf,downloaded,619248,c4e867b150ea51c8fa42d5623d46bfde94b8324efbad16a604dceecba204fb49,2026-09-26,data/raw/pdf/product_qco/qco_polyethylene_material_for_moulding_and_extrusion_rescind_order_2025.pdf,
qco_styrene_butadiene_rubber_latex_quality_control_amendment_order_2024,https://www.bis.gov.in/wp-content/uploads/2024/09/Styrene-Butadiene-Rubber-Latex-Quality-Control-Amendment-Order-2024.pdf,downloaded,1945373,482b9fbb151a3d44041b5a24c8b4405799541023add953f6dbf301073c1a1ed2,2026-09-26,data/raw/pdf/product_qco/qco_styrene_butadiene_rubber_latex_quality_control_amendment_order_2024.pdf,
qco_linear_alkyl_benzene_qco,https://www.bis.gov.in/wp-content/uploads/2021/05/Linear-Alkyl-Benzene-QCO.pdf,downloaded,1450358,0464cedbf7502c6e23f6ca11d8423a24c95795dd0f0a94a93c4bb7230ef6d475,2026-09-26,data/raw/pdf/product_qco/qco_linear_alkyl_benzene_qco.pdf,
qco_linear_alkyl_benzene_quality_control_order_1,https://www.bis.gov.in/wp-content/uploads/2026/04/Linear-Alkyl-Benzene-Quality-Control-Order-1.pdf,downloaded,620705,992d27854ca801f0416e73c573747ac8748a76ec7271ff15ad6edf351577d7f6,2026-09-26,data/raw/pdf/product_qco/qco_linear_alkyl_benzene_quality_control_order_1.pdf,
qco_temporary_suspension_of_linear_alkyl_benzene_quality_control_order,https://www.bis.gov.in/wp-content/uploads/2026/06/Temporary-suspension-of-Linear-Alkyl-Benzene-Quality-Control-Order.pdf,downloaded,752582,d625909dce2f77b2b63a6446e5bd8b53d35320463de2fe81ff655202ce3d6e8e,2026-09-26,data/raw/pdf/product_qco/qco_temporary_suspension_of_linear_alkyl_benzene_quality_control_order.pdf,
qco_eva_coplymer_qco,https://www.bis.gov.in/wp-content/uploads/2021/05/EVA-Coplymer-QCO.pdf,downloaded,1185353,1b4f97fe150c52e61ecdccea5b5b5a15cadb81510e994283256749bd378973d7,2026-09-26,data/raw/pdf/product_qco/qco_eva_coplymer_qco.pdf,
qco_eva_qco_2024,https://www.bis.gov.in/wp-content/uploads/2024/10/EVA-QCO-2024.pdf,downloaded,2156916,49876ed90b961f263f66a3c64ee07caf7e25f3db072d1e3c75a83edd7659fae0,2026-09-26,data/raw/pdf/product_qco/qco_eva_qco_2024.pdf,
qco_ethylene_vinyl_acetate_copolymers_quality_control_amendment_order_2025,https://www.bis.gov.in/wp-content/uploads/2025/10/Ethylene-Vinyl-Acetate-Copolymers-Quality-Control-Amendment-Order-2025.pdf,downloaded,1096405,0db173c328c6785b0df1c2dba8764f4485e9da64a45d16d129d0651a97cef0b1,2026-09-26,data/raw/pdf/product_qco/qco_ethylene_vinyl_acetate_copolymers_quality_control_amendment_order_2025.pdf,
qco_ethylene_vinyl_acetate_eva_copolymers_rescind_order_2025,https://www.bis.gov.in/wp-content/uploads/2025/11/Ethylene-Vinyl-Acetate-EVA-Copolymers-Rescind-Order-2025.pdf,downloaded,619248,c4e867b150ea51c8fa42d5623d46bfde94b8324efbad16a604dceecba204fb49,2026-09-26,data/raw/pdf/product_qco/qco_ethylene_vinyl_acetate_eva_copolymers_rescind_order_2025.pdf,
qco_3_n_n_di_ethyl_aminophenol_quality_control_order_2021,https://www.bis.gov.in/wp-content/uploads/2021/07/3-N-N-Di-Ethyl-Aminophenol-Quality-Control-Order-2021.pdf,downloaded,1569680,2cb65cf352d49fd3f3b8c80698afe9422c87d99ae11a9da408df369bb8874572,2026-09-26,data/raw/pdf/product_qco/qco_3_n_n_di_ethyl_aminophenol_quality_control_order_2021.pdf,
qco_methylene_chloride_dichloromethane_quality_control_order_2021_1,https://www.bis.gov.in/wp-content/uploads/2021/07/Methylene-Chloride-Dichloromethane-Quality-Control-Order-2021-1.pdf,downloaded,1569680,2cb65cf352d49fd3f3b8c80698afe9422c87d99ae11a9da408df369bb8874572,2026-09-26,data/raw/pdf/product_qco/qco_methylene_chloride_dichloromethane_quality_control_order_2021_1.pdf,
qco_extension_of_methylene_chloride_and_ortho_phosphoric_acid,https://www.bis.gov.in/wp-content/uploads/2021/12/Extension-of-Methylene-Chloride-and-Ortho-Phosphoric-Acid.pdf,downloaded,1342433,0e2db9ed1806a3e41ae3c2de5bb37419f128af537200927d968bb99195bf4e20,2026-09-26,data/raw/pdf/product_qco/qco_extension_of_methylene_chloride_and_ortho_phosphoric_acid.pdf,
qco_extension_of_enforcement_date_of_3_qcos,https://www.bis.gov.in/wp-content/uploads/2022/05/Extension-of-enforcement-date-of-3-QCOs.pdf,downloaded,1249142,b8654e7e3d3fd201c4330aabea895b2a472f5b3f5f0037124e3d712aff63c14d,2026-09-26,data/raw/pdf/product_qco/qco_extension_of_enforcement_date_of_3_qcos.pdf,
qco_amendment_order_18112022,https://www.bis.gov.in/wp-content/uploads/2022/11/Amendment-order-18112022.pdf,downloaded,1002252,e036f25f7f64843cd65d254f455fc86deb7a3fff6409c13059f922f4408aa00e,2026-09-26,data/raw/pdf/product_qco/qco_amendment_order_18112022.pdf,
qco_gazette_notification_for_extension_of_qco_for_7_chemicals,https://www.bis.gov.in/wp-content/uploads/2023/04/Gazette_Notification_for_extension_of_QCO_for_7_Chemicals.pdf,downloaded,1910988,dd39cb8e97ffa56bef59fd6bf6c80e662bf0e340acb5d9299d7b22915750db46,2026-09-26,data/raw/pdf/product_qco/qco_gazette_notification_for_extension_of_qco_for_7_chemicals.pdf,
qco_red_phosphorus_quality_control_order_2021_1,https://www.bis.gov.in/wp-content/uploads/2021/07/Red-Phosphorus-Quality-Control-Order-2021-1.pdf,downloaded,1569680,2cb65cf352d49fd3f3b8c80698afe9422c87d99ae11a9da408df369bb8874572,2026-09-26,data/raw/pdf/product_qco/qco_red_phosphorus_quality_control_order_2021_1.pdf,
qco_chemical_products_quality_control_order_2021_3,https://www.bis.gov.in/wp-content/uploads/2021/10/Chemical-Products-Quality-Control-Order-2021-3.pdf,downloaded,1312703,89d430304e440e8cc4288ff8f58540af4b40bed483d8de1fcc3c7a29cb78c5a6,2026-09-26,data/raw/pdf/product_qco/qco_chemical_products_quality_control_order_2021_3.pdf,
qco_quality_control_order_for_abs_and_polyurethanes_amendment_compressed,https://www.bis.gov.in/wp-content/uploads/2022/02/Quality-control-order-for-ABS-and-Polyurethanes-amendment_compressed.pdf,downloaded,215008,74a934255140ad6a82b2bd80d98fc65d95e74cdccb94e78dd7f9b388ebb591d6,2026-09-26,data/raw/pdf/product_qco/qco_quality_control_order_for_abs_and_polyurethanes_amendment_compressed.pdf,
qco_amendment_order_of_various_chemicals_dated_10_march_2022,https://www.bis.gov.in/wp-content/uploads/2022/03/Amendment-order-of-various-chemicals-dated-10-March-2022.pdf,downloaded,558964,3d349c9872f9aa22a19b73ed5cbef18566c3a3ce3e0bf40fdfb18ec40d83c0b9,2026-09-26,data/raw/pdf/product_qco/qco_amendment_order_of_various_chemicals_dated_10_march_2022.pdf,
qco_extension_of_date_of_implementation_of_06_petrochemicals,https://www.bis.gov.in/wp-content/uploads/2022/09/Extension-of-Date-of-implementation-of-06-Petrochemicals.pdf,downloaded,1109614,6449bae93fe2750e1eb52775764a655903275d9b55f4741ddcc1065341eb088b,2026-09-26,data/raw/pdf/product_qco/qco_extension_of_date_of_implementation_of_06_petrochemicals.pdf,
qco_so_1121_1123_qco_extension_order_dcpc_10032023,https://www.bis.gov.in/wp-content/uploads/2023/03/SO_1121-1123_QCO-Extension-order-DCPC-10032023.pdf,downloaded,1283741,1eb6054c60b5e2c4f3872460f316b57acb4ed6644ad7e458f07817515719c8a8,2026-09-26,data/raw/pdf/product_qco/qco_so_1121_1123_qco_extension_order_dcpc_10032023.pdf,
qco_acrylonitrile_butadiene_styrene_abs_amendment_qco_2024,https://www.bis.gov.in/wp-content/uploads/2024/12/Acrylonitrile-Butadiene-Styrene-ABS-Amendment-QCO-2024.pdf,downloaded,1780316,f02bb50da30f75e50baa3a1a65cdc7d7444d533528ab1131ba992190c518e3b8,2026-09-26,data/raw/pdf/product_qco/qco_acrylonitrile_butadiene_styrene_abs_amendment_qco_2024.pdf,
qco_acrylonitrile_butadiene_styrene_abs_rescind_order_2025,https://www.bis.gov.in/wp-content/uploads/2025/11/Acrylonitrile-Butadiene-Styrene-ABS-Rescind-Order-2025.pdf,downloaded,619248,c4e867b150ea51c8fa42d5623d46bfde94b8324efbad16a604dceecba204fb49,2026-09-26,data/raw/pdf/product_qco/qco_acrylonitrile_butadiene_styrene_abs_rescind_order_2025.pdf,
qco_amendment_order_of_ethylene_dichloride_polycarbonatevinyl_chloride_monomer_p_xylene_and_polyurethanes,https://www.bis.gov.in/wp-content/uploads/2024/03/Amendment-order-of-Ethylene-Dichloride-PolycarbonateVinyl-Chloride-Monomer-P-Xylene-and-Polyurethanes.pdf,downloaded,806353,97f257e025585553eefe596659455232cbcdf415112ec5e6b3336b67e6f522f3,2026-09-26,data/raw/pdf/product_qco/qco_amendment_order_of_ethylene_dichloride_polycarbonatevinyl_chloride_monomer_p_xylene_and_polyurethanes.pdf,
qco_ethylene_dichloride_vinyl_chloride_monomer_qco,https://www.bis.gov.in/wp-content/uploads/2024/09/Ethylene-Dichloride-Vinyl-Chloride-Monomer-QCO.pdf,downloaded,1792864,7f92c141866117d8d9b5b38503c6e297030afc363ab22f97a6f3db44091092b8,2026-09-26,data/raw/pdf/product_qco/qco_ethylene_dichloride_vinyl_chloride_monomer_qco.pdf,
qco_ethylene_dichloride_vinyl_chloride_monomer_polycarbonate_qco_amendments,https://www.bis.gov.in/wp-content/uploads/2025/03/Ethylene-Dichloride-Vinyl-Chloride-Monomer-polycarbonate-QCO-Amendments.pdf,downloaded,880451,52c0de2156fcbb851042920a2d12f7e17de73cf2860dde237e34fbda3f3b26b6,2026-09-26,data/raw/pdf/product_qco/qco_ethylene_dichloride_vinyl_chloride_monomer_polycarbonate_qco_amendments.pdf,
qco_ethylene_dichloride_quality_control_amendment_order_2025,https://www.bis.gov.in/wp-content/uploads/2025/09/Ethylene-Dichloride-Quality-Control-Amendment-Order-2025.pdf,downloaded,545450,d6c42411ac434944f3022732fee921c6d8120769c856d78d9c6d73ff5ce520fc,2026-09-26,data/raw/pdf/product_qco/qco_ethylene_dichloride_quality_control_amendment_order_2025.pdf,
qco_rescind_ethylene_dichloride_qco_2021,https://www.bis.gov.in/wp-content/uploads/2025/12/Rescind-Ethylene-Dichloride-QCO-2021.pdf,downloaded,583621,0863c5fa9f9ac4f5d05b38e834e5418cb4bfb1a4b8cabfbbbab307f16dcb3781,2026-09-26,data/raw/pdf/product_qco/qco_rescind_ethylene_dichloride_qco_2021.pdf,
qco_qco_amendement_order_for_p_xylene_polyurethanes_1,https://www.bis.gov.in/wp-content/uploads/2022/03/QCO-Amendement-order-for-p-Xylene-Polyurethanes-1.pdf,downloaded,556986,3491c0cac6f99f84317491a948ce1bbc605b3b26d1aac64c26ef3d7c391726b2,2026-09-26,data/raw/pdf/product_qco/qco_qco_amendement_order_for_p_xylene_polyurethanes_1.pdf,
qco_244425,https://www.bis.gov.in/wp-content/uploads/2023/03/244425.pdf,downloaded,1397208,c152571d0158276db0b466d5feb1cdc037a4454eb498935dd5f374a9cbaf1420,2026-09-26,data/raw/pdf/product_qco/qco_244425.pdf,
qco_p_xylene_and_polyurethanes_qco_2024,https://www.bis.gov.in/wp-content/uploads/2024/09/p-Xylene-and-Polyurethanes-QCO-2024.pdf,downloaded,2067474,56b6dfab616c0783478a89229aa4a5b86bda2d930a8dc89cdf9f3fa57670af33,2026-09-26,data/raw/pdf/product_qco/qco_p_xylene_and_polyurethanes_qco_2024.pdf,
qco_p_xylene_polyurethanes_qco_amendment_2025,https://www.bis.gov.in/wp-content/uploads/2025/03/p-Xylene-Polyurethanes-QCO-Amendment-2025.pdf,downloaded,1912033,e352c123d928c6689696059adcc74bc8b1153603e0f2bbf689d494ca7a5984f5,2026-09-26,data/raw/pdf/product_qco/qco_p_xylene_polyurethanes_qco_amendment_2025.pdf,
qco_rescind_p_xylene_qco_2021,https://www.bis.gov.in/wp-content/uploads/2025/12/Rescind-p-Xylene-QCO-2021.pdf,downloaded,583621,0863c5fa9f9ac4f5d05b38e834e5418cb4bfb1a4b8cabfbbbab307f16dcb3781,2026-09-26,data/raw/pdf/product_qco/qco_rescind_p_xylene_qco_2021.pdf,
qco_polycarbonate_qco_2024,https://www.bis.gov.in/wp-content/uploads/2024/09/Polycarbonate-QCO-2024.pdf,downloaded,1741441,b734ca5738b688748a21026c2da6c741cc507b540939e5d649b22d8e3a7bb552,2026-09-26,data/raw/pdf/product_qco/qco_polycarbonate_qco_2024.pdf,
qco_polycarbonate_quality_control_amendment_order_2025,https://www.bis.gov.in/wp-content/uploads/2025/09/Polycarbonate-Quality-Control-Amendment-Order-2025.pdf,downloaded,631706,c569451775a2f471326596edde97dc66c9075377a7e0e13f0e7aada9a55bc71f,2026-09-26,data/raw/pdf/product_qco/qco_polycarbonate_quality_control_amendment_order_2025.pdf,
qco_polycarbonate_rescind_order_2025,https://www.bis.gov.in/wp-content/uploads/2025/11/Polycarbonate-Rescind-Order-2025.pdf,downloaded,619248,c4e867b150ea51c8fa42d5623d46bfde94b8324efbad16a604dceecba204fb49,2026-09-26,data/raw/pdf/product_qco/qco_polycarbonate_rescind_order_2025.pdf,
qco_polyurethanes_rescind_order_2025,https://www.bis.gov.in/wp-content/uploads/2025/11/Polyurethanes-Rescind-Order-2025.pdf,downloaded,619248,c4e867b150ea51c8fa42d5623d46bfde94b8324efbad16a604dceecba204fb49,2026-09-26,data/raw/pdf/product_qco/qco_polyurethanes_rescind_order_2025.pdf,
qco_amendment_order_25_february_2022_compressed_compressed_1,https://www.bis.gov.in/wp-content/uploads/2022/03/Amendment-order-25-February-2022-compressed_compressed-1.pdf,downloaded,258443,fc5fa00150f5e32b8fcef52ee382bf0f1fc7c6e75104513eca5c694a2bfc7ee3,2026-09-26,data/raw/pdf/product_qco/qco_amendment_order_25_february_2022_compressed_compressed_1.pdf,
qco_vinyl_chloride_monomer_quality_control_amendment_order_2025,https://www.bis.gov.in/wp-content/uploads/2025/09/Vinyl-Chloride-Monomer-Quality-Control-Amendment-Order-2025.pdf,downloaded,551884,26d7a46006f1c053dc3c670cb634cfc6388a051aee70f99e4cc20dc5386ec672,2026-09-26,data/raw/pdf/product_qco/qco_vinyl_chloride_monomer_quality_control_amendment_order_2025.pdf,
qco_rescind_vinyl_chloride_monomer_qco_2020,https://www.bis.gov.in/wp-content/uploads/2025/12/Rescind-Vinyl-Chloride-Monomer-QCO-2020.pdf,downloaded,583621,0863c5fa9f9ac4f5d05b38e834e5418cb4bfb1a4b8cabfbbbab307f16dcb3781,2026-09-26,data/raw/pdf/product_qco/qco_rescind_vinyl_chloride_monomer_qco_2020.pdf,
qco_notification_for_08_qcos_from_dcpc_27042022_47ded9,https://www.bis.gov.in/wp-content/uploads/2022/05/Notification-for-08-QCOs-from-DCPC-27042022.pdf,downloaded,1381703,408063c177a2fcacca2729f0f17cadb98f42fa1e4abbe234e054381685efa099,2026-09-26,data/raw/pdf/product_qco/qco_notification_for_08_qcos_from_dcpc_27042022_47ded9.pdf,
qco_notification_for_08_qcos_from_dcpc_27042022_4b4459,https://www.bis.gov.in/wp-content/uploads/2022/11/Notification-for-08-QCOs-from-DCPC-27042022.pdf,downloaded,1381703,408063c177a2fcacca2729f0f17cadb98f42fa1e4abbe234e054381685efa099,2026-09-26,data/raw/pdf/product_qco/qco_notification_for_08_qcos_from_dcpc_27042022_4b4459.pdf,
qco_extension_for_date_of_implementation_of_06_qcos,https://www.bis.gov.in/wp-content/uploads/2022/11/Extension-for-date-of-implementation-of-06-QCOs.pdf,downloaded,1015233,a37e4191c9083a044065cfba307433bf8cca7fa3b55790a12c0fec302444eb9f,2026-09-26,data/raw/pdf/product_qco/qco_extension_for_date_of_implementation_of_06_qcos.pdf,
qco_amendment_in_06_chemical_qco,https://www.bis.gov.in/wp-content/uploads/2023/10/Amendment-in-06-Chemical-QCO.pdf,downloaded,1728375,a19fb94f702210840ccbc6b7fdff8442099980df783e2f68d8c57d612091c5d4,2026-09-26,data/raw/pdf/product_qco/qco_amendment_in_06_chemical_qco.pdf,
qco_amendment_order_of_lauric_acid_acid_oil_palm_fatty_acid_rice_bran_fatty_acidcoconut_fatty_acid_and_hydrogenated_rice_bran_fatty_acids,https://www.bis.gov.in/wp-content/uploads/2024/03/Amendment-order-of-Lauric-acid-Acid-oil-Palm-fatty-acid-Rice-bran-fatty-acidCoconut-fatty-acid-and-Hydrogenated-rice-bran-fatty-acids.pdf,downloaded,766714,cea938355b3c2d5086b68f5bbf7d7bdc3741ab625ba905c1d8089d647984b3e8,2026-09-26,data/raw/pdf/product_qco/qco_amendment_order_of_lauric_acid_acid_oil_palm_fatty_acid_rice_bran_fatty_acidcoconut_fatty_acid_and_hydrogenated_rice_bran_fatty_acids.pdf,
qco_amendment_in_quality_control_order_of_06_chemicals,https://www.bis.gov.in/wp-content/uploads/2024/10/Amendment-in-Quality-Control-Order-of-06-Chemicals.pdf,downloaded,1796663,038d9c0fc48fb9c2179f38b792394702d5ecf5b23f17b59db798864c970e4699,2026-09-26,data/raw/pdf/product_qco/qco_amendment_in_quality_control_order_of_06_chemicals.pdf,
qco_lauric_acid_quality_control_amendment_order_2025,https://www.bis.gov.in/wp-content/uploads/2025/04/Lauric-Acid-Quality-Control-Amendment-Order-2025.pdf,downloaded,1625668,bf1fb066bbb2746c31cc48c1db4f844a327cac063f897a5ed9d56f809281813a,2026-09-26,data/raw/pdf/product_qco/qco_lauric_acid_quality_control_amendment_order_2025.pdf,
qco_rescind_order_of_lauric_acid_quality_control_order_2022,https://www.bis.gov.in/wp-content/uploads/2025/10/Rescind-Order-of-Lauric-Acid-Quality-Control-Order-2022.pdf,downloaded,562614,518998726e890d95719e08b742a2789228c91e2b866e580ad35332371fe97250,2026-09-26,data/raw/pdf/product_qco/qco_rescind_order_of_lauric_acid_quality_control_order_2022.pdf,
qco_acid_oil_quality_control_amendment_order_2025,https://www.bis.gov.in/wp-content/uploads/2025/04/Acid-Oil-Quality-Control-Amendment-Order-2025.pdf,downloaded,1625668,bf1fb066bbb2746c31cc48c1db4f844a327cac063f897a5ed9d56f809281813a,2026-09-26,data/raw/pdf/product_qco/qco_acid_oil_quality_control_amendment_order_2025.pdf,
qco_rescind_order_of_acid_oil_quality_control_order_2022,https://www.bis.gov.in/wp-content/uploads/2025/10/Rescind-Order-of-Acid-Oil-Quality-Control-Order-2022.pdf,downloaded,562614,518998726e890d95719e08b742a2789228c91e2b866e580ad35332371fe97250,2026-09-26,data/raw/pdf/product_qco/qco_rescind_order_of_acid_oil_quality_control_order_2022.pdf,
qco_palm_fatty_acids_quality_control_amendment_order_2025,https://www.bis.gov.in/wp-content/uploads/2025/04/Palm-Fatty-Acids-Quality-Control-Amendment-Order-2025.pdf,downloaded,1625668,bf1fb066bbb2746c31cc48c1db4f844a327cac063f897a5ed9d56f809281813a,2026-09-26,data/raw/pdf/product_qco/qco_palm_fatty_acids_quality_control_amendment_order_2025.pdf,
qco_rescind_order_of_palm_fatty_acids_quality_control_order_2022,https://www.bis.gov.in/wp-content/uploads/2025/10/Rescind-Order-of-Palm-Fatty-Acids-Quality-Control-Order-2022.pdf,downloaded,562614,518998726e890d95719e08b742a2789228c91e2b866e580ad35332371fe97250,2026-09-26,data/raw/pdf/product_qco/qco_rescind_order_of_palm_fatty_acids_quality_control_order_2022.pdf,
qco_rice_bran_fatty_acids_quality_control_amendment_order_2025,https://www.bis.gov.in/wp-content/uploads/2025/04/Rice-Bran-Fatty-Acids-Quality-Control-Amendment-Order-2025.pdf,downloaded,1625668,bf1fb066bbb2746c31cc48c1db4f844a327cac063f897a5ed9d56f809281813a,2026-09-26,data/raw/pdf/product_qco/qco_rice_bran_fatty_acids_quality_control_amendment_order_2025.pdf,
qco_rescind_order_of_rice_bran_fatty_acids_quality_control_order_2022,https://www.bis.gov.in/wp-content/uploads/2025/10/Rescind-Order-of-Rice-Bran-Fatty-Acids-Quality-Control-Order-2022.pdf,downloaded,562614,518998726e890d95719e08b742a2789228c91e2b866e580ad35332371fe97250,2026-09-26,data/raw/pdf/product_qco/qco_rescind_order_of_rice_bran_fatty_acids_quality_control_order_2022.pdf,
qco_coconut_fatty_acids_quality_control_amendment_order_2025,https://www.bis.gov.in/wp-content/uploads/2025/04/Coconut-Fatty-Acids-Quality-Control-Amendment-Order-2025.pdf,downloaded,1625668,bf1fb066bbb2746c31cc48c1db4f844a327cac063f897a5ed9d56f809281813a,2026-09-26,data/raw/pdf/product_qco/qco_coconut_fatty_acids_quality_control_amendment_order_2025.pdf,
qco_rescind_order_of_coconut_fatty_acids_quality_control_order_2022,https://www.bis.gov.in/wp-content/uploads/2025/10/Rescind-Order-of-Coconut-Fatty-Acids-Quality-Control-Order-2022.pdf,downloaded,562614,518998726e890d95719e08b742a2789228c91e2b866e580ad35332371fe97250,2026-09-26,data/raw/pdf/product_qco/qco_rescind_order_of_coconut_fatty_acids_quality_control_order_2022.pdf,
qco_hydrogenated_rice_bran_fatty_acids_quality_control_amendment_order_2025,https://www.bis.gov.in/wp-content/uploads/2025/04/Hydrogenated-Rice-Bran-Fatty-Acids-Quality-Control-Amendment-Order-2025.pdf,downloaded,1625668,bf1fb066bbb2746c31cc48c1db4f844a327cac063f897a5ed9d56f809281813a,2026-09-26,data/raw/pdf/product_qco/qco_hydrogenated_rice_bran_fatty_acids_quality_control_amendment_order_2025.pdf,
qco_rescind_order_of_hydrogenated_rice_bran_fatty_acids_quality_control_order_2022,https://www.bis.gov.in/wp-content/uploads/2025/10/Rescind-Order-of-Hydrogenated-Rice-Bran-Fatty-Acids-Quality-Control-Order-2022.pdf,downloaded,562614,518998726e890d95719e08b742a2789228c91e2b866e580ad35332371fe97250,2026-09-26,data/raw/pdf/product_qco/qco_rescind_order_of_hydrogenated_rice_bran_fatty_acids_quality_control_order_2022.pdf,
qco_qco_dated_10th_oct2018,https://www.bis.gov.in/MandatoryProducts/QCOrder/QCO_dated_10th_Oct2018.pdf,downloaded,1725413,12b6c2f30826488c0a8ee892ac05132ec2855aa8c32724e9a2bdd776aaeff482,2026-09-26,data/raw/pdf/product_qco/qco_qco_dated_10th_oct2018.pdf,
qco_air_conditioner_qco,https://www.bis.gov.in/wp-content/uploads/2019/12/Air-Conditioner-QCO.pdf,downloaded,324105,e165032e0b58d3103d14102d349285bc2b6a63afe8e7a7d7f18dc7f32e1f42e3,2026-09-26,data/raw/pdf/product_qco/qco_air_conditioner_qco.pdf,
qco_extension_notification_ac_qco,https://www.bis.gov.in/wp-content/uploads/2020/06/Extension-notification-AC-QCO.pdf,downloaded,867333,b833fc918ed43f557187e3bf1242af111d31a89bd69f8c3881916e2193374b01,2026-09-26,data/raw/pdf/product_qco/qco_extension_notification_ac_qco.pdf,
qco_air_conditioner_and_its_related_parts_hermetic_compressor_and_temperature_sensing_controls_quality_control_second_amendment_order_2020,https://www.bis.gov.in/wp-content/uploads/2020/12/Air-Conditioner-and-its-related-Parts-Hermetic-Compressor-and-Temperature-Sensing-Controls-Quality-Control-Second-Amendment-Order-2020.pdf,downloaded,1164364,f4e0b2b4329e638a557247ba7a3c04dcd37caed69d772bdfde3aef827a3c9a26,2026-09-26,data/raw/pdf/product_qco/qco_air_conditioner_and_its_related_parts_hermetic_compressor_and_temperature_sensing_controls_quality_control_second_amendment_order_2020.pdf,
qco_air_conditioner_qco_extension_order,https://www.bis.gov.in/wp-content/uploads/2023/01/Air-conditioner-QCO-extension-order.pdf,downloaded,979214,8538181eec43bb753a42a653b6c70c7d0cd864119a74e64fef7a72cee0d005bc,2026-09-26,data/raw/pdf/product_qco/qco_air_conditioner_qco_extension_order.pdf,
qco_extension_of_date_of_implementation_of_ac_qcopdf_1,https://www.bis.gov.in/wp-content/uploads/2022/12/Extension-of-Date-of-implementation-of-AC-QCOpdf-1.pdf,downloaded,1093139,305f35727b0e4683bf449d5ca9fb492eabbde47ae8f596fd0a0d1db7b89211be,2026-09-26,data/raw/pdf/product_qco/qco_extension_of_date_of_implementation_of_ac_qcopdf_1.pdf,
qco_air_conditioner_and_its_related_parts,https://www.bis.gov.in/wp-content/uploads/2024/01/Air-Conditioner-and-its-related-parts.pdf,downloaded,1446441,eb0f0923c8bffaf60ec173237a5c50dea50f0d8e7f5dbe9dd1ebb0c0588e33b7,2026-09-26,data/raw/pdf/product_qco/qco_air_conditioner_and_its_related_parts.pdf,
qco_air_conditioner_qco_amendment_order_2025,https://www.bis.gov.in/wp-content/uploads/2025/02/Air-Conditioner-QCO-Amendment-Order-2025.pdf,downloaded,2379545,67de8f8b0a081fecfa9c114e114f07db490ec89ddb1ecca9e7d724f24e018d78,2026-09-26,data/raw/pdf/product_qco/qco_air_conditioner_qco_amendment_order_2025.pdf,
qco_air_conditioner_and_its_related_parts_hermetic_compressor_and_temperature_sensing_controls_quality_control_amendment_order_2025,https://www.bis.gov.in/wp-content/uploads/2025/04/Air-Conditioner-and-its-related-Parts-Hermetic-Compressor-and-Temperature-Sensing-Controls-Quality-Control-Amendment-Order-2025.pdf,downloaded,814835,299c79918c375f4461876283757d2fa2537a81c7e9a4f1b1b484fd84f1e14690,2026-09-26,data/raw/pdf/product_qco/qco_air_conditioner_and_its_related_parts_hermetic_compressor_and_temperature_sensing_controls_quality_control_amendment_order_2025.pdf,
qco_air_conditioner_and_its_related_parts_hermetic_compressor_and_temperature_sensing_controls_quality_control_amendment_order_2025_1_1,https://www.bis.gov.in/wp-content/uploads/2026/04/Air-Conditioner-and-its-related-Parts-Hermetic-Compressor-and-Temperature-Sensing-Controls-Quality-Control-Amendment-Order-2025-1-1.pdf,downloaded,832471,e5d0a776b9a2e95e8f484b7de146c97b24bb12fde02c12d8bc0686fecdce3552,2026-09-26,data/raw/pdf/product_qco/qco_air_conditioner_and_its_related_parts_hermetic_compressor_and_temperature_sensing_controls_quality_control_amendment_order_2025_1_1.pdf,
qco_air_conditioner_and_its_related_parts_hermetic_compressor_and_temperature_sensing_controls_quality_control_amendment_order_2026_2,https://www.bis.gov.in/wp-content/uploads/2026/05/Air-Conditioner-and-its-related-Parts-Hermetic-Compressor-and-Temperature-Sensing-Controls-Quality-Control-Amendment-Order-2026-2.pdf,downloaded,734150,cbe130c6674ad8b010a9e4fbf581cd2c4e102282896f4f055619cba6bc9bb599,2026-09-26,data/raw/pdf/product_qco/qco_air_conditioner_and_its_related_parts_hermetic_compressor_and_temperature_sensing_controls_quality_control_amendment_order_2026_2.pdf,
qco_notification_of_transition_facilitation_quality_control_order_2026,https://www.bis.gov.in/wp-content/uploads/2026/06/Notification-of-Transition-Facilitation-Quality-Control-Order-2026.pdf,downloaded,783108,74747115815219db3f76e0a4efbed9316a531e9f73e2cf4a5af413657509c3ab,2026-09-26,data/raw/pdf/product_qco/qco_notification_of_transition_facilitation_quality_control_order_2026.pdf,
qco_plug_and_socket_qco,https://www.bis.gov.in/wp-content/uploads/2019/12/Plug-and-socket-QCO.pdf,downloaded,324690,75259ef8ced59c98b5b5c359c0842943f46f9f5200943906d263b42bb4eb6221,2026-09-26,data/raw/pdf/product_qco/qco_plug_and_socket_qco.pdf,
qco_extension_notification_plug_and_socket,https://www.bis.gov.in/wp-content/uploads/2020/06/Extension-Notification-Plug-and-Socket.pdf,downloaded,1005542,aed19c4cea1b01e03881526e1b9b1248e4e0a734bb5ea7503afb8c869043e840,2026-09-26,data/raw/pdf/product_qco/qco_extension_notification_plug_and_socket.pdf,
qco_plugs_and_socket_outlets_and_ac_direct_connected_static_prepayment_meters_for_active_energy_quality_control_order_2021,https://www.bis.gov.in/wp-content/uploads/2021/06/Plugs-and-Socket-Outlets-and-AC-Direct-Connected-Static-Prepayment-Meters-for-Active-Energy-Quality-Control-Order-2021.pdf,downloaded,1139419,76fbf646d5a6d7c4fb4d7fe57beaceabf7733a16a8995dd6731ee86d49e532ca,2026-09-26,data/raw/pdf/product_qco/qco_plugs_and_socket_outlets_and_ac_direct_connected_static_prepayment_meters_for_active_energy_quality_control_order_2021.pdf,
qco_qco_lpg_stoves,https://www.bis.gov.in/wp-content/uploads/2019/12/QCO-LPG-Stoves.pdf,downloaded,311307,fb8ad4affa4c4d0ca251adbab0e52555a9d1ba2d257c4b920def2ae8e36ae76c,2026-09-26,data/raw/pdf/product_qco/qco_qco_lpg_stoves.pdf,
qco_qco_on_transparent_float_glass,https://www.bis.gov.in/wp-content/uploads/2020/01/QCO-on-transparent-float-glass.pdf,downloaded,2024439,8587042e306b77002d6c4cc9196e16929dd38f9a5884811a5e6d31ce4d868079,2026-09-26,data/raw/pdf/product_qco/qco_qco_on_transparent_float_glass.pdf,
qco_extension_order_float_glass,https://www.bis.gov.in/wp-content/uploads/2020/07/Extension-Order-Float-Glass.pdf,downloaded,645679,29a4c44ab578d91b8e77bbafad15d79ac5759e6405c305fcea423423e80d7bbf,2026-09-26,data/raw/pdf/product_qco/qco_extension_order_float_glass.pdf,
qco_transparent_float_glass_quality_control_order_2021,https://www.bis.gov.in/wp-content/uploads/2021/06/Transparent-Float-Glass-Quality-Control-Order-2021.pdf,downloaded,1310197,a52c002cbd18a5a073b5e7659b56443f50669385cea9b444c9b8c707f349ddd8,2026-09-26,data/raw/pdf/product_qco/qco_transparent_float_glass_quality_control_order_2021.pdf,
qco_domestic_pressure_cooker_qco_2020_1,https://www.bis.gov.in/wp-content/uploads/2026/09/Domestic-Pressure-Cooker-QCO-2020-1.pdf,downloaded,765225,a2ebffaaa617f3e031504104904de18dd27606ff51335e35027f8138a6695480,2026-09-26,data/raw/pdf/product_qco/qco_domestic_pressure_cooker_qco_2020_1.pdf,
qco_extension_order_pressure_cooker,https://www.bis.gov.in/wp-content/uploads/2020/07/Extension-Order-Pressure-Cooker.pdf,downloaded,644192,bed0838e46269d0f6c55aee7a9da8d9f8220a79ceaca16c995c15656a9b5f691,2026-09-26,data/raw/pdf/product_qco/qco_extension_order_pressure_cooker.pdf,
qco_cables_28012020,https://www.bis.gov.in/wp-content/uploads/2020/01/Cables_28012020.pdf,downloaded,815023,b642d19c008594861b81843e9b136ee6fd358a23a570e9faf6838507f68acd14,2026-09-26,data/raw/pdf/product_qco/qco_cables_28012020.pdf,
qco_rubber_hose_lpg_qco,https://www.bis.gov.in/wp-content/uploads/2020/02/Rubber_Hose_LPG_QCO.pdf,downloaded,1040277,b4ba97f154c04a2dec63bacd32d6a4f88b721f4b4e2e207a4e5134321e347e31,2026-09-26,data/raw/pdf/product_qco/qco_rubber_hose_lpg_qco.pdf,
qco_aluminium_foil_qco,https://www.bis.gov.in/wp-content/uploads/2020/02/Aluminium_foil_QCO.pdf,downloaded,1138733,6687ec99739f0abde0d12b0bfcdcd75189f3419b7d19dffe481dd41841b722d7,2026-09-26,data/raw/pdf/product_qco/qco_aluminium_foil_qco.pdf,
qco_toy_qc_order,https://www.bis.gov.in/wp-content/uploads/2020/03/Toy_QC_order.pdf,downloaded,753487,96eefa64ed07b2b5a4c70c0562fc4e8635a7e38377e0d33e62458511df0c4ccb,2026-09-26,data/raw/pdf/product_qco/qco_toy_qc_order.pdf,
qco_toys_extension,https://www.bis.gov.in/wp-content/uploads/2020/09/Toys-Extension.pdf,downloaded,1520041,9741a78dc2e53c74c368e43bc7863cb19752d834ff69ce932cc89425f04c694f,2026-09-26,data/raw/pdf/product_qco/qco_toys_extension.pdf,
qco_toys_quality_control_second_amendment_order_2020,https://www.bis.gov.in/wp-content/uploads/2020/12/Toys-Quality-Control-Second-Amendment-Order-2020.pdf,downloaded,1697805,13f0f9a0dc9a7498653137e0e2481f89c357829ed89ae74434bf37bf308d5839,2026-09-26,data/raw/pdf/product_qco/qco_toys_quality_control_second_amendment_order_2020.pdf,
qco_toys_qco_2024,https://www.bis.gov.in/wp-content/uploads/2024/10/Toys-QCO-2024.pdf,downloaded,1769801,6b87d51085ea854f332cbeb53e715b9f8d6b87f390a9d2394020be3d52781ccf,2026-09-26,data/raw/pdf/product_qco/qco_toys_qco_2024.pdf,
qco_notification_of_transition_facilitation_quality_control_order_2026_1,https://www.bis.gov.in/wp-content/uploads/2026/07/Notification-of-Transition-Facilitation-Quality-Control-Order-2026-1.pdf,downloaded,783108,74747115815219db3f76e0a4efbed9316a531e9f73e2cf4a5af413657509c3ab,2026-09-26,data/raw/pdf/product_qco/qco_notification_of_transition_facilitation_quality_control_order_2026_1.pdf,
qco_flat_transparent_sheet_glass_qco,https://www.bis.gov.in/wp-content/uploads/2020/03/Flat-Transparent-Sheet-Glass-QCO.pdf,downloaded,1011905,a9d171587d9eb5ec34974dcc68d79ca9a05e537140c0aeab95e9fca337046b4d,2026-09-26,data/raw/pdf/product_qco/qco_flat_transparent_sheet_glass_qco.pdf,
qco_extension_order_sheet_glass,https://www.bis.gov.in/wp-content/uploads/2020/07/Extension-Order-Sheet-Glass.pdf,downloaded,573555,a85afa6d742fb95e0c95405bf34bd3a6244b0d318a56a1e641e525b978a02e20,2026-09-26,data/raw/pdf/product_qco/qco_extension_order_sheet_glass.pdf,
qco_flat_transparent_sheet_glass_quality_control_order_2021,https://www.bis.gov.in/wp-content/uploads/2021/10/Flat-Transparent-Sheet-Glass-Quality-Control-Order-2021.pdf,downloaded,1467746,4e42912d4aaba5bab3610a62977133042d5abfd2e1ee391883b014f028671ee0,2026-09-26,data/raw/pdf/product_qco/qco_flat_transparent_sheet_glass_quality_control_order_2021.pdf,
qco_safety_glass_qco,https://www.bis.gov.in/wp-content/uploads/2020/03/Safety-Glass-QCO.pdf,downloaded,1005722,2389d275d4e7e07f9ffae40971a999526f6f22322fd65792f4c9c03242dd101c,2026-09-26,data/raw/pdf/product_qco/qco_safety_glass_qco.pdf,
qco_extension_order_safety_glass,https://www.bis.gov.in/wp-content/uploads/2020/07/Extension-Order-Safety-Glass.pdf,downloaded,634500,5c602b89eb0769d2003d2c9af95bf1a083cbf186d96a4043a12b8e25f564d4ce,2026-09-26,data/raw/pdf/product_qco/qco_extension_order_safety_glass.pdf,
qco_safety_glass_amendment_order,https://www.bis.gov.in/wp-content/uploads/2020/09/Safety-Glass-Amendment-Order.pdf,downloaded,976489,a9d48d4ecaa3cf7248647f5f9a820d9dc2f771e3135cffa086209452cb27e78e,2026-09-26,data/raw/pdf/product_qco/qco_safety_glass_amendment_order.pdf,
qco_saftey_glass_extension,https://www.bis.gov.in/wp-content/uploads/2021/03/Saftey-Glass-extension.pdf,downloaded,1238001,c3a73ee6f5cf9b0539f6fa2caae0056eba17f41513ae6d1cb39ed18ba25696e8,2026-09-26,data/raw/pdf/product_qco/qco_saftey_glass_extension.pdf,
qco_extension_of_safety_glass_qco,https://www.bis.gov.in/wp-content/uploads/2022/02/Extension-of-Safety-glass-QCO.pdf,downloaded,74504,3440d48e73e10398bc26e614441998a9bde937ae0b4bf400283d10950cdb9165,2026-09-26,data/raw/pdf/product_qco/qco_extension_of_safety_glass_qco.pdf,
qco_safety_glass_qco_amendment,https://www.bis.gov.in/wp-content/uploads/2023/04/Safety-Glass-QCO-amendment.pdf,downloaded,1600707,29d70090b13da51cc502284223c4b353c3af6ab5e7b18afddd9ae701214ada6f,2026-09-26,data/raw/pdf/product_qco/qco_safety_glass_qco_amendment.pdf,
qco_woven_sacks_qco,https://www.bis.gov.in/wp-content/uploads/2020/05/Woven-Sacks-QCO.pdf,downloaded,1020586,b1695b067cfd2b69bc56241df3324366f980e17e4ac842b1adb001beb0ebe91b,2026-09-26,data/raw/pdf/product_qco/qco_woven_sacks_qco.pdf,
qco_butterfly_valve_qco,https://www.bis.gov.in/wp-content/uploads/2020/07/Butterfly-Valve-QCO.pdf,downloaded,1096115,1e7314217468e02783f50bb77e596707cdcccc9c36409ba02ced7e1e6a7fd840,2026-09-26,data/raw/pdf/product_qco/qco_butterfly_valve_qco.pdf,
qco_qco_coc_bycycle_dpiit,https://www.bis.gov.in/wp-content/uploads/2020/07/QCO-CoC-Bycycle-DPIIT.pdf,downloaded,1452525,d6d0836aac3794461104287b4303a3b6fd32c8c11473ad007493b0b9a9b135b9,2026-09-26,data/raw/pdf/product_qco/qco_qco_coc_bycycle_dpiit.pdf,
qco_bicycles_retro_reflective_devices_quality_control_order_2021,https://www.bis.gov.in/wp-content/uploads/2021/06/Bicycles-Retro-Reflective-Devices-Quality-Control-Order-2021.pdf,downloaded,1445990,424972695f96148120ea2e33a40e858b1ae1fed7b46039e0c1430b62669533f6,2026-09-26,data/raw/pdf/product_qco/qco_bicycles_retro_reflective_devices_quality_control_order_2021.pdf,
qco_bicycle,https://www.bis.gov.in/wp-content/uploads/2021/12/Bicycle.pdf,downloaded,983184,a31a50a24bcfd98062ff0efeb9bed2030698e5694385979dd5ce2d902de8b9dd,2026-09-26,data/raw/pdf/product_qco/qco_bicycle.pdf,
qco_extension_of_doi_of_bicycles_retro_reflective_devices_quality_control_order_2021,https://www.bis.gov.in/wp-content/uploads/2023/03/Extension-of-DOI-of-Bicycles-Retro-Reflective-Devices-Quality-Control-Order-2021.pdf,downloaded,1337489,c1d344d5ee51bfa983228a41c2afde0443a9a319414482c433930b168e9b3a72,2026-09-26,data/raw/pdf/product_qco/qco_extension_of_doi_of_bicycles_retro_reflective_devices_quality_control_order_2021.pdf,
qco_corrigndum_for_bicycyle_reflector_27032023,https://www.bis.gov.in/wp-content/uploads/2023/04/Corrigndum-for-Bicycyle-reflector-27032023.pdf,downloaded,518274,17edcdcede0c20ee5364ba256b90b8ea977d937cfe24609fdecfa2818d65bead,2026-09-26,data/raw/pdf/product_qco/qco_corrigndum_for_bicycyle_reflector_27032023.pdf,
qco_bicycles_retro_reflective_devices_quality_control_amendment_order_2024,https://www.bis.gov.in/wp-content/uploads/2024/10/Bicycles-Retro-Reflective-Devices-Quality-Control-Amendment-Order-2024.pdf,downloaded,1715881,bfc7b3532e15080d77c228378fabb21633564fde399a3ccc829b2270c96041e3,2026-09-26,data/raw/pdf/product_qco/qco_bicycles_retro_reflective_devices_quality_control_amendment_order_2024.pdf,
qco_qco_copier_paper_dpiit,https://www.bis.gov.in/wp-content/uploads/2020/07/QCO-Copier-paper-DPIIT.pdf,downloaded,1298036,5bfefd9cb76230a0b78d0b26440811b353032ee0907e4d449b02f13582a9bdbf,2026-09-26,data/raw/pdf/product_qco/qco_qco_copier_paper_dpiit.pdf,
qco_direction_meat_milk_feed_27_01_2020,https://www.bis.gov.in/wp-content/uploads/2020/07/Direction_Meat_Milk_Feed_27_01_2020.pdf,downloaded,255937,6c8d5c2fe6e02233c26f40826e04df364265365f8fa1b1d39114d46db5f4885f,2026-09-26,data/raw/pdf/product_qco/qco_direction_meat_milk_feed_27_01_2020.pdf,
qco_corrigendum_direction_meat_milk_feed_30_01_2020,https://www.bis.gov.in/wp-content/uploads/2020/07/Corrigendum_Direction_Meat_Milk_Feed_30_01_2020.pdf,downloaded,164159,ef8bc5e3a655f328ffa5009dffac17471b0077202971d115cfac5d2a31a45a00,2026-09-26,data/raw/pdf/product_qco/qco_corrigendum_direction_meat_milk_feed_30_01_2020.pdf,
qco_extension_timeline_feeds_24_07_20202_1,https://www.bis.gov.in/wp-content/uploads/2020/07/Extension_TimeLine_Feeds_24_07_20202-1.pdf,downloaded,436603,d4121e20343db52aae7898eac4e69fa88d2e048d2a63ffd3db76383638147aed,2026-09-26,data/raw/pdf/product_qco/qco_extension_timeline_feeds_24_07_20202_1.pdf,
qco_extension_of_time_line_for_compliance_dated_01_01_2021,https://www.bis.gov.in/wp-content/uploads/2021/01/Extension-of-time-line-for-compliance-dated-01.01.2021.pdf,downloaded,88105,eb51f4bb5ff699a5a537b6d0bcee4e9b9fcaa75b0cc8ec364d0ee3139f209de2,2026-09-26,data/raw/pdf/product_qco/qco_extension_of_time_line_for_compliance_dated_01_01_2021.pdf,
qco_extension_of_timeline_for_compliance_with_the_direction_dated_27th_jan_2020_issued_under_16_5_of_food_safety_and_standards_act_2006,https://www.bis.gov.in/wp-content/uploads/2021/08/Extension-of-timeline-for-compliance-with-the-direction-dated-27th-Jan.-2020-issued-under-16-5-of-Food-Safety-and-Standards-Act-2006.pdf,downloaded,504589,537df1613a6209ebcc07395be94d79c033617a990e5d0af76c5978e3b227d9d9,2026-09-26,data/raw/pdf/product_qco/qco_extension_of_timeline_for_compliance_with_the_direction_dated_27th_jan_2020_issued_under_16_5_of_food_safety_and_standards_act_2006.pdf,
qco_wheel_rim_qco,https://www.bis.gov.in/wp-content/uploads/2020/09/Wheel-Rim-QCO.pdf,downloaded,1486264,cff63c86f66badab0a79afc681f0e51b245106a42b192f92a7141f2e9ab7705d,2026-09-26,data/raw/pdf/product_qco/qco_wheel_rim_qco.pdf,
qco_automobile_wheel_rim_component_quality_control_amendment_order_2021,https://www.bis.gov.in/wp-content/uploads/2021/06/Automobile-Wheel-Rim-Component-Quality-Control-Amendment-Order-2021.pdf,downloaded,1427411,0d352bbc6894c9381d61d6f1222f028ba6260100a11756bfde58d9b5b5501677,2026-09-26,data/raw/pdf/product_qco/qco_automobile_wheel_rim_component_quality_control_amendment_order_2021.pdf,
qco_automobile_wheel_rim_component_quality_control_order_2020,https://www.bis.gov.in/wp-content/uploads/2021/12/Automobile-Wheel-Rim-Component-Quality-Control-Order-2020.pdf,downloaded,1292725,3b10b65112abe8513cca13acdee06eff3dec8165d78df140a674529ce804653a,2026-09-26,data/raw/pdf/product_qco/qco_automobile_wheel_rim_component_quality_control_order_2020.pdf,
qco_whell_rim_qco_amendment_2022,https://www.bis.gov.in/wp-content/uploads/2022/06/Whell-rim-QCO-amendment-2022.pdf,downloaded,1417514,a71fb910f14d4d0aa0fd8b2dbf9a911ff868268cd72d7eeb8f32bb858f3572a5,2026-09-26,data/raw/pdf/product_qco/qco_whell_rim_qco_amendment_2022.pdf,
qco_246575,https://www.bis.gov.in/wp-content/uploads/2023/06/246575.pdf,downloaded,1642706,e9d6f07c5b1bf16ab539314494147d5dd66a9c5dc87ceedb15f87f784b50f84b,2026-09-26,data/raw/pdf/product_qco/qco_246575.pdf,
qco_automobile_wheel_rim_component,https://www.bis.gov.in/wp-content/uploads/2023/12/Automobile-Wheel-Rim-Component.pdf,downloaded,1433690,a7cab2a7d3fb2d270c51d6aa539272460256183b45d5541c9aa6e0a253a3d1e9,2026-09-26,data/raw/pdf/product_qco/qco_automobile_wheel_rim_component.pdf,
qco_footwear_qualitycontrolorder_2020_29october2020,https://www.bis.gov.in/wp-content/uploads/2020/11/Footwear-QualityControlOrder-2020-29October2020.pdf,downloaded,1248458,6872c2a63c2faf7e45e5cd88a258bb00a13ed54e146465aec01ff2fc5c7de5bc,2026-09-26,data/raw/pdf/product_qco/qco_footwear_qualitycontrolorder_2020_29october2020.pdf,
qco_footwear_made_from_all_rubber_and_all_polymeric_material_and_its_components_quality_control_amendment_order_2020,https://www.bis.gov.in/wp-content/uploads/2020/12/Footwear-made-from-all-Rubber-and-all-Polymeric-material-and-its-components-Quality-Control-Amendment-Order-2020.pdf,downloaded,1259146,a31dbb7c0cfbe7c7654909f26364a5d8cce478d2955d608253242ef5518d1e53,2026-09-26,data/raw/pdf/product_qco/qco_footwear_made_from_all_rubber_and_all_polymeric_material_and_its_components_quality_control_amendment_order_2020.pdf,
qco_footwear_made_from_all_rubber_and_all_polymeric_material_and_its_components_quality_control_amendment_order_2021,https://www.bis.gov.in/wp-content/uploads/2021/07/Footwear-made-from-all-Rubber-and-all-Polymeric-material-and-its-components-Quality-Control-Amendment-Order-2021.pdf,downloaded,1400966,f27c7f696ab96926b3a2d54c50917dfd8c27de0a5e1f718c1bc70fb83303e28e,2026-09-26,data/raw/pdf/product_qco/qco_footwear_made_from_all_rubber_and_all_polymeric_material_and_its_components_quality_control_amendment_order_2021.pdf,
qco_rescind_order_for_footwear_made_from_all_rubber_all_polymeric_material_and_its_component_qco_2020,https://www.bis.gov.in/wp-content/uploads/2022/06/Rescind-order-for-Footwear-made-from-all-Rubber-all-Polymeric-material-and-its-component-QCO-2020.pdf,downloaded,1083631,cf30ce2431d29e3585c5a4557f9a24c071a7b00f59d06dbad4fba529016ef3f3,2026-09-26,data/raw/pdf/product_qco/qco_rescind_order_for_footwear_made_from_all_rubber_all_polymeric_material_and_its_component_qco_2020.pdf,
qco_leather_footwear_qco_2022,https://www.bis.gov.in/wp-content/uploads/2022/06/Leather-Footwear-QCO-2022.pdf,downloaded,1450979,eb11efea0c59fd79902d371b74eb9ceb976427d2eca97632b44e10bbdd4f567d,2026-09-26,data/raw/pdf/product_qco/qco_leather_footwear_qco_2022.pdf,
qco_footwear_made_from_all_rubber_and_all_polymeric_material_amend_qco_2022,https://www.bis.gov.in/wp-content/uploads/2022/11/Footwear-made-from-all-rubber-and-all-Polymeric-material-Amend.-QCO-2022.pdf,downloaded,1281862,24d5947b88ec04926ddb9d5e1ced7590bdede58fa9f7a438168137487216e185,2026-09-26,data/raw/pdf/product_qco/qco_footwear_made_from_all_rubber_and_all_polymeric_material_amend_qco_2022.pdf,
qco_gazette_notification,https://www.bis.gov.in/wp-content/uploads/2023/09/Gazette-Notification-.pdf,downloaded,706999,54072e2383a1471862e653d7e695dcbfd91f55afd576d562a617c33b591f99ed,2026-09-26,data/raw/pdf/product_qco/qco_gazette_notification.pdf,
qco_footwear_made_from_all_rubber_and_all_polymeric_materials_and_its_components_qco_2024,https://www.bis.gov.in/wp-content/uploads/2024/03/Footwear-made-from-All-Rubber-and-all-Polymeric-Materials-and-its-Components-QCO-2024.pdf,downloaded,1209155,641e75279b0c51f94d9c929e84e695922e3879551df0b919c23d5c31631c31e0,2026-09-26,data/raw/pdf/product_qco/qco_footwear_made_from_all_rubber_and_all_polymeric_materials_and_its_components_qco_2024.pdf,
qco_footwear_made_from_all_rubber_and_all_polymeric_material_and_its_qco,https://www.bis.gov.in/wp-content/uploads/2024/09/Footwear-made-from-All-Rubber-and-all-Polymeric-Material-and-its-QCO.pdf,downloaded,1823156,388015467b5a9d5bc4eebb55e24b0cb3ca11d58b167e881c4913ceb14476e9b4,2026-09-26,data/raw/pdf/product_qco/qco_footwear_made_from_all_rubber_and_all_polymeric_material_and_its_qco.pdf,
qco_goods_articles_exemption_order_against_import_order_3fcf18,https://www.bis.gov.in/wp-content/uploads/2026/03/Goods-Articles-Exemption-Order-against-Import-Order.pdf,downloaded,754328,3ecb3ddab158cb52a688a594dfff1f35648162c7dc254a04b6541547ac2a54dd,2026-09-26,data/raw/pdf/product_qco/qco_goods_articles_exemption_order_against_import_order_3fcf18.pdf,
qco_goods_articles_exemption_order_against_purchase_order_b5b2ff,https://www.bis.gov.in/wp-content/uploads/2026/03/Goods-Articles-Exemption-Order-against-Purchase-Order.pdf,downloaded,759685,7fe149e200869b5a3e0c4836c3be9584d2aa98ccd7cbc088e56b6f202ec35fd5,2026-09-26,data/raw/pdf/product_qco/qco_goods_articles_exemption_order_against_purchase_order_b5b2ff.pdf,
qco_footwear_made_from_all_rubber_and_all_polymeric_material_and_its_components_quality_control_amendment_order_2026,https://www.bis.gov.in/wp-content/uploads/2026/06/Footwear-made-from-All-Rubber-and-all-Polymeric-Material-and-its-Components-Quality-Control-Amendment-Order-2026.pdf,downloaded,1134211,60e96cdb0d024be3123c1ef406fa74312a5527f0468e3db1d38ec376be0d784d,2026-09-26,data/raw/pdf/product_qco/qco_footwear_made_from_all_rubber_and_all_polymeric_material_and_its_components_quality_control_amendment_order_2026.pdf,
qco_footwearleather_qualitycontrolorder_2020_29october2020,https://www.bis.gov.in/wp-content/uploads/2020/11/FootwearLeather-QualityControlOrder-2020-29October2020.pdf,downloaded,2140623,44769415d6a765574dba03c582fcec405f0483cdf01aef3d30f802a70c9a0896,2026-09-26,data/raw/pdf/product_qco/qco_footwearleather_qualitycontrolorder_2020_29october2020.pdf,
qco_footwear_made_from_leather_and_other_materials_quality_control_amendment_order_2020,https://www.bis.gov.in/wp-content/uploads/2020/12/Footwear-made-from-Leather-and-other-materials-Quality-Control-Amendment-Order-2020.pdf,downloaded,1326420,0e368b3a0cd924b69419c59bf1ab7d0ddae74f6fb6fa6dfcc2bf4f3a7cac75d9,2026-09-26,data/raw/pdf/product_qco/qco_footwear_made_from_leather_and_other_materials_quality_control_amendment_order_2020.pdf,
qco_footwear_made_from_leather_and_other_materials_quality_control_amendment_order_2021,https://www.bis.gov.in/wp-content/uploads/2021/07/Footwear-made-from-Leather-and-other-materials-Quality-Control-Amendment-Order-2021.pdf,downloaded,1192750,a1b883e26845303f85ac82632b26ad876464c80c93d38014ae4ed32e001308a3,2026-09-26,data/raw/pdf/product_qco/qco_footwear_made_from_leather_and_other_materials_quality_control_amendment_order_2021.pdf,
qco_rescind_order_for_footwear_made_from_leather_other_material_qco_2020,https://www.bis.gov.in/wp-content/uploads/2022/06/Rescind-order-for-Footwear-made-from-Leather-other-material-QCO-2020.pdf,downloaded,1106073,78f716dd0ab744b9d6b6d2f7e56f62f3dbdb7b21db7ebb674779390aa66c5b10,2026-09-26,data/raw/pdf/product_qco/qco_rescind_order_for_footwear_made_from_leather_other_material_qco_2020.pdf,
qco_rubber_polymeric_footwera_qco_2022,https://www.bis.gov.in/wp-content/uploads/2022/06/Rubber-Polymeric-Footwera-QCO-2022.pdf,downloaded,1448203,4e7860ebf7e692f574f8ed40b97c7da651c834150406ed9315d796e4011f51a6,2026-09-26,data/raw/pdf/product_qco/qco_rubber_polymeric_footwera_qco_2022.pdf,
qco_footwear_made_from_leather_and_other_materials_amend_qco_2022,https://www.bis.gov.in/wp-content/uploads/2022/11/Footwear-Made-from-Leather-and-other-Materials-amend.-QCO-2022.pdf,downloaded,1044150,ad063682b6937c276156347e686fc4afc2ab63ebdfc1963ecbd800eb9b016749,2026-09-26,data/raw/pdf/product_qco/qco_footwear_made_from_leather_and_other_materials_amend_qco_2022.pdf,
qco_footwear_made_from_leather_and_other_materials_qco_2024,https://www.bis.gov.in/wp-content/uploads/2024/03/Footwear-made-from-Leather-and-other-Materials-QCO-2024.pdf,downloaded,1193504,720694f0d2988e2f127c9d7d807d33f1fab55e40d43dc3fc810121d881b7bebd,2026-09-26,data/raw/pdf/product_qco/qco_footwear_made_from_leather_and_other_materials_qco_2024.pdf,
qco_footwear_made_from_leather_and_other_materials_qco,https://www.bis.gov.in/wp-content/uploads/2024/09/Footwear-made-from-Leather-and-other-Materials-QCO.pdf,downloaded,1819544,e0056551f195966d8db8d8750b30430dfad5e9eb5246ac3a8fc630dc530d4ae3,2026-09-26,data/raw/pdf/product_qco/qco_footwear_made_from_leather_and_other_materials_qco.pdf,
qco_footwear_made_from_leather_and_other_material_quality_control_amendment_order_2026,https://www.bis.gov.in/wp-content/uploads/2026/06/Footwear-made-from-Leather-and-other-Material-Quality-Control-Amendment-Order-2026.pdf,downloaded,1161595,905b16193ac61dc3bf0782dc9b703c035e6b06a1aef23fe054a6f5035bfc1d07,2026-09-26,data/raw/pdf/product_qco/qco_footwear_made_from_leather_and_other_material_quality_control_amendment_order_2026.pdf,
qco_personalprotective_footwearqualitycontrolorder2020_29october2020,https://www.bis.gov.in/wp-content/uploads/2020/11/PersonalProtective-FootwearQualityControlOrder2020-29October2020.pdf,downloaded,1207933,2ba81bdefe925155c549d939251eb4be0831f298d853918299a8896dba2c74b5,2026-09-26,data/raw/pdf/product_qco/qco_personalprotective_footwearqualitycontrolorder2020_29october2020.pdf,
qco_personal_protective_equipment_footwear_quality_control_amendment_order_2020,https://www.bis.gov.in/wp-content/uploads/2020/12/Personal-Protective-Equipment-Footwear-Quality-Control-Amendment-Order-2020.pdf,downloaded,1255042,46efb195c1d254afff8d6bd69776d4e6080afa79b42d99bbdbc8b37cb650b6fb,2026-09-26,data/raw/pdf/product_qco/qco_personal_protective_equipment_footwear_quality_control_amendment_order_2020.pdf,
qco_personal_protective_equipment_footwear_quality_control_amendment_order_2021,https://www.bis.gov.in/wp-content/uploads/2021/07/Personal-Protective-Equipment-Footwear-Quality-Control-Amendment-Order-2021.pdf,downloaded,1181304,9da239f0a45e83eac8a1f39e5e16a4fd4035acc203f1bec3bdebbc8ef23324fc,2026-09-26,data/raw/pdf/product_qco/qco_personal_protective_equipment_footwear_quality_control_amendment_order_2021.pdf,
qco_punch_qco,https://www.bis.gov.in/wp-content/uploads/2020/11/Punch-QCO.pdf,downloaded,1340726,d3bfd4ef36e5636713d6517c82b9c774651b0cb91a420fe95388a6952ed3ae5e,2026-09-26,data/raw/pdf/product_qco/qco_punch_qco.pdf,
qco_helmet_for_riders_of_two_wheeler_motor_vehicles_quality_control_order_2020,https://www.bis.gov.in/wp-content/uploads/2020/12/Helmet-for-riders-of-Two-Wheeler-Motor-Vehicles-Quality-Control-Order-2020.pdf,downloaded,1781361,8614946c78c257981c01496d644049dfabe4e66df11988bac635d6ca2375ce00,2026-09-26,data/raw/pdf/product_qco/qco_helmet_for_riders_of_two_wheeler_motor_vehicles_quality_control_order_2020.pdf,
qco_refrigerating_appliances_quality_control_order_2020,https://www.bis.gov.in/wp-content/uploads/2020/12/Refrigerating-Appliances-Quality-Control-Order-2020.pdf,downloaded,1530869,a20f2c0ac8f5889fc3927d0c7a4e34a3a533b5d1df4d0c35a461a808a63f5932,2026-09-26,data/raw/pdf/product_qco/qco_refrigerating_appliances_quality_control_order_2020.pdf,
qco_refrigerating_appliances_quality_control_amendemnt_order_2021,https://www.bis.gov.in/wp-content/uploads/2021/12/Refrigerating-Appliances-Quality-Control-Amendemnt-Order-2021.pdf,downloaded,1586314,4fb9431a8d242022ef4e7d67a6ad1012a38ecefcf0e74135b899d807b7962c21,2026-09-26,data/raw/pdf/product_qco/qco_refrigerating_appliances_quality_control_amendemnt_order_2021.pdf,
qco_e_gazette_notification,https://www.bis.gov.in/wp-content/uploads/2022/12/e-Gazette-notification.pdf,downloaded,1119718,9beb3b9e029413f39189fd29a8cd4cfe92b002b8b545cbc5f8610b3ada78733c,2026-09-26,data/raw/pdf/product_qco/qco_e_gazette_notification.pdf,
qco_refrigerating_appliances_qco_2025,https://www.bis.gov.in/wp-content/uploads/2025/01/Refrigerating-Appliances-QCO-2025.pdf,downloaded,616099,41875a5f7967615a1537e146cae6818275c28ee5e2a14dc70ec7851f51b593d5,2026-09-26,data/raw/pdf/product_qco/qco_refrigerating_appliances_qco_2025.pdf,
qco_centrifugally_cast_spun_iron_pipes_quality_control_order_2021,https://www.bis.gov.in/wp-content/uploads/2021/01/Centrifugally-Cast-Spun-Iron-Pipes-Quality-Control-Order-2021.pdf,downloaded,1378917,ddcb597a22d9005db2371c6048a7f5bf611612e48bd1ec29d81dc647aebcac5b,2026-09-26,data/raw/pdf/product_qco/qco_centrifugally_cast_spun_iron_pipes_quality_control_order_2021.pdf,
qco_flux_cored_tubular_electrodes_quality_control_order_2021,https://www.bis.gov.in/wp-content/uploads/2021/03/Flux-Cored-Tubular-Electrodes-Quality-Control-Order-2021.pdf,downloaded,1205441,2c6b8a837cfc9d3e467ac934268a44c05030b9fa6bdbe42698d9c712f28a2267,2026-09-26,data/raw/pdf/product_qco/qco_flux_cored_tubular_electrodes_quality_control_order_2021.pdf,
qco_household_zig_zag_sewing_machine,https://www.bis.gov.in/wp-content/uploads/2021/03/Household_Zig_Zag_Sewing_Machine.pdf,downloaded,1386846,a7d0a886a26f77be0170b1e93995dfd01370e1052e535430c22c020bad5dcc2c,2026-09-26,data/raw/pdf/product_qco/qco_household_zig_zag_sewing_machine.pdf,
qco_environment_protection_115_amendment_rules_2021,https://www.bis.gov.in/wp-content/uploads/2021/10/Environment-Protection-115-Amendment-Rules-2021.pdf,downloaded,1446581,ecac5910896cdaa54270e430ff8e5609e3d0361024bcb2c3d67304ee2b671489,2026-09-26,data/raw/pdf/product_qco/qco_environment_protection_115_amendment_rules_2021.pdf,
qco_water_purification_system_regulation_of_userules_2023_amendment,https://www.bis.gov.in/wp-content/uploads/2023/11/Water-purification-System-Regulation-of-UseRules-2023-Amendment.pdf,downloaded,764437,c52f8121c8eda82dcda09011bb9f196438d684fff2e9f3d7c82f7059de566df9,2026-09-26,data/raw/pdf/product_qco/qco_water_purification_system_regulation_of_userules_2023_amendment.pdf,
qco_jute_bags_quality_control_order_2022,https://www.bis.gov.in/wp-content/uploads/2026/05/Jute-Bags-Quality-Control-Order-2022.pdf,downloaded,930599,3467445a503d380b1a305a351f1e908be943f97a4c111c6773bea69d1e300112,2026-09-26,data/raw/pdf/product_qco/qco_jute_bags_quality_control_order_2022.pdf,
qco_viscose_staple_fibres_qco_2022,https://www.bis.gov.in/wp-content/uploads/2025/05/Viscose-Staple-Fibres-QCO-2022.pdf,downloaded,1109876,f50edbb4b4e184d4267077c624db179177852c88c366dea1cd03e3755567d2b9,2026-09-26,data/raw/pdf/product_qco/qco_viscose_staple_fibres_qco_2022.pdf,
qco_so_443_vsf_qco_extension_order27012023,https://www.bis.gov.in/wp-content/uploads/2023/03/SO_443_VSF-QCO-Extension-order27012023.pdf,downloaded,895743,b623109d3974296cc9c060dcaf319a4f781bb0feb420e9f169944bfcd16949ab,2026-09-26,data/raw/pdf/product_qco/qco_so_443_vsf_qco_extension_order27012023.pdf,
qco_viscose_staple_fibres_rescind_order_2025,https://www.bis.gov.in/wp-content/uploads/2025/11/Viscose-Staple-Fibres-Rescind-Order-2025.pdf,downloaded,433146,1108690be14f47af63406658e0eff78100cc0b45921836cfdd8409aa39993d01,2026-09-26,data/raw/pdf/product_qco/qco_viscose_staple_fibres_rescind_order_2025.pdf,
qco_geo_textiles_qco_1,https://www.bis.gov.in/wp-content/uploads/2023/04/Geo-textiles-QCO-1.pdf,downloaded,1129297,c79a2a52a15356ce47c4459d35a37d7a0e85aec16b937bf10b98aad69409fbf5,2026-09-26,data/raw/pdf/product_qco/qco_geo_textiles_qco_1.pdf,
qco_geo_textiles_quality_controlamendment_order_2023,https://www.bis.gov.in/wp-content/uploads/2023/10/Geo-Textiles-Quality-ControlAmendment-Order-2023.pdf,downloaded,1377299,070ec44da8170c5dd6ddd2298b4d02d4e49c2d054406e432fadcb6048e10c66f,2026-09-26,data/raw/pdf/product_qco/qco_geo_textiles_quality_controlamendment_order_2023.pdf,
qco_ministry_of_textiles_order_2023,https://www.bis.gov.in/wp-content/uploads/2023/10/Ministry-of-Textiles-Order-2023.pdf,downloaded,118376,434d4e9d3233d0d64b0a2130776ecb85fd9ea57dd968c7d311037aad0ae88398,2026-09-26,data/raw/pdf/product_qco/qco_ministry_of_textiles_order_2023.pdf,
qco_geotextiles_qco_2024_1,https://www.bis.gov.in/wp-content/uploads/2024/10/Geotextiles-QCO-2024-1.pdf,downloaded,1815405,423f3a6452f80604428b509e4016f3bd38e79d3b02e52caf1478788e407994f6,2026-09-26,data/raw/pdf/product_qco/qco_geotextiles_qco_2024_1.pdf,
qco_protective_textiles_qco_1,https://www.bis.gov.in/wp-content/uploads/2023/04/Protective-textiles-QCO-1.pdf,downloaded,1600368,468fec962a71a0b354ace42d060642069a10d69efd89ac95f2623e884a652875,2026-09-26,data/raw/pdf/product_qco/qco_protective_textiles_qco_1.pdf,
qco_protective_textiles_quality_controlamendment_order_2023,https://www.bis.gov.in/wp-content/uploads/2023/10/Protective-Textiles-Quality-ControlAmendment-Order-2023.pdf,downloaded,1662031,acd4978e354623b16ac6d4c8c3d50629ae5be5528166dd617092f8bd04add14f,2026-09-26,data/raw/pdf/product_qco/qco_protective_textiles_quality_controlamendment_order_2023.pdf,
qco_protective_textiles_qco_amendment_2024,https://www.bis.gov.in/wp-content/uploads/2024/09/Protective-Textiles-QCO-amendment-2024.pdf,downloaded,2141642,05f7d4f557eeceb70541f8877bd31f9bb3cdb7204daa3e64847488d6bef9f92d,2026-09-26,data/raw/pdf/product_qco/qco_protective_textiles_qco_amendment_2024.pdf,
qco_protextive_textiles_qc_upholstered_composites_used_fror_non_domestic_furniture_order_2024,https://www.bis.gov.in/wp-content/uploads/2024/09/Protextive-Textiles-QC-upholstered-Composites-used-fror-non-domestic-Furniture-Order-2024.pdf,downloaded,1786542,4a02cc395c2cbbdaef06230ad35e0601fa551e364d84280091bc0d8bde2173cf,2026-09-26,data/raw/pdf/product_qco/qco_protextive_textiles_qc_upholstered_composites_used_fror_non_domestic_furniture_order_2024.pdf,
qco_flame_producing_lighters_qco_2023_1,https://www.bis.gov.in/wp-content/uploads/2023/07/Flame-producing-Lighters-QCO-2023-1.pdf,failed,0,,2026-09-26,,"RemoteProtocolError: peer closed connection without sending complete message body (received 1033804 bytes, expected 1291406)"
qco_flame_producing_lighters_quality_control_amendment_order_2024,https://www.bis.gov.in/wp-content/uploads/2024/09/Flame-Producing-Lighters-Quality-Control-Amendment-Order-2024.pdf,downloaded,1761603,35cc647e4b066e51b28f3199957d53b3042cb3e71f8af8de672002f2347f5afa,2026-09-26,data/raw/pdf/product_qco/qco_flame_producing_lighters_quality_control_amendment_order_2024.pdf,
qco_amendments_in_quality_control_order,https://www.bis.gov.in/wp-content/uploads/2026/02/Amendments-in-Quality-Control-Order.pdf,downloaded,814698,28e19feb3ad8dcddefeb76c9e1031f62743d0410979d7a3721e3ec6cc63db6fc,2026-09-26,data/raw/pdf/product_qco/qco_amendments_in_quality_control_order.pdf,
qco_pottable_wtaer_bottles_qco_2023_1,https://www.bis.gov.in/wp-content/uploads/2023/07/Pottable-Wtaer-bottles-QCO-2023-1.pdf,downloaded,1301649,bfbd34c14f03737a1272aac7b4ad3db1edd9ba5f04be440021a7250867b19172,2026-09-26,data/raw/pdf/product_qco/qco_pottable_wtaer_bottles_qco_2023_1.pdf,
qco_potable_water_bottles_quality_controlorder_2024,https://www.bis.gov.in/wp-content/uploads/2024/03/Potable-Water-Bottles-Quality-ControlOrder-2024.pdf,downloaded,812510,6a8bed2280f0a9d2bd46834b65252c98f151bb413eac1d2e9724440a877c7fe5,2026-09-26,data/raw/pdf/product_qco/qco_potable_water_bottles_quality_controlorder_2024.pdf,
qco_potable_water_bottles_qco,https://www.bis.gov.in/wp-content/uploads/2024/09/Potable-Water-Bottles-QCO.pdf,downloaded,1789929,46a60b391ffb75b98ac01da4af4499c2eb3bc36e6efb91ee01b2ad58de19f7e1,2026-09-26,data/raw/pdf/product_qco/qco_potable_water_bottles_qco.pdf,
qco_welding_rod_electrode_qco,https://www.bis.gov.in/wp-content/uploads/2023/07/Welding-Rod-Electrode-QCO.pdf,downloaded,1081996,bb9888a0c4bbcb0b571c5d216e9f316724e6470c432157c712b0a2a7c8719586,2026-09-26,data/raw/pdf/product_qco/qco_welding_rod_electrode_qco.pdf,
qco_smart_meter_qco,https://www.bis.gov.in/wp-content/uploads/2023/07/Smart-Meter-QCO.pdf,downloaded,667320,1bd28aa23f552cd89e7ea4d4f651e747b6f01f4f28bc294396d04da8a7a00420,2026-09-26,data/raw/pdf/product_qco/qco_smart_meter_qco.pdf,
qco_insulated_flask_botles_and_containers_for_domestic_use_qco_2023,https://www.bis.gov.in/wp-content/uploads/2023/07/Insulated-Flask-Botles-and-Containers-for-Domestic-Use-QCO-2023.pdf,downloaded,1184797,07e77a91c3c7ce543b73ee3ce237842261765c9cb6c972ffdb79f6960a5f4552,2026-09-26,data/raw/pdf/product_qco/qco_insulated_flask_botles_and_containers_for_domestic_use_qco_2023.pdf,
qco_insulated_flask_bottles_and_containers_for_domestic_use_qco,https://www.bis.gov.in/wp-content/uploads/2024/03/Insulated-Flask-Bottles-and-Containers-for-Domestic-Use-QCO.pdf,downloaded,1314827,e5d460ee73987e4f99b5128cbc7db14c22148865d0335fe61cb9ea5e543b3b80,2026-09-26,data/raw/pdf/product_qco/qco_insulated_flask_bottles_and_containers_for_domestic_use_qco.pdf,
qco_insulated_flask_bottles_and_containers_for_domestic_use_qco_29,https://www.bis.gov.in/wp-content/uploads/2024/09/Insulated-Flask-Bottles-and-Containers-for-Domestic-Use-QCO-29.pdf,downloaded,2682952,ef5a9df71d379f51e0d3430265dd7c77dcd687dc10726a8c20de99b89ef2ffe3,2026-09-26,data/raw/pdf/product_qco/qco_insulated_flask_bottles_and_containers_for_domestic_use_qco_29.pdf,
qco_resin_treated_compressed_wood_laminates_qco_2023,https://www.bis.gov.in/wp-content/uploads/2023/07/Resin-treated-compressed-wood-laminates-QCO-2023.pdf,downloaded,1411241,585f0e72bd93bc662a433501cd857713dc02aef3e5c9bb635578396fe266a2b9,2026-09-26,data/raw/pdf/product_qco/qco_resin_treated_compressed_wood_laminates_qco_2023.pdf,
qco_resin_treated_compressed_wood_laminates_qco_2024,https://www.bis.gov.in/wp-content/uploads/2024/03/Resin-Treated-Compressed-Wood-Laminates-QCO-2024.pdf,downloaded,1390041,78927550cdefea4cf9503b4845762e421a53289412d9dd0f1bd5a077f2d53367,2026-09-26,data/raw/pdf/product_qco/qco_resin_treated_compressed_wood_laminates_qco_2024.pdf,
qco_goods_articles_exemption_order_against_import_order_2468af,https://www.bis.gov.in/wp-content/uploads/2026/02/Goods-Articles-Exemption-Order-against-Import-Order.pdf,downloaded,754328,3ecb3ddab158cb52a688a594dfff1f35648162c7dc254a04b6541547ac2a54dd,2026-09-26,data/raw/pdf/product_qco/qco_goods_articles_exemption_order_against_import_order_2468af.pdf,
qco_goods_articles_exemption_order_against_purchase_order_1d612d,https://www.bis.gov.in/wp-content/uploads/2026/02/Goods-Articles-Exemption-Order-against-Purchase-Order.pdf,downloaded,759685,7fe149e200869b5a3e0c4836c3be9584d2aa98ccd7cbc088e56b6f202ec35fd5,2026-09-26,data/raw/pdf/product_qco/qco_goods_articles_exemption_order_against_purchase_order_1d612d.pdf,
qco_the_bolts_nuts_fastners_qco_2023_1,https://www.bis.gov.in/wp-content/uploads/2023/07/The-Bolts-Nuts-Fastners-QCO-2023-1.pdf,downloaded,718494,53efc6b96dd08420384cc63bfacadb7bbe178204e39acdd8d51d09b960edeeb9,2026-09-26,data/raw/pdf/product_qco/qco_the_bolts_nuts_fastners_qco_2023_1.pdf,
qco_bolts_nuts_and_fateners_qco_2024,https://www.bis.gov.in/wp-content/uploads/2024/07/Bolts-Nuts-and-Fateners-QCO-2024.pdf,downloaded,1820533,cddceb145ffdce20d371631b98358a37806c5d27bccca6666454c8204a6e415e,2026-09-26,data/raw/pdf/product_qco/qco_bolts_nuts_and_fateners_qco_2024.pdf,
qco_cookwareand_utensils_qco_2023,https://www.bis.gov.in/wp-content/uploads/2023/08/Cookwareand-Utensils-QCO-2023.pdf,downloaded,607160,26a82d10635115406cec6ec3c9942a0cd88c1cc9b630b814fe019d5d04a10c14,2026-09-26,data/raw/pdf/product_qco/qco_cookwareand_utensils_qco_2023.pdf,
qco_cookware_utensils_and_cans_for_foods_and_beverages_qco_2024,https://www.bis.gov.in/wp-content/uploads/2024/03/Cookware-Utensils-and-cans-for-foods-and-beverages-QCO-2024.pdf,downloaded,1401867,6231ee9e5a419903b7ea62bf4d40a4f8a3c199077147669139dd310c41e746a3,2026-09-26,data/raw/pdf/product_qco/qco_cookware_utensils_and_cans_for_foods_and_beverages_qco_2024.pdf,
qco_cookware_utensils_and_cans_for_food_and_beverages_qco_2024,https://www.bis.gov.in/wp-content/uploads/2024/10/Cookware-Utensils-and-cans-for-food-and-beverages-QCO-2024.pdf,downloaded,1817596,d52166530b2594bae8afa80383a0926572551282ea2627a489a5e1ca06c68e99,2026-09-26,data/raw/pdf/product_qco/qco_cookware_utensils_and_cans_for_food_and_beverages_qco_2024.pdf,
qco_cookware_utensils_and_cans_for_food_and_beverages_qco_2024_1,https://www.bis.gov.in/wp-content/uploads/2024/10/Cookware-Utensils-and-cans-for-food-and-beverages-QCO-2024-1.pdf,downloaded,1817596,d52166530b2594bae8afa80383a0926572551282ea2627a489a5e1ca06c68e99,2026-09-26,data/raw/pdf/product_qco/qco_cookware_utensils_and_cans_for_food_and_beverages_qco_2024_1.pdf,
qco_cookware_utensils_and_cans_for_foods_and_baverages_qco_2025,https://www.bis.gov.in/wp-content/uploads/2025/08/Cookware-Utensils-and-Cans-for-Foods-and-Baverages-QCO-2025.pdf,downloaded,2002158,36d78abe9f5aedc14eb3e7bfa3eb8db2dcb130e0f98974ed35b0db8d3e968a65,2026-09-26,data/raw/pdf/product_qco/qco_cookware_utensils_and_cans_for_foods_and_baverages_qco_2025.pdf,
qco_cookware_utensils_and_cans_for_foods_and_beverages_quality_control_order_2026_0c8a39,https://www.bis.gov.in/wp-content/uploads/2026/01/Cookware-Utensils-and-Cans-for-Foods-and-Beverages-Quality-Control-Order-2026.pdf,downloaded,681522,556a3b3086e9bfdb7689727322d3970abba02bea7de1e8883e4be2c878def9f6,2026-09-26,data/raw/pdf/product_qco/qco_cookware_utensils_and_cans_for_foods_and_beverages_quality_control_order_2026_0c8a39.pdf,
qco_cookware_utensils_and_cans_for_foods_and_beverages_quality_control_order_2026_6f5030,https://www.bis.gov.in/wp-content/uploads/2026/04/Cookware-Utensils-and-Cans-for-Foods-and-Beverages-Quality-Control-Order-2026.pdf,downloaded,720042,278557a041dd4d2833e4a01472ffa105e08a4399484e41e0ff2cc8db8e9c1165,2026-09-26,data/raw/pdf/product_qco/qco_cookware_utensils_and_cans_for_foods_and_beverages_quality_control_order_2026_6f5030.pdf,
qco_domestic_gas_stoves_for_use_with_png_qco_2023,https://www.bis.gov.in/wp-content/uploads/2023/08/Domestic-Gas-Stoves-for-use-with-PNG-QCO-2023.pdf,downloaded,617402,12b7b9f644f4927a339228d1652d4bea5910eee55c80febd27e5cedad77cb609,2026-09-26,data/raw/pdf/product_qco/qco_domestic_gas_stoves_for_use_with_png_qco_2023.pdf,
qco_fire_extinguisher_qco_2023,https://www.bis.gov.in/wp-content/uploads/2023/08/Fire-Extinguisher-QCO-2023.pdf,downloaded,595128,26c63a06e6dc5e8a291474971ed2d837531d0f1f2d9e1b5fddf8414d4242f442,2026-09-26,data/raw/pdf/product_qco/qco_fire_extinguisher_qco_2023.pdf,
qco_electric_ceiling_type_fans_qco_2023,https://www.bis.gov.in/wp-content/uploads/2023/08/Electric-Ceiling-Type-Fans-QCO-2023.pdf,downloaded,1166415,a2894db53200efb16a2a2bd6e9d3d4ae1c1969ce3bc31072d383f36f9ca85352,2026-09-26,data/raw/pdf/product_qco/qco_electric_ceiling_type_fans_qco_2023.pdf,
qco_wood_based_board_qco_2023,https://www.bis.gov.in/wp-content/uploads/2023/08/Wood-based-Board-QCO-2023.pdf,downloaded,1469243,1f0b27878cedbf24e10c3aa5466de4188bd3267636eccf4855ddb2d9f01693fa,2026-09-26,data/raw/pdf/product_qco/qco_wood_based_board_qco_2023.pdf,
qco_extension_of_wood_based_products_qco,https://www.bis.gov.in/wp-content/uploads/2024/03/Extension-of-Wood-Based-Products-QCO.pdf,downloaded,1309312,dc032bc852395bbe6208101c582ac485a53367e185d14f4fbcc2f3a91827900c,2026-09-26,data/raw/pdf/product_qco/qco_extension_of_wood_based_products_qco.pdf,
qco_cast_iron_products_qco_2023,https://www.bis.gov.in/wp-content/uploads/2023/08/Cast-Iron-Products-QCO-2023.pdf,downloaded,678800,340f45093e07d1a4cc0eeba43bb0f51c2a1f834f448528811e2a100cee958ef8,2026-09-26,data/raw/pdf/product_qco/qco_cast_iron_products_qco_2023.pdf,
qco_cast_iron_products,https://www.bis.gov.in/wp-content/uploads/2024/06/Cast-Iron-Products.pdf,downloaded,1748874,e9bbe30695e43c3a5d869ddff410a2c8d10d9dbafba2866af4a9dad00951885a,2026-09-26,data/raw/pdf/product_qco/qco_cast_iron_products.pdf,
qco_solar_dc_cable_and_fire_survival_cable_qco_2023,https://www.bis.gov.in/wp-content/uploads/2023/08/Solar-DC-Cable-and-Fire-Survival-Cable-QCO-2023.pdf,downloaded,653979,0421ec860203d9b7c5bf2184f72ffe713d9033b11d42b0acec2bd664487ddd87,2026-09-26,data/raw/pdf/product_qco/qco_solar_dc_cable_and_fire_survival_cable_qco_2023.pdf,
qco_aluminium_aluminium_alloy_qco_2023,https://www.bis.gov.in/wp-content/uploads/2023/09/Aluminium-Aluminium-Alloy-QCO-2023.pdf,downloaded,1240697,b917be62a3e3de50786b2fd3eecfa0e99f3430441caf2412717886dfc744561d,2026-09-26,data/raw/pdf/product_qco/qco_aluminium_aluminium_alloy_qco_2023.pdf,
qco_aluminium_amended_qco_2023,https://www.bis.gov.in/wp-content/uploads/2023/12/Aluminium-Amended-QCO-2023.pdf,downloaded,1197728,75be3f45c5497c8d1fb363b00ff41e3cf9b2d4d51c3ef600e592999e6e0f32ef,2026-09-26,data/raw/pdf/product_qco/qco_aluminium_amended_qco_2023.pdf,
qco_al_and_al_alloys_qcoamendment2024,https://www.bis.gov.in/wp-content/uploads/2024/05/Al-and-Al-Alloys-QCOAmendment2024.pdf,downloaded,738122,651a8cddb65d86704218fce62aa80ea3ae202f504b72fec24ffe9801ef8bbdf5,2026-09-26,data/raw/pdf/product_qco/qco_al_and_al_alloys_qcoamendment2024.pdf,
qco_aluminium_and_aluminium_alloys_quality_control_order_2023_withdrawal_order,https://www.bis.gov.in/wp-content/uploads/2025/11/Aluminium-and-Aluminium-Alloys-Quality-Control-Order-2023-Withdrawal-Order.pdf,downloaded,439929,b80a8c75a043ec9723c38c3a43e1c8e0ad417cd8031f5867b6bd29a1739d7f13,2026-09-26,data/raw/pdf/product_qco/qco_aluminium_and_aluminium_alloys_quality_control_order_2023_withdrawal_order.pdf,
qco_copper_qco_2023,https://www.bis.gov.in/wp-content/uploads/2023/09/Copper-QCO-2023.pdf,downloaded,676000,b308763da851133e7ec6d9676cdf132d4082bfef2f3cfdb26809ed89ffee66f6,2026-09-26,data/raw/pdf/product_qco/qco_copper_qco_2023.pdf,
qco_copper_quality_control_amendment_order_2023,https://www.bis.gov.in/wp-content/uploads/2023/11/Copper-Quality-Control-Amendment-Order-2023.pdf,downloaded,921914,59cd6e2e3ffc701d32ff60bc141d1ed22148488fedb083cab55485f159c8cd4b,2026-09-26,data/raw/pdf/product_qco/qco_copper_quality_control_amendment_order_2023.pdf,
qco_copper_qcoamendment_2024,https://www.bis.gov.in/wp-content/uploads/2024/05/Copper-QCOAmendment-2024.pdf,downloaded,714819,672141c3e52309f50d387ce917498e89b7873b1b5be6881dccf910beb19da440,2026-09-26,data/raw/pdf/product_qco/qco_copper_qcoamendment_2024.pdf,
qco_copper_quality_control_order_2023_withdrawal_order,https://www.bis.gov.in/wp-content/uploads/2025/11/Copper-Quality-Control-Order-2023-Withdrawal-Order.pdf,downloaded,439470,ec73bba353ab69c375da77f56aa7a92ce34b13ddd2ea23c3cfebe4a8965dace5,2026-09-26,data/raw/pdf/product_qco/qco_copper_quality_control_order_2023_withdrawal_order.pdf,
qco_nickle_qco_2023,https://www.bis.gov.in/wp-content/uploads/2023/09/Nickle-QCO-2023.pdf,downloaded,655797,d01ff5988f22c893feb5a88ff61d29b893531ffa1ca08a2cba52224b417490bb,2026-09-26,data/raw/pdf/product_qco/qco_nickle_qco_2023.pdf,
qco_nickle_qco_amnd_order_2023,https://www.bis.gov.in/wp-content/uploads/2023/12/Nickle-QCO-Amnd-Order-2023.pdf,downloaded,1175777,00270cfe1784e95568982d07aab1f38dc96dd383460687fae0e7f071b696d44b,2026-09-26,data/raw/pdf/product_qco/qco_nickle_qco_amnd_order_2023.pdf,
qco_nickel_qco_amendment2024,https://www.bis.gov.in/wp-content/uploads/2024/05/Nickel-QCO-Amendment2024.pdf,downloaded,714463,3c247246856a2b1a3a9f92ab0ac38814e5b8de5d307d5a804c33c58dc81b05d7,2026-09-26,data/raw/pdf/product_qco/qco_nickel_qco_amendment2024.pdf,
qco_nickel_quality_control_order_2023_withdrawal_order,https://www.bis.gov.in/wp-content/uploads/2025/11/Nickel-Quality-Control-Order-2023-Withdrawal-Order.pdf,downloaded,440067,68ac4c8fc90776ad8e0a34a63ca0fc527735052cf74e8a6146726d04c52b510c,2026-09-26,data/raw/pdf/product_qco/qco_nickel_quality_control_order_2023_withdrawal_order.pdf,
qco_notified_plywood_and_wooden_flush_door_shutters_quality_control_order_2023_in_e_gazette,https://www.bis.gov.in/wp-content/uploads/2023/09/Notified-Plywood-and-Wooden-flush-door-shutters-Quality-Control-Order-2023-in-e-Gazette.pdf,downloaded,608214,a364a81c1cc768f34e6eaf1476c546b94b79f0fcdb37f65fee49158b60857829,2026-09-26,data/raw/pdf/product_qco/qco_notified_plywood_and_wooden_flush_door_shutters_quality_control_order_2023_in_e_gazette.pdf,
qco_plywood_and_wooden_flush_door_shutters_qco_2024,https://www.bis.gov.in/wp-content/uploads/2024/03/Plywood-and-Wooden-flush-door-shutters-QCO-2024.pdf,downloaded,1406679,cea77341311f56b92b4cdfff83da3e3449f2af1b8796ccbafc0ad5c148690df1,2026-09-26,data/raw/pdf/product_qco/qco_plywood_and_wooden_flush_door_shutters_qco_2024.pdf,
qco_qco_for_flux_cored_solder_wire_2023,https://www.bis.gov.in/wp-content/uploads/2023/09/QCO-for-Flux-Cored-Solder-Wire-2023.pdf,downloaded,1305249,1b2180272209344980e337b3b811a146f903ba1221776339124a9729e7a535f0,2026-09-26,data/raw/pdf/product_qco/qco_qco_for_flux_cored_solder_wire_2023.pdf,
qco_rescind_flux_cored_solder_wire_quality_control_order,https://www.bis.gov.in/wp-content/uploads/2026/01/Rescind-Flux-Cored-Solder-Wire-Quality-Control-Order.pdf,downloaded,500576,01126c8fc27ac7d2cb0b616b92f0d59ca056f4065f038d0b2a12a598ca25652b,2026-09-26,data/raw/pdf/product_qco/qco_rescind_flux_cored_solder_wire_quality_control_order.pdf,
qco_qco_for_miscellaneous_steel_products,https://www.bis.gov.in/wp-content/uploads/2023/10/QCO-for-Miscellaneous-Steel-Products.pdf,downloaded,1105542,49bb55dec3695eeba78fb5390e255d6dd6d2a179c9341096fa4526dcbfef65ec,2026-09-26,data/raw/pdf/product_qco/qco_qco_for_miscellaneous_steel_products.pdf,
qco_aluminum_and_aluminum_alloy_products_qco,https://www.bis.gov.in/wp-content/uploads/2023/10/Aluminum-and-Aluminum-alloy-products-QCO.pdf,downloaded,1177175,297a0efdac649564c5999c7eea1584b38ee1cd39ce9b987b06712702037d5f0e,2026-09-26,data/raw/pdf/product_qco/qco_aluminum_and_aluminum_alloy_products_qco.pdf,
qco_aluminum_and_aluminium_products_qc_amend_order_2024,https://www.bis.gov.in/wp-content/uploads/2024/03/Aluminum-and-Aluminium-Products-QC-Amend-Order-2024.pdf,downloaded,723409,0720ac708d46b07455b76ef28a3abc3044888b7113645b1da4b39be45ab34ce1,2026-09-26,data/raw/pdf/product_qco/qco_aluminum_and_aluminium_products_qc_amend_order_2024.pdf,
qco_al_and_al_alloys_qco_2024,https://www.bis.gov.in/wp-content/uploads/2024/10/Al-and-Al-Alloys-QCO-2024.pdf,downloaded,1821692,3dc432f4c03b140a1aa806c4a9ca2541b05b509ba8892f716f60e313e9917477,2026-09-26,data/raw/pdf/product_qco/qco_al_and_al_alloys_qco_2024.pdf,
qco_aluminum_and_aluminum_alloy_products_quality_control_order_2025,https://www.bis.gov.in/wp-content/uploads/2025/05/Aluminum-and-Aluminum-alloy-products-Quality-Control-Order-2025.pdf,failed,0,,2026-09-26,,"RemoteProtocolError: peer closed connection without sending complete message body (received 338804 bytes, expected 1970188)"
qco_corrigendum_80bd3b,https://www.bis.gov.in/wp-content/uploads/2025/06/Corrigendum-.pdf,downloaded,389712,5e10bec755851ff37af9a3e79d0baf7bd905469ac5768ae690040bfe1b8e668c,2026-09-26,data/raw/pdf/product_qco/qco_corrigendum_80bd3b.pdf,
qco_corrigendum_87cee8,https://www.bis.gov.in/wp-content/uploads/2026/02/corrigendum.pdf,downloaded,347722,5579ed2312f9360bee7c1193bf88cbcea07c834fa2c7cf18dcb5d53a1c3ad9d4,2026-09-26,data/raw/pdf/product_qco/qco_corrigendum_87cee8.pdf,
qco_aluminium_aluminium_alloy_products_quality_control_order_2026,https://www.bis.gov.in/wp-content/uploads/2026/03/Aluminium-Aluminium-Alloy-Products-Quality-Control-Order-2026.pdf,downloaded,776637,4979c5d33e8c42fb66aa1678adf8533aa472d0c7ea7edee89a6af5388902b05c,2026-09-26,data/raw/pdf/product_qco/qco_aluminium_aluminium_alloy_products_quality_control_order_2026.pdf,
qco_precision_roller_and_bush_chains_attachments_qco,https://www.bis.gov.in/wp-content/uploads/2023/10/Precision-Roller-and-Bush-Chains-attachments-QCO.pdf,downloaded,1441561,6409efd008c341ad0162ba4c1bc7dbc28b74d30429277762bd7f59273855ac32,2026-09-26,data/raw/pdf/product_qco/qco_precision_roller_and_bush_chains_attachments_qco.pdf,
qco_precision_roller_and_bush_chainsattachments_and_associated_chains_sprockets_qco_2024,https://www.bis.gov.in/wp-content/uploads/2024/06/Precision-Roller-and-Bush-ChainsAttachments-and-Associated-Chains-Sprockets-QCO-2024.pdf,downloaded,649693,67ad16ed2898d226b31dd22ef4a6e389f91e6faa1f558ebf4d8089a4677a9949,2026-09-26,data/raw/pdf/product_qco/qco_precision_roller_and_bush_chainsattachments_and_associated_chains_sprockets_qco_2024.pdf,
qco_drinking_water_cooler_qco,https://www.bis.gov.in/wp-content/uploads/2023/10/Drinking-Water-Cooler-QCO.pdf,downloaded,1065492,e467745ae00eb9069147f155ae437b548f411f5ec37048014d7ec6e9b87d8ff4,2026-09-26,data/raw/pdf/product_qco/qco_drinking_water_cooler_qco.pdf,
qco_self_contained_drinking_water_cooler_qco_2024,https://www.bis.gov.in/wp-content/uploads/2024/05/Self-Contained-Drinking-Water-Cooler-QCO-2024.pdf,downloaded,787450,4e6f6d534f513286f6a2c28de919a7ba1e2cb53b8816eb98c97860964a44962d,2026-09-26,data/raw/pdf/product_qco/qco_self_contained_drinking_water_cooler_qco_2024.pdf,
qco_medical_textiles_qco_2023,https://www.bis.gov.in/wp-content/uploads/2023/10/Medical-Textiles-QCO-2023.pdf,downloaded,1196495,83bec13efc1db1405911c0a4010329364a584cef744be1734aa7b4190bf172a5,2026-09-26,data/raw/pdf/product_qco/qco_medical_textiles_qco_2023.pdf,
qco_medical_textiles_quality_control_amendment_order_2024,https://www.bis.gov.in/wp-content/uploads/2024/03/Medical-Textiles-Quality-Control-Amendment-Order-2024.pdf,downloaded,764278,26fa1247af6b5c1b1f16077a43d6a0e6b032e5c888ef53722feaf6810a72e6d4,2026-09-26,data/raw/pdf/product_qco/qco_medical_textiles_quality_control_amendment_order_2024.pdf,
qco_medical_textiles_qco_2024,https://www.bis.gov.in/wp-content/uploads/2024/10/Medical-Textiles-QCO-2024.pdf,downloaded,1858767,ede68807b9fd2cfeaeac168a4f17f20a9e11bd48e56933b08f1fb5f166d409d3,2026-09-26,data/raw/pdf/product_qco/qco_medical_textiles_qco_2024.pdf,
qco_medical_textiles_quality_control_amendment_order_2025,https://www.bis.gov.in/wp-content/uploads/2025/01/Medical-Textiles-Quality-Control-Amendment-Order-2025.pdf,downloaded,2212146,ba1383f0b3ff877f9ff1386b3d3bee5fc34d6e7a448a4a24303fc39d374457f3,2026-09-26,data/raw/pdf/product_qco/qco_medical_textiles_quality_control_amendment_order_2025.pdf,
qco_medical_textiles_quality_control_second_amendment_order_2025,https://www.bis.gov.in/wp-content/uploads/2025/07/MEDICAL-TEXTILES-QUALITY-CONTROL-SECOND-AMENDMENT-ORDER-2025.pdf,downloaded,886824,27393fe4932cff92bda1619e7fb3bff80f6a60ebccd50c90a95516a8163bf654,2026-09-26,data/raw/pdf/product_qco/qco_medical_textiles_quality_control_second_amendment_order_2025.pdf,
qco_agro_textiles_qco_2023,https://www.bis.gov.in/wp-content/uploads/2023/10/Agro-Textiles-QCO-2023.pdf,downloaded,1389468,fefc1c877a20919c27024a45c9f84ed5ce5374ec4845f6bec4dd5f96e461a884,2026-09-26,data/raw/pdf/product_qco/qco_agro_textiles_qco_2023.pdf,
qco_agro_textiles,https://www.bis.gov.in/wp-content/uploads/2024/04/Agro-Textiles.pdf,downloaded,1219725,b4156bcf5117f9cd737e1cfac8cea9f31c24c450c3cb3c96b0210ba9e7e0a8ff,2026-09-26,data/raw/pdf/product_qco/qco_agro_textiles.pdf,
qco_copper_products_qco_2023,https://www.bis.gov.in/wp-content/uploads/2023/10/Copper-Products-QCO-2023.pdf,downloaded,690005,87f789fcf9e0fa0532cb57dac2a093dcc63fe0f64ca80632938b580f6e57b423,2026-09-26,data/raw/pdf/product_qco/qco_copper_products_qco_2023.pdf,
qco_copper_products_quality_control_2024,https://www.bis.gov.in/wp-content/uploads/2024/04/Copper-Products-Quality-Control-2024.pdf,downloaded,1305151,7394274b91d072eaeba7e66986a791c45ff239d26d2824b423ed81519462f0e6,2026-09-26,data/raw/pdf/product_qco/qco_copper_products_quality_control_2024.pdf,
qco_copper_product_quality_control_amendment_order_2025,https://www.bis.gov.in/wp-content/uploads/2025/02/Copper-Product-Quality-Control-Amendment-Order-2025.pdf,downloaded,2057696,2c7c691a44568682f17b2318f946c3585959f2921666ee40021a38aed222e9b4,2026-09-26,data/raw/pdf/product_qco/qco_copper_product_quality_control_amendment_order_2025.pdf,
qco_copper_product_quality_control_amendment_order_2026,https://www.bis.gov.in/wp-content/uploads/2026/07/Copper-product-quality-control-amendment-order-2026.pdf,downloaded,631162,861401e6f174897edeab7326a9860878b7feb0c1c827d3f686d9bfce58a3c660,2026-09-26,data/raw/pdf/product_qco/qco_copper_product_quality_control_amendment_order_2026.pdf,
qco_drums_tins_qco_2023,https://www.bis.gov.in/wp-content/uploads/2023/10/Drums-Tins-QCO-2023.pdf,downloaded,726742,7f96b432671c7d6a4246933ba2de3ea70534289e484ae86416dbef39dec89e1c,2026-09-26,data/raw/pdf/product_qco/qco_drums_tins_qco_2023.pdf,
qco_door_fittings_qco_2023,https://www.bis.gov.in/wp-content/uploads/2023/10/Door-Fittings-QCO-2023.pdf,downloaded,1426677,b23454ef60020a5c2bea63e475ef4625dba00465246756f134f2b1a3adb473b9,2026-09-26,data/raw/pdf/product_qco/qco_door_fittings_qco_2023.pdf,
qco_bottled_water_dispenser_qco_2023,https://www.bis.gov.in/wp-content/uploads/2023/10/Bottled-Water-Dispenser-QCO-2023.pdf,downloaded,1342690,4a1081edd29793d4ce96f1f2aeff384736a0a4bd63214fe28384da95ce94eed6,2026-09-26,data/raw/pdf/product_qco/qco_bottled_water_dispenser_qco_2023.pdf,
qco_bottled_water_dispensers_quality_controlorder2024,https://www.bis.gov.in/wp-content/uploads/2024/06/Bottled-Water-Dispensers-Quality-ControlOrder2024.pdf,downloaded,787499,0de950124713eb349ba05dd76f7c23ba105956198cb77d9cc4ca40f27fbdc89f,2026-09-26,data/raw/pdf/product_qco/qco_bottled_water_dispensers_quality_controlorder2024.pdf,
qco_helmet_for_police_force_civil_defence_personal_protection_qco_2023,https://www.bis.gov.in/wp-content/uploads/2023/10/Helmet-for-Police-Force-Civil-Defence-Personal-Protection-QCO-2023.pdf,downloaded,1318705,3a0abdaa91b05b1c563706bbaa56f06d9c9b953a59f8c0f8454e99c1b92f4ce3,2026-09-26,data/raw/pdf/product_qco/qco_helmet_for_police_force_civil_defence_personal_protection_qco_2023.pdf,
qco_steel_wires_or_strands_nylon_or_wire_ropes_qco_2023,https://www.bis.gov.in/wp-content/uploads/2023/11/Steel-Wires-or-Strands-Nylon-or-Wire-Ropes-QCO-2023.pdf,downloaded,1420995,fc484ea716bcd3e8c32614dc16239b6d00c1de1d958ecc83984c60c8fae99216,2026-09-26,data/raw/pdf/product_qco/qco_steel_wires_or_strands_nylon_or_wire_ropes_qco_2023.pdf,
qco_steel_wires_or_strands_nylon_or_wire_ropes_and_wire_mesh_qco_2024,https://www.bis.gov.in/wp-content/uploads/2024/07/Steel-Wires-or-Strands-Nylon-or-Wire-Ropes-and-wire-mesh-QCO-2024.pdf,downloaded,1196609,b73dd44dd9068f14cd1d0cdacba534e4decf5054eb38632fcead82da9db97dc7,2026-09-26,data/raw/pdf/product_qco/qco_steel_wires_or_strands_nylon_or_wire_ropes_and_wire_mesh_qco_2024.pdf,
qco_legal_metrology_material_measures_of_length_qco_2023,https://www.bis.gov.in/wp-content/uploads/2023/11/Legal-Metrology-Material-Measures-of-Length-QCO-2023.pdf,downloaded,1507223,378ff105dbb703d95414874ce15b16548ab5c4ad99061d1a39beb06b718ba743,2026-09-26,data/raw/pdf/product_qco/qco_legal_metrology_material_measures_of_length_qco_2023.pdf,
qco_polyethylene_woven_sacks_qco,https://www.bis.gov.in/wp-content/uploads/2023/12/Polyethylene-woven-Sacks-QCO.pdf,downloaded,1243997,30e6c2c126ff1c2df9fff81e0dffb0f02e80ce737662282c2b89fbd14f3e5775,2026-09-26,data/raw/pdf/product_qco/qco_polyethylene_woven_sacks_qco.pdf,
qco_textiles_high_density_polyethylene_hdpepolypropylenepp_woven_sacks_amendment_order2024,https://www.bis.gov.in/wp-content/uploads/2024/06/Textiles—High-Density-Polyethylene-HDPEPolypropylenePP-Woven-sacks-Amendment-Order2024.pdf,downloaded,1788033,8df89a659f0bfc168996888999068ab4c3abb73f8e66d0ff96e3483d81dc1ae0,2026-09-26,data/raw/pdf/product_qco/qco_textiles_high_density_polyethylene_hdpepolypropylenepp_woven_sacks_amendment_order2024.pdf,
qco_textiles_woven_sacks_qco,https://www.bis.gov.in/wp-content/uploads/2024/09/Textiles-Woven-sacks-QCO.pdf,downloaded,1809345,36a19faf0a1414bbe0d37aca5343186f0ac4c6e771e86e98c2fce12008ae5c64,2026-09-26,data/raw/pdf/product_qco/qco_textiles_woven_sacks_qco.pdf,
qco_3_different_types_of_woven_sacks_qco_2024,https://www.bis.gov.in/wp-content/uploads/2024/12/3-different-types-of-Woven-sacks-QCO-2024.pdf,downloaded,1879640,19103255ca8544dfaa6d9a3a9468623dbcd02f59910a9008a1992cb3d8282611,2026-09-26,data/raw/pdf/product_qco/qco_3_different_types_of_woven_sacks_qco_2024.pdf,
qco_textiles_polypropylene_pphigh_density_polyethylene_hdpe_laminated_woven_sacks_for_mail_sorting_storage_transport_and_distribution_quality_control_amendment_order_2025,https://www.bis.gov.in/wp-content/uploads/2025/06/Textiles-—-Polypropylene-PPHigh-Density-Polyethylene-HDPE-Laminated-Woven-Sacks-for-Mail-Sorting-Storage-Transport-and-Distribution-Quality-Control-Amendment-Order-2025.pdf,downloaded,701977,dbb3f1fb6b40388c326be02a70fb338457883670aa5c14b6a93d62e581f24a49,2026-09-26,data/raw/pdf/product_qco/qco_textiles_polypropylene_pphigh_density_polyethylene_hdpe_laminated_woven_sacks_for_mail_sorting_storage_transport_and_distribution_quality_control_amendment_order_2025.pdf,
qco_textiles_polypropylene_pp_woven_laminated_block_bottom_valve_sacks_for_packaging_50_kg_cement_quality_control_amendment_order_2025,https://www.bis.gov.in/wp-content/uploads/2025/09/Textiles-—Polypropylene-Pp-Woven-Laminated-Block-Bottom-Valve-Sacks-For-Packaging-50-Kg-Cement-Quality-Control-Amendment-Order-2025.pdf,downloaded,1361648,a2f9a6d0b40262ccbc41c344f5efa326eaa4879a7eae7553ec7322284e7e15c3,2026-09-26,data/raw/pdf/product_qco/qco_textiles_polypropylene_pp_woven_laminated_block_bottom_valve_sacks_for_packaging_50_kg_cement_quality_control_amendment_order_2025.pdf,
qco_textiles_high_density_polyethylene_hdpe_polypropylene_pp_woven_sacks_for_packaging_of_50_kg_cement_quality_control_amendment_order_2026,https://www.bis.gov.in/wp-content/uploads/2026/01/Textiles-High-Density-Polyethylene-HDPE-Polypropylene-PP-Woven-Sacks-for-Packaging-of-50-kg-Cement-Quality-Control-Amendment-Order-2026.pdf,downloaded,604124,7421ccddf203cd8649462a564b0b8d980fb0f3766c98e1bd261c74d3c9fa2dfd,2026-09-26,data/raw/pdf/product_qco/qco_textiles_high_density_polyethylene_hdpe_polypropylene_pp_woven_sacks_for_packaging_of_50_kg_cement_quality_control_amendment_order_2026.pdf,
qco_textiles_high_density_polyethylene_hdpe_polypropylene_pp_woven_sacks_for_packaging_of_50_kg_cement_quality_control_order_2025,https://www.bis.gov.in/wp-content/uploads/2025/06/Textiles-—-High-Density-Polyethylene-HDPE-Polypropylene-PP-Woven-Sacks-for-Packaging-of-50-kg-Cement-Quality-Control-Order-2025.pdf,downloaded,701977,dbb3f1fb6b40388c326be02a70fb338457883670aa5c14b6a93d62e581f24a49,2026-09-26,data/raw/pdf/product_qco/qco_textiles_high_density_polyethylene_hdpe_polypropylene_pp_woven_sacks_for_packaging_of_50_kg_cement_quality_control_order_2025.pdf,
qco_textiles_high_density_polyethylene_hdpe_polypropylene_pp_woven_sacks_for_packaging_of_50_kg_cement_quality_control_amendment_order_2025,https://www.bis.gov.in/wp-content/uploads/2025/09/Textiles-High-Density-Polyethylene-Hdpe-Polypropylene-Pp-Woven-Sacks-For-Packaging-Of-50-Kg-Cement-Quality-Control-Amendment-Order-2025.pdf,downloaded,1361648,a2f9a6d0b40262ccbc41c344f5efa326eaa4879a7eae7553ec7322284e7e15c3,2026-09-26,data/raw/pdf/product_qco/qco_textiles_high_density_polyethylene_hdpe_polypropylene_pp_woven_sacks_for_packaging_of_50_kg_cement_quality_control_amendment_order_2025.pdf,
qco_textiles_polypropylene_pp_woven_laminated_block_bottom_valve_sacks_for_packaging_50_kg_cement_quality_control_amendment_order_2026,https://www.bis.gov.in/wp-content/uploads/2026/01/Textiles-Polypropylene-PP-Woven-Laminated-Block-Bottom-Valve-Sacks-for-Packaging-50-kg-Cement-Quality-Control-Amendment-Order-2026.pdf,downloaded,604124,7421ccddf203cd8649462a564b0b8d980fb0f3766c98e1bd261c74d3c9fa2dfd,2026-09-26,data/raw/pdf/product_qco/qco_textiles_polypropylene_pp_woven_laminated_block_bottom_valve_sacks_for_packaging_50_kg_cement_quality_control_amendment_order_2026.pdf,
qco_textiles_polypropylene_pp_woven_laminated_block_bottom_valve_sacks_for_packaging_of_50_kg_cement_quality_control_order_2025,https://www.bis.gov.in/wp-content/uploads/2025/06/Textiles-—-Polypropylene-PP-Woven-Laminated-Block-Bottom-Valve-Sacks-for-Packaging-of-50-kg-Cement-Quality-Control-Order-2025.pdf,downloaded,701977,dbb3f1fb6b40388c326be02a70fb338457883670aa5c14b6a93d62e581f24a49,2026-09-26,data/raw/pdf/product_qco/qco_textiles_polypropylene_pp_woven_laminated_block_bottom_valve_sacks_for_packaging_of_50_kg_cement_quality_control_order_2025.pdf,
qco_textiles_polypropylene_pp_high_density_polyethylene_hdpe_laminated_woven_sacks_for_mail_sorting_storage_transport_and_distribution_quality_control,https://www.bis.gov.in/wp-content/uploads/2025/09/Textiles-Polypropylene-Pp-High-Density-Polyethylene-Hdpe-Laminated-Woven-Sacks-For-Mail-Sorting-Storage-Transport-And-Distribution-Quality-Control.pdf,downloaded,1361648,a2f9a6d0b40262ccbc41c344f5efa326eaa4879a7eae7553ec7322284e7e15c3,2026-09-26,data/raw/pdf/product_qco/qco_textiles_polypropylene_pp_high_density_polyethylene_hdpe_laminated_woven_sacks_for_mail_sorting_storage_transport_and_distribution_quality_control.pdf,
qco_textiles_polypropylene_pp_high_density_polyethylene_hdpe_laminated_woven_sacks_for_mail_sorting_storage_transport_and_distribution_quality_control_amendment_order_2026,https://www.bis.gov.in/wp-content/uploads/2026/01/Textiles-Polypropylene-PP-High-Density-Polyethylene-HDPE-Laminated-Woven-Sacks-for-Mail-Sorting-Storage-Transport-and-Distribution-Quality-Control-Amendment-Order-2026.pdf,downloaded,604124,7421ccddf203cd8649462a564b0b8d980fb0f3766c98e1bd261c74d3c9fa2dfd,2026-09-26,data/raw/pdf/product_qco/qco_textiles_polypropylene_pp_high_density_polyethylene_hdpe_laminated_woven_sacks_for_mail_sorting_storage_transport_and_distribution_quality_control_amendment_order_2026.pdf,
qco_safes_safe_deposit_locker_cabinets_and_key_locks_qco,https://www.bis.gov.in/wp-content/uploads/2023/12/Safes-Safe-Deposit-locker-cabinets-and-key-locks-QCO.pdf,downloaded,1175040,f2579724a8a578f9450cc76bf92d4ca4e66c07a3433d4fc830b7f54c1fad379e,2026-09-26,data/raw/pdf/product_qco/qco_safes_safe_deposit_locker_cabinets_and_key_locks_qco.pdf,
qco_hinges_qco,https://www.bis.gov.in/wp-content/uploads/2023/12/Hinges-QCO.pdf,downloaded,1175558,110da57470ad7318d755a493e7e0afba464aca43fac0e70575c0e21f7708c9cd,2026-09-26,data/raw/pdf/product_qco/qco_hinges_qco.pdf,
qco_hinges_qco_pdf_26_july,https://www.bis.gov.in/wp-content/uploads/2024/07/Hinges-QCO.pdf-26-July.pdf,failed,0,,2026-09-26,,ReadTimeout: The read operation timed out
qco_hinges_quality_control_order_2025,https://www.bis.gov.in/wp-content/uploads/2025/03/Hinges-Quality-Control-Order-2025.pdf,downloaded,852279,8ae8ca78898617315c82140216897c4181ad86056b3155546813ffe994f04b7e,2026-09-26,data/raw/pdf/product_qco/qco_hinges_quality_control_order_2025.pdf,
qco_cycle_and_rickshaw_tyres_and_tubes,https://www.bis.gov.in/wp-content/uploads/2023/12/Cycle-and-Rickshaw-tyres-and-Tubes.pdf,downloaded,588743,144f61c0d796e5325a4db081c16b49c11c2d376cf08a394d6d85f2e62bfa13ab,2026-09-26,data/raw/pdf/product_qco/qco_cycle_and_rickshaw_tyres_and_tubes.pdf,
qco_rubber_gaskets_for_pressure_cookers,https://www.bis.gov.in/wp-content/uploads/2023/12/Rubber-Gaskets-for-Pressure-Cookers.pdf,failed,0,,2026-09-26,,"RemoteProtocolError: peer closed connection without sending complete message body (received 618668 bytes, expected 1531647)"
qco_laboratory_glassware,https://www.bis.gov.in/wp-content/uploads/2024/01/Laboratory-Glassware.pdf,downloaded,1178686,e964dd06b7213051f5d78b2ef7d0fa05b1245ec7e521419bb14a398e031f4b8c,2026-09-26,data/raw/pdf/product_qco/qco_laboratory_glassware.pdf,
qco_laboratory_glassware_quality_control_amendment_order_2024,https://www.bis.gov.in/wp-content/uploads/2024/12/Laboratory-Glassware-Quality-Control-Amendment-Order-2024.pdf,downloaded,1830154,d66e6c9da534c3eedf35f7174481443920cc1312d0791be2909ef30a77341633,2026-09-26,data/raw/pdf/product_qco/qco_laboratory_glassware_quality_control_amendment_order_2024.pdf,
qco_electrical_accessories1,https://www.bis.gov.in/wp-content/uploads/2024/01/Electrical-Accessories1.pdf,downloaded,746163,16de0f8cc8b9d91087e57c0bb582cc2ff8dcf04fd40c1569c89e42b8a283601f,2026-09-26,data/raw/pdf/product_qco/qco_electrical_accessories1.pdf,
qco_electrical_accessories_quality_control_amendment_order_2026,https://www.bis.gov.in/wp-content/uploads/2026/01/Electrical-Accessories-Quality-Control-Amendment-order-2026.pdf,downloaded,619124,0772f5984cd1548c874fcb3457e9202635b2b16e1e7ab7f29a568c3b96c7ca09,2026-09-26,data/raw/pdf/product_qco/qco_electrical_accessories_quality_control_amendment_order_2026.pdf,
qco_pvc_homopolymers_pp_materials_for_moulding_and_extrusion_and_diesel_engine_nox_reduction_agent_aus_32_qco,https://www.bis.gov.in/wp-content/uploads/2024/03/PVC-Homopolymers-PP-Materials-for-Moulding-and-Extrusion-and-Diesel-Engine-NOx-Reduction-agent-AUS-32-QCO.pdf,downloaded,1395238,3a77fd2acac86457204c87585f3f9ffcb2a321f913efc57f8ac5b2654b7ac70c,2026-09-26,data/raw/pdf/product_qco/qco_pvc_homopolymers_pp_materials_for_moulding_and_extrusion_and_diesel_engine_nox_reduction_agent_aus_32_qco.pdf,
qco_poly_vinyl_chloride_pvc_homopolymers_quality_control_amendment_order_2024,https://www.bis.gov.in/wp-content/uploads/2024/08/Poly-Vinyl-Chloride-PVC-Homopolymers-Quality-Control-Amendment-Order-2024.pdf,downloaded,1943186,7cf7146d8c2bf3be02a454177a4416ff925d78b146b040c3d033c68a9432705f,2026-09-26,data/raw/pdf/product_qco/qco_poly_vinyl_chloride_pvc_homopolymers_quality_control_amendment_order_2024.pdf,
qco_poly_vinyl_chloride_pvc_homopolymers_qco_2024,https://www.bis.gov.in/wp-content/uploads/2024/12/Poly-Vinyl-Chloride-PVC-Homopolymers-QCO-2024.pdf,downloaded,600072,a517b0e55b68b2ba456f3b7823a2ddec1f4ec71c3a08a17ba9e06d7fb8e1cae5,2026-09-26,data/raw/pdf/product_qco/qco_poly_vinyl_chloride_pvc_homopolymers_qco_2024.pdf,
qco_poly_vinyl_chloride_pvc_homopolymers_quality_control_amendment_order_2025,https://www.bis.gov.in/wp-content/uploads/2025/06/Poly-Vinyl-Chloride-PVC-Homopolymers-Quality-Control-Amendment-Order-2025.pdf,downloaded,658440,ccc72a1c3bfc348e93fa051cdb713511512164060591d35e0922304ca83bb423,2026-09-26,data/raw/pdf/product_qco/qco_poly_vinyl_chloride_pvc_homopolymers_quality_control_amendment_order_2025.pdf,
qco_polyvinyl_chloride_pvc_homopolymers_rescind_order_2025,https://www.bis.gov.in/wp-content/uploads/2025/11/Polyvinyl-Chloride-PVC-Homopolymers-Rescind-Order-2025.pdf,downloaded,619248,c4e867b150ea51c8fa42d5623d46bfde94b8324efbad16a604dceecba204fb49,2026-09-26,data/raw/pdf/product_qco/qco_polyvinyl_chloride_pvc_homopolymers_rescind_order_2025.pdf,
qco_polypropylene_pp_materials_for_moulding_and_extrusion_quality_control_amendment_order_2024,https://www.bis.gov.in/wp-content/uploads/2024/08/Polypropylene-PP-Materials-for-moulding-and-extrusion-Quality-Control-Amendment-Order-2024.pdf,downloaded,1936013,8565a386506e2111607d904fc7c682dc140a8f51aa6a4d980dc840624ef5c84e,2026-09-26,data/raw/pdf/product_qco/qco_polypropylene_pp_materials_for_moulding_and_extrusion_quality_control_amendment_order_2024.pdf,
qco_polypropylene_pp_materials_for_moulding_and_extrusion_qco_2024,https://www.bis.gov.in/wp-content/uploads/2024/12/Polypropylene-PP-Materials-for-Moulding-and-Extrusion-QCO-2024.pdf,downloaded,976468,076ee60c2f02f8777fc014cfc244f73d5247122a3c38da42be27f92831b03a59,2026-09-26,data/raw/pdf/product_qco/qco_polypropylene_pp_materials_for_moulding_and_extrusion_qco_2024.pdf,
qco_polypropylene_pp_materials_for_moulding_and_extrusion_quality_control_amendment_order_2025,https://www.bis.gov.in/wp-content/uploads/2025/06/Polypropylene-PP-Materials-for-Moulding-and-Extrusion-Quality-Control-Amendment-Order-2025.pdf,downloaded,1007460,ee64f7139fc8369e1abacc45ce5fcb77f2ef171265b3c829190c635f3d552c89,2026-09-26,data/raw/pdf/product_qco/qco_polypropylene_pp_materials_for_moulding_and_extrusion_quality_control_amendment_order_2025.pdf,
qco_polypropylene_pp_materials_for_moulding_and_extrusion_quality_control_second_amendment_order_2025,https://www.bis.gov.in/wp-content/uploads/2025/10/Polypropylene-PP-Materials-for-Moulding-and-Extrusion-Quality-Control-Second-Amendment-Order-2025.pdf,downloaded,553163,0c183e9f7d22761a979dd54e7854a820d4ff2632846dfafd1596461de55e68db,2026-09-26,data/raw/pdf/product_qco/qco_polypropylene_pp_materials_for_moulding_and_extrusion_quality_control_second_amendment_order_2025.pdf,
qco_polypropylene_pp_materials_for_moulding_and_extrusion_rescind_order_2025,https://www.bis.gov.in/wp-content/uploads/2025/11/Polypropylene-PP-Materials-for-Moulding-and-Extrusion-Rescind-Order-2025.pdf,downloaded,619248,c4e867b150ea51c8fa42d5623d46bfde94b8324efbad16a604dceecba204fb49,2026-09-26,data/raw/pdf/product_qco/qco_polypropylene_pp_materials_for_moulding_and_extrusion_rescind_order_2025.pdf,
qco_air_cooler_and_air_filters_quality_control_2023,https://www.bis.gov.in/wp-content/uploads/2024/03/Air-Cooler-and-Air-Filters-Quality-Control-2023.pdf,downloaded,618416,6b2b763a926360a46749f3dc6616de91961b280ac34310fa96c3a34d077dfd23,2026-09-26,data/raw/pdf/product_qco/qco_air_cooler_and_air_filters_quality_control_2023.pdf,
qco_air_cooler_and_air_filters_quality_control_2025,https://www.bis.gov.in/wp-content/uploads/2025/01/Air-Cooler-and-Air-Filters-Quality-Control-2025.pdf,downloaded,603401,8c45b34c7248fb8b3c5ab020f1d8f5d0b71813e3d8f59e1c2cb817f6881fa2d7,2026-09-26,data/raw/pdf/product_qco/qco_air_cooler_and_air_filters_quality_control_2025.pdf,
qco_amendments_in_quality_control_order_2,https://www.bis.gov.in/wp-content/uploads/2026/03/Amendments-in-Quality-Control-Order-2.pdf,downloaded,814698,28e19feb3ad8dcddefeb76c9e1031f62743d0410979d7a3721e3ec6cc63db6fc,2026-09-26,data/raw/pdf/product_qco/qco_amendments_in_quality_control_order_2.pdf,
qco_electrical_appliances_for_kitchen_qco_2023,https://www.bis.gov.in/wp-content/uploads/2024/03/Electrical-Appliances-for-Kitchen-QCO-2023.pdf,downloaded,759560,4b79ffbc06765b6f331dd64e21e509095715371fc3f38b76dde45e0e4bbbf1b3,2026-09-26,data/raw/pdf/product_qco/qco_electrical_appliances_for_kitchen_qco_2023.pdf,
qco_electrical_appliances_for_skin_or_hair_care_qco_2023,https://www.bis.gov.in/wp-content/uploads/2024/03/Electrical-Appliances-for-Skin-or-Hair-care-QCO-2023.pdf,downloaded,1220477,a2b92d9ec5555b265be74c28923a4537c9eb7bfeb57c72ecba3adbf386320d85,2026-09-26,data/raw/pdf/product_qco/qco_electrical_appliances_for_skin_or_hair_care_qco_2023.pdf,
qco_electrical_appliance_fans_qco_2023,https://www.bis.gov.in/wp-content/uploads/2024/03/Electrical-appliance-fans-QCO-2023.pdf,downloaded,735899,1878e40ca3352c73b25bfceacf4f2cc88dcf272dcf324b4b05763751b32b751b,2026-09-26,data/raw/pdf/product_qco/qco_electrical_appliance_fans_qco_2023.pdf,
qco_electrical_appliance_for_commercial_dispensing_and_vending_qco_2023,https://www.bis.gov.in/wp-content/uploads/2024/03/Electrical-appliance-for-commercial-dispensing-and-vending-QCO-2023.pdf,downloaded,730330,15b3aa6b14b9190b6e626ee4451cf2d0ab8457dc593b0e1f90ed996bc966c8c9,2026-09-26,data/raw/pdf/product_qco/qco_electrical_appliance_for_commercial_dispensing_and_vending_qco_2023.pdf,
qco_electrical_appliances_for_commercial_dispensing_and_vending_qco_2024,https://www.bis.gov.in/wp-content/uploads/2024/10/Electrical-Appliances-for-Commercial-Dispensing-and-Vending-QCO-2024.pdf,downloaded,1789948,73032db74eb97c048766fab97989525b5882ad0cc9202eaaba93aaa0069e1b0a,2026-09-26,data/raw/pdf/product_qco/qco_electrical_appliances_for_commercial_dispensing_and_vending_qco_2024.pdf,
qco_electrical_appliances_for_commercial_dispensing_and_vending_qco_2025,https://www.bis.gov.in/wp-content/uploads/2025/05/Electrical-Appliances-for-Commercial-Dispensing-and-Vending-QCO-2025.pdf,downloaded,624916,cddde7d9ba30c076b781b6271ed1e6b80a987a495aefa7123c5d8ddbf05a7828,2026-09-26,data/raw/pdf/product_qco/qco_electrical_appliances_for_commercial_dispensing_and_vending_qco_2025.pdf,
qco_electrical_appliance_for_domestic_clothes_washing_qco_2023,https://www.bis.gov.in/wp-content/uploads/2024/03/Electrical-appliance-for-domestic-clothes-washing-QCO-2023.pdf,downloaded,733277,a4e9fab3017fca49a76f91740fae3eb9fca20a8b4f14f5393d51311d4163f0c0,2026-09-26,data/raw/pdf/product_qco/qco_electrical_appliance_for_domestic_clothes_washing_qco_2023.pdf,
qco_electrical_appliance_for_domestic_clothes_washing_qco_2024,https://www.bis.gov.in/wp-content/uploads/2024/11/Electrical-appliance-for-domestic-clothes-washing-QCO-2024.pdf,downloaded,1798494,54d95bc04a1d87a0ee23f15e90e97a4486dfd5b821b048feb2ada3f2d95cee9b,2026-09-26,data/raw/pdf/product_qco/qco_electrical_appliance_for_domestic_clothes_washing_qco_2024.pdf,
qco_asbestos_or_fibre_cement_based_products_qco_2024,https://www.bis.gov.in/wp-content/uploads/2024/03/Asbestos-or-Fibre-Cement-based-products-QCO-2024.pdf,downloaded,769204,299bfcf694755d5d171701d0e47a929f22fd3d53c23e498a35448a829c2981a3,2026-09-26,data/raw/pdf/product_qco/qco_asbestos_or_fibre_cement_based_products_qco_2024.pdf,
qco_water_meters_and_accessories_qco_2023,https://www.bis.gov.in/wp-content/uploads/2024/03/Water-meters-and-accessories-QCO-2023.pdf,downloaded,772842,c942f7ba253f2f860908a47f76308b6109c9af7629105c0ae851f48b7d1c5acf,2026-09-26,data/raw/pdf/product_qco/qco_water_meters_and_accessories_qco_2023.pdf,
qco_gypsum_based_building_materials_qco_2024,https://www.bis.gov.in/wp-content/uploads/2024/03/Gypsum-based-Building-Materials-QCO-2024.pdf,downloaded,744229,2d7d204d3f9a52a143a4525337486e198c36a929dd747b985c4bae4fa7dfbc14,2026-09-26,data/raw/pdf/product_qco/qco_gypsum_based_building_materials_qco_2024.pdf,
qco_corrigendum_of_gypsum_based_building_materials_quality_control_order_2024,https://www.bis.gov.in/wp-content/uploads/2024/05/Corrigendum-of-Gypsum-based-Building-Materials-Quality-Control-Order-2024.pdf,downloaded,532940,47ff35b68d10c26e78f9fd7006dab8f394bc9905d62ccade5fadae6ba7e93623,2026-09-26,data/raw/pdf/product_qco/qco_corrigendum_of_gypsum_based_building_materials_quality_control_order_2024.pdf,
qco_gypsum_based_building_materials_amendment_qco_2024,https://www.bis.gov.in/wp-content/uploads/2024/11/Gypsum-based-Building-Materials-Amendment-QCO-2024.pdf,downloaded,607244,ebd97d804fbe3b71e53f0ee9c7584580da73e8d7cd356b5a9ded2809fbf2bb26,2026-09-26,data/raw/pdf/product_qco/qco_gypsum_based_building_materials_amendment_qco_2024.pdf,
qco_electrical_appliances_for_domestic_water_heating_quality_control_order_2023,https://www.bis.gov.in/wp-content/uploads/2024/03/Electrical-Appliances-for-domestic-water-heating-Quality-Control-Order-2023.pdf,downloaded,722645,336b9b9153f0587612b27bcb2226f016777dafc470c50615f153cce2e31cc80c,2026-09-26,data/raw/pdf/product_qco/qco_electrical_appliances_for_domestic_water_heating_quality_control_order_2023.pdf,
qco_electrical_appliances_for_domestic_water_heating_qco_2025,https://www.bis.gov.in/wp-content/uploads/2025/01/Electrical-Appliances-for-domestic-water-heating-QCO-2025.pdf,downloaded,627342,f18c60ad4f7442ad41f07d7f2eb5565be06e6b80137f37d034a9c04a659744be,2026-09-26,data/raw/pdf/product_qco/qco_electrical_appliances_for_domestic_water_heating_qco_2025.pdf,
qco_v_belt_quality_control_order_2024,https://www.bis.gov.in/wp-content/uploads/2024/03/V-Belt-Quality-Control-Order-2024.pdf,downloaded,729375,d02e213b8f5ace95e5a8269c36febb848da653425420d988728804a7969856a1,2026-09-26,data/raw/pdf/product_qco/qco_v_belt_quality_control_order_2024.pdf,
qco_v_belt_qco_2024,https://www.bis.gov.in/wp-content/uploads/2024/11/V-Belt-QCO-2024.pdf,downloaded,2246473,551bdb1fe32a4325d936a032c8c0357073620354acf03d85347810a8def4cc5f,2026-09-26,data/raw/pdf/product_qco/qco_v_belt_qco_2024.pdf,
qco_telescopic_ball_bearing_drawer_slide_quality_control_order_2024,https://www.bis.gov.in/wp-content/uploads/2024/05/Telescopic-Ball-Bearing-Drawer-Slide-Quality-Control-Order-2024.pdf,downloaded,737025,f088c6f4fc48a21b4314c38275d9c555937488212fe34700166eeb99eb4b0bdd,2026-09-26,data/raw/pdf/product_qco/qco_telescopic_ball_bearing_drawer_slide_quality_control_order_2024.pdf,
qco_cross_recessed_screws_quality_control_order2024,https://www.bis.gov.in/wp-content/uploads/2024/09/Cross-Recessed-Screws-Quality-Control-Order2024.pdf,downloaded,2097363,91154a1b79599e83fcd5d49e9d5c31b73882b1dfb4819ce5727d4f0113af2e9f,2026-09-26,data/raw/pdf/product_qco/qco_cross_recessed_screws_quality_control_order2024.pdf,
qco_cross_recessed_screws_quality_control_order_2025,https://www.bis.gov.in/wp-content/uploads/2025/08/Cross-Recessed-Screws-Quality-Control-Order-2025.pdf,downloaded,736443,128e9d80f2730bfc2cdbae3e6403f9a41404bba1e0e82815ee5e719a2c53a4e5,2026-09-26,data/raw/pdf/product_qco/qco_cross_recessed_screws_quality_control_order_2025.pdf,
qco_cross_recessed_screws_quality_control_amendment_order_2026,https://www.bis.gov.in/wp-content/uploads/2026/06/Cross-Recessed-Screws-Quality-Control-Amendment-Order-2026.pdf,downloaded,621907,ea373031efb942c1f498537d5fa36c4ca3e56c1f65ab6b5c8bdadef1c0259eeb,2026-09-26,data/raw/pdf/product_qco/qco_cross_recessed_screws_quality_control_amendment_order_2026.pdf,
qco_safety_of_household_commercial_and_similar_electrical_appliances_qco_2024,https://www.bis.gov.in/wp-content/uploads/2024/09/Safety-of-Household-Commercial-and-Similar-Electrical-Appliances-QCO-2024.pdf,downloaded,2228859,bb93e8db14960a7e7f136ad7968e29b2b4fa97bef6c76d88994045e8db1d9eb0,2026-09-26,data/raw/pdf/product_qco/qco_safety_of_household_commercial_and_similar_electrical_appliances_qco_2024.pdf,
qco_safety_of_household_commercial_and_similar_electrical_appliances_quality_control_order_2025,https://www.bis.gov.in/wp-content/uploads/2025/05/Safety-of-Household-Commercial-and-Similar-Electrical-Appliances-Quality-Control-Order-2025-.pdf,downloaded,1440449,ed09cdfbce0f16054191b6d4c12872fb30ff8072a1f2d940a74fb364355fe7b5,2026-09-26,data/raw/pdf/product_qco/qco_safety_of_household_commercial_and_similar_electrical_appliances_quality_control_order_2025.pdf,
qco_safety_of_household_commercial_and_similar_electrical_appliances_quality_control_order_2026,https://www.bis.gov.in/wp-content/uploads/2026/04/Safety-of-Household-Commercial-and-Similar-Electrical-Appliances-Quality-Control-Order-2026.pdf,downloaded,1258536,4e0e0155826de0985b13934c58b6e022a19defae8d91dfc7eb378b1702da9c65,2026-09-26,data/raw/pdf/product_qco/qco_safety_of_household_commercial_and_similar_electrical_appliances_quality_control_order_2026.pdf,
qco_hand_tools_qco_2024,https://www.bis.gov.in/wp-content/uploads/2024/09/Hand-Tools-QCO-2024.pdf,downloaded,1778705,6edc77c812bc79822d18dce27ae3a93b4c4daa2c0af9b10c48475cb785de35c8,2026-09-26,data/raw/pdf/product_qco/qco_hand_tools_qco_2024.pdf,
qco_hand_tools_quality_control_order_2025,https://www.bis.gov.in/wp-content/uploads/2025/07/Hand-Tools-Quality-Control-Order-2025.pdf,downloaded,631044,9dbcffbcc4b20ed5269014e86f7efef5697d36461bed456310ff5de5eabbacde,2026-09-26,data/raw/pdf/product_qco/qco_hand_tools_quality_control_order_2025.pdf,
qco_hand_tools_quality_control_order_2025_1,https://www.bis.gov.in/wp-content/uploads/2025/12/Hand-Tools-Quality-Control-Order-2025-1.pdf,downloaded,599941,d4c47627bfb82aa4c182c19f265aa2841385d28bb7670bca285bd999de5f08b8,2026-09-26,data/raw/pdf/product_qco/qco_hand_tools_quality_control_order_2025_1.pdf,
qco_indutech_qco_2024,https://www.bis.gov.in/wp-content/uploads/2024/10/Indutech-QCO-2024.pdf,failed,0,,2026-09-26,,"RemoteProtocolError: peer closed connection without sending complete message body (received 310172 bytes, expected 1755578)"
qco_ropes_and_cordages_qco_2024_1,https://www.bis.gov.in/wp-content/uploads/2024/10/Ropes-and-Cordages-QCO-2024-1.pdf,downloaded,1823631,5a1fda77b57348cc97f65d6cab818576202ea9a2a34aebf33f1522d3b99f04d7,2026-09-26,data/raw/pdf/product_qco/qco_ropes_and_cordages_qco_2024_1.pdf,
qco_ropes_and_cordagesquality_control_amendment_order_2026,https://www.bis.gov.in/wp-content/uploads/2026/06/ropes-and-cordagesquality-control-amendment-order-2026.pdf,downloaded,667633,aaf5b3de3f734de0ace66221cba45f2fd033d5d128776590b5e4565e1da44218,2026-09-26,data/raw/pdf/product_qco/qco_ropes_and_cordagesquality_control_amendment_order_2026.pdf,
qco_solar_thermal_systems_devices_and_components_qco_2024,https://www.bis.gov.in/wp-content/uploads/2024/10/Solar-Thermal-Systems-Devices-and-Components-QCO-2024.pdf,downloaded,1771783,d2baf18a90927b366e01b5bce4f43e66ea074ca640707b2e5efd956f4468e58a,2026-09-26,data/raw/pdf/product_qco/qco_solar_thermal_systems_devices_and_components_qco_2024.pdf,
qco_quality_control_order_of_03_chemicals_viz_i_h_acid_ii_k_acid_iii_vinyl_sulphone,https://www.bis.gov.in/wp-content/uploads/2024/11/Quality-Control-Order-of-03-Chemicals-viz.-i-H-Acid-ii-K-Acid-iii-Vinyl-Sulphone.pdf,downloaded,2277340,b3b6fd211c388dba334f90c07e1b4df460a433d92355fae46873cbbab52efd7d,2026-09-26,data/raw/pdf/product_qco/qco_quality_control_order_of_03_chemicals_viz_i_h_acid_ii_k_acid_iii_vinyl_sulphone.pdf,
qco_h_acid_quality_control_amendment_2025,https://www.bis.gov.in/wp-content/uploads/2025/05/H-Acid-Quality-Control-Amendment-2025.pdf,downloaded,598629,3a4c66fa10471bf22adbcb6991ec1bacc27035bd664e12ad55eb3160a0e86b56,2026-09-26,data/raw/pdf/product_qco/qco_h_acid_quality_control_amendment_2025.pdf,
qco_h_acid_quality_control_second_amendment_order_2025,https://www.bis.gov.in/wp-content/uploads/2025/07/H-Acid-Quality-Control-Second-Amendment-Order-2025.pdf,downloaded,920546,21c1c52e068d051ced66f0a6e02737ef64b96c0dfe2b1ceab271b4f542f3ddfc,2026-09-26,data/raw/pdf/product_qco/qco_h_acid_quality_control_second_amendment_order_2025.pdf,
qco_h_acid_qco_2024_rescind_order,https://www.bis.gov.in/wp-content/uploads/2025/11/H-Acid-QCO-2024-Rescind-Order.pdf,downloaded,1382755,4b71050a6d48f7ab0e7c5e015a7ad9dffceacc9ce886ac146552a667f6cf84b8,2026-09-26,data/raw/pdf/product_qco/qco_h_acid_qco_2024_rescind_order.pdf,
qco_k_acid_quality_control_amendment_2025,https://www.bis.gov.in/wp-content/uploads/2025/05/K-Acid-Quality-Control-Amendment-2025.pdf,downloaded,598629,3a4c66fa10471bf22adbcb6991ec1bacc27035bd664e12ad55eb3160a0e86b56,2026-09-26,data/raw/pdf/product_qco/qco_k_acid_quality_control_amendment_2025.pdf,
qco_k_acid_qco_2024_rescind_order,https://www.bis.gov.in/wp-content/uploads/2025/11/K-Acid-QCO-2024-Rescind-Order.pdf,downloaded,1382755,4b71050a6d48f7ab0e7c5e015a7ad9dffceacc9ce886ac146552a667f6cf84b8,2026-09-26,data/raw/pdf/product_qco/qco_k_acid_qco_2024_rescind_order.pdf,
qco_vinyl_sulphone_quality_control_2025,https://www.bis.gov.in/wp-content/uploads/2025/05/Vinyl-Sulphone-Quality-Control-2025.pdf,downloaded,598629,3a4c66fa10471bf22adbcb6991ec1bacc27035bd664e12ad55eb3160a0e86b56,2026-09-26,data/raw/pdf/product_qco/qco_vinyl_sulphone_quality_control_2025.pdf,
qco_vinyl_sulphone_quality_control_second_amendment_order_2025,https://www.bis.gov.in/wp-content/uploads/2025/07/Vinyl-Sulphone-Quality-Control-Second-Amendment-Order-2025.pdf,downloaded,920546,21c1c52e068d051ced66f0a6e02737ef64b96c0dfe2b1ceab271b4f542f3ddfc,2026-09-26,data/raw/pdf/product_qco/qco_vinyl_sulphone_quality_control_second_amendment_order_2025.pdf,
qco_vinyl_sulphone_qco_2024_rescind_order,https://www.bis.gov.in/wp-content/uploads/2025/11/Vinyl-Sulphone-QCO-2024-Rescind-Order.pdf,downloaded,1382755,4b71050a6d48f7ab0e7c5e015a7ad9dffceacc9ce886ac146552a667f6cf84b8,2026-09-26,data/raw/pdf/product_qco/qco_vinyl_sulphone_qco_2024_rescind_order.pdf,
qco_electric_fence_energizer_qco_2024,https://www.bis.gov.in/wp-content/uploads/2024/11/Electric-Fence-Energizer-QCO-2024.pdf,downloaded,1814353,a411e01620ebf68fbf0732822583669f8f29974430b8f69b3387f065044a5749,2026-09-26,data/raw/pdf/product_qco/qco_electric_fence_energizer_qco_2024.pdf,
qco_flashlight_quality_control_order_2025,https://www.bis.gov.in/wp-content/uploads/2025/01/Flashlight-Quality-Control-Order-2025.pdf,downloaded,1811102,e9eadd14077a63eeeca17a1918be7e521e164157930d6248a5a52ea925c3d861,2026-09-26,data/raw/pdf/product_qco/qco_flashlight_quality_control_order_2025.pdf,
qco_stainless_steel_pipes_and_tubes_qco_2025,https://www.bis.gov.in/wp-content/uploads/2025/02/Stainless-Steel-Pipes-and-Tubes-QCO-2025.pdf,downloaded,2222738,f47f15b8c8cde5ea223249da67dc096e9ca3f2c2699be0f6cd015b6fedf9228b,2026-09-26,data/raw/pdf/product_qco/qco_stainless_steel_pipes_and_tubes_qco_2025.pdf,
qco_furniture_qco_17_02_2025,https://www.bis.gov.in/wp-content/uploads/2025/02/Furniture-QCO-17-02-2025.pdf,downloaded,1829222,1a52879bd2480125be7b0740d1cf3308f8d1d729e249a23ed85b966402340f87,2026-09-26,data/raw/pdf/product_qco/qco_furniture_qco_17_02_2025.pdf,
qco_furniture_quality_control_amendment_order_2026,https://www.bis.gov.in/wp-content/uploads/2026/02/Furniture-Quality-Control-Amendment-Order-2026.pdf,downloaded,701711,565ef45ea7dd7318bd9d1392ac1472e29643b11bd8fa56eb31401ce87ab6e5a4,2026-09-26,data/raw/pdf/product_qco/qco_furniture_quality_control_amendment_order_2026.pdf,
qco_furniture_quality_control_second_amendment_order_2026,https://www.bis.gov.in/wp-content/uploads/2026/03/Furniture-Quality-Control-Second-Amendment-Order-2026.pdf,downloaded,636898,c6138ab96af816c5c2b555a78384a99876a7e7ca0908e7ee257adf0798181bff,2026-09-26,data/raw/pdf/product_qco/qco_furniture_quality_control_second_amendment_order_2026.pdf,
qco_refined_nickel_quality_control_order_2025,https://www.bis.gov.in/wp-content/uploads/2025/04/Refined-Nickel-Quality-Control-Order-2025.pdf,downloaded,624174,21bcafa8ae0d4b6625e9b1030d71539f20a18d49bfa188d2968fb6e1457f53d1,2026-09-26,data/raw/pdf/product_qco/qco_refined_nickel_quality_control_order_2025.pdf,
qco_refined_nickel_quality_control_amendment_order_2025,https://www.bis.gov.in/wp-content/uploads/2025/09/Refined-Nickel-Quality-Control-Amendment-Order-2025.pdf,downloaded,1928051,6b0283f924be3a93563a71c40490df364eb5f914cee621129c8fa1695ca3a7e8,2026-09-26,data/raw/pdf/product_qco/qco_refined_nickel_quality_control_amendment_order_2025.pdf,
qco_refined_nickel_quality_control_order_2025_withdrawal_order,https://www.bis.gov.in/wp-content/uploads/2025/11/Refined-Nickel-Quality-Control-Order-2025-Withdrawal-Order.pdf,downloaded,442417,687017908788e462affa89e85b7c011740c278eca1e1387a87f8819ce4c92b21,2026-09-26,data/raw/pdf/product_qco/qco_refined_nickel_quality_control_order_2025_withdrawal_order.pdf,
qco_primary_lead_quality_control_order_2025,https://www.bis.gov.in/wp-content/uploads/2025/04/Primary-Lead-Quality-Control-Order-2025.pdf,downloaded,606789,bb1def91c0df7f17908ef0b1f62f6312a2714026627207d4746dc41d258ff8e8,2026-09-26,data/raw/pdf/product_qco/qco_primary_lead_quality_control_order_2025.pdf,
qco_primary_lead_quality_control_amendment_order_2025,https://www.bis.gov.in/wp-content/uploads/2025/09/Primary-Lead-Quality-Control-Amendment-Order-2025.pdf,downloaded,1841621,76d0509523a5829fb93a4fe19572943005c77c387406493f94683e154c105684,2026-09-26,data/raw/pdf/product_qco/qco_primary_lead_quality_control_amendment_order_2025.pdf,
qco_primary_lead_quality_control_order_2025_withdrawal_order,https://www.bis.gov.in/wp-content/uploads/2025/11/Primary-Lead-Quality-Control-Order-2025-Withdrawal-Order.pdf,downloaded,437598,1a64b70666c5acc98cacd647848fc3c45380e273dbdd8427a7ed8736399a4978,2026-09-26,data/raw/pdf/product_qco/qco_primary_lead_quality_control_order_2025_withdrawal_order.pdf,
qco_refined_zinc_quality_control_order_2025,https://www.bis.gov.in/wp-content/uploads/2025/04/Refined-Zinc-Quality-Control-Order-2025.pdf,downloaded,601669,211f7e4d74b6cf22b2d4afa52b5b49ac1b5ac2477ac63b9e30e73ae170ee70d3,2026-09-26,data/raw/pdf/product_qco/qco_refined_zinc_quality_control_order_2025.pdf,
qco_refined_zinc_quality_control_amendment_order_2025,https://www.bis.gov.in/wp-content/uploads/2025/09/Refined-Zinc-Quality-Control-Amendment-Order-2025.pdf,downloaded,1942744,49ffd1845bdbd4a58fb7c88d62e21c037be748e37de6a3c471f73f31e57c97f0,2026-09-26,data/raw/pdf/product_qco/qco_refined_zinc_quality_control_amendment_order_2025.pdf,
qco_refined_zinc_quality_control_order_2025_withdrawal_order,https://www.bis.gov.in/wp-content/uploads/2025/11/Refined-Zinc-Quality-Control-Order-2025-Withdrawal-Order.pdf,downloaded,440159,09b8c5c063c11445918a6c8e0c2b985d828c517c4967bce912a39857411057b7,2026-09-26,data/raw/pdf/product_qco/qco_refined_zinc_quality_control_order_2025_withdrawal_order.pdf,
qco_tin_ingot_quality_control_order_2025,https://www.bis.gov.in/wp-content/uploads/2025/04/Tin-Ingot-Quality-Control-Order-2025.pdf,downloaded,594266,4e7d00f40c82dcb9c87ac8f7d40ae875fbc849bfc396a426c7d2bd98e13a3467,2026-09-26,data/raw/pdf/product_qco/qco_tin_ingot_quality_control_order_2025.pdf,
qco_tin_ingot_quality_control_amendment_order_2025,https://www.bis.gov.in/wp-content/uploads/2025/09/Tin-Ingot-Quality-Control-Amendment-Order-2025.pdf,downloaded,478376,97ed3ef50dbd66772124d6753fbc1d9163adc27996ef79a49707de31db3fe820,2026-09-26,data/raw/pdf/product_qco/qco_tin_ingot_quality_control_amendment_order_2025.pdf,
qco_tin_ingot_quality_control_order_2025_withdrawal_order,https://www.bis.gov.in/wp-content/uploads/2025/11/Tin-Ingot-Quality-Control-Order-2025-Withdrawal-Order.pdf,downloaded,442274,098b0c502828b64708f94c1b04877057e57b126a86c19e094bbd39508dc23734,2026-09-26,data/raw/pdf/product_qco/qco_tin_ingot_quality_control_order_2025_withdrawal_order.pdf,
scheme2_page,https://www.bis.gov.in/product-certification/products-under-compulsory-certification/scheme-ii-registration-scheme/?lang=en,downloaded,95913,c9dc01f015ad0299160288b32793f0bb6f97ea96378e9c4347e9c2073eba58c5,2026-09-26,data/structured/products_scheme2.csv,75 rows -> products_scheme2.csv
scheme2_page_page,https://www.bis.gov.in/product-certification/products-under-compulsory-certification/scheme-ii-registration-scheme/?lang=en,downloaded,716,0c67c8b7e46f70a6362f974bdd5f0e2e67aca74f7c48f4b2efa4bd3a7bca185d,2026-09-26,data/raw/html/product_qco/scheme2_page.md,
qco_gazette_notification_2012_10_03,http://crsbis.in/BIS/app_srv/tdc/gl/docs/gazette_notification_2012_10_03.pdf,downloaded,9915921,99c16a83af257bdf48dba2c0a4facc71853e74aa73c4e38d38c9187d05693cc4,2026-09-26,data/raw/pdf/product_qco/qco_gazette_notification_2012_10_03.pdf,
qco_so_no_2357_e,https://www.bis.gov.in/MandatoryProducts/QCOrder/SO%20No%202357%20(E).pdf,downloaded,147334,206507c717345d01318c80ff5545ad3755252c0b4722b57221a11a377191862c,2026-09-26,data/raw/pdf/product_qco/qco_so_no_2357_e.pdf,
qco_so_no_822_e,https://www.bis.gov.in/MandatoryProducts/QCOrder/SO%20No%20822%20(E).pdf,downloaded,327748,3b2e006db8dc9b1da0cc68f2e6e5e6fd5809f63264130f1eaf64977e4b96eb13,2026-09-26,data/raw/pdf/product_qco/qco_so_no_822_e.pdf,
qco_so_no_2033_e,https://www.bis.gov.in/MandatoryProducts/QCOrder/SO%20No%202033%20(E).pdf,downloaded,80976,b601546ca14b5baa857cdab956b1241aa7b683e3c365cd101b4ab4f63f4ca3b5,2026-09-26,data/raw/pdf/product_qco/qco_so_no_2033_e.pdf,
qco_so_no_2034_e,https://www.bis.gov.in/MandatoryProducts/QCOrder/SO%20No%202034%20(E).pdf,downloaded,219387,d638b67d56eba2ee80facd0c5e654252e1fdd1a198f23826adabaf1412e4edcb,2026-09-26,data/raw/pdf/product_qco/qco_so_no_2034_e.pdf,
qco_electronics_and_information_technology_goods_requirement_of_compulsory_registration_order_2021_1,https://www.bis.gov.in/wp-content/uploads/2021/11/Electronics-and-Information-Technology-Goods-Requirement-of-Compulsory-Registration-Order-2021-1.pdf,failed,0,,2026-09-26,,"RemoteProtocolError: peer closed connection without sending complete message body (received 1718436 bytes, expected 6380730)"
qco_amendments_to_the_electronics_and_information_technology_goods_requirements_for_compulsory_registration_2021_1,https://www.bis.gov.in/wp-content/uploads/2026/05/amendments-to-the-Electronics-and-Information-Technology-Goods-Requirements-for-Compulsory-Registration-2021-1.pdf,downloaded,718332,8f0a650a3541527612caa3e309133daae90731024eedc0896bb6e89355fb5b89,2026-09-26,data/raw/pdf/product_qco/qco_amendments_to_the_electronics_and_information_technology_goods_requirements_for_compulsory_registration_2021_1.pdf,
qco_so_no_2905_e,https://www.bis.gov.in/MandatoryProducts/QCOrder/SO%20No%202905%20(E).pdf,downloaded,813592,581ed8c66bdf8bb1446521c234963dbaecc0720eb9889aed1544bc40b66dadbc,2026-09-26,data/raw/pdf/product_qco/qco_so_no_2905_e.pdf,
qco_extension_order,http://crsbis.in/BIS/app_srv/tdc/gl/docs/extension_order.pdf,downloaded,467244,de8d3526e5231c88d2b7448f1b8af529a3a3c9f64c4cf83d2b5ea7d48700406b,2026-09-26,data/raw/pdf/product_qco/qco_extension_order.pdf,
qco_so_no_344_e,https://www.bis.gov.in/MandatoryProducts/QCOrder/SO%20No%20344%20(E).pdf,downloaded,91129,fe67a2bd410b2dcd7604832b92c92a15483e14e244c2c2efedaa7325bccba814,2026-09-26,data/raw/pdf/product_qco/qco_so_no_344_e.pdf,
qco_so_no_2578_e,https://www.bis.gov.in/MandatoryProducts/QCOrder/SO%20No%202578%20(E).pdf,downloaded,372575,905987973788117aee1c76f29b3a8ace51b49f66e53a642319e24f11294a5231,2026-09-26,data/raw/pdf/product_qco/qco_so_no_2578_e.pdf,
qco_16333,https://www.bis.gov.in/MandatoryProducts/QCOrder/16333.pdf,downloaded,208205,4de6edd1daef6f0c210679918a5fd0b4a42301fe8fb3ef749c8ba38189dcce2d,2026-09-26,data/raw/pdf/product_qco/qco_16333.pdf,
qco_2742,https://www.bis.gov.in/MandatoryProducts/QCOrder/2742.pdf,downloaded,1612705,f3205bd943c55b2f47fbc825871cca0d8d78aa2b5339a20a6e22b6b615c3d225,2026-09-26,data/raw/pdf/product_qco/qco_2742.pdf,
qco_cctv_camera_cro_2021,https://www.bis.gov.in/wp-content/uploads/2024/04/CCTV-Camera-CRO-2021.pdf,downloaded,759458,d1c1a232c09b5da3b2d2875d96700f15ffdc00f207801400c9683bbef795ed0c,2026-09-26,data/raw/pdf/product_qco/qco_cctv_camera_cro_2021.pdf,
qco_meity_qco_for_additional_12_products,https://www.bis.gov.in/wp-content/uploads/2020/05/MeitY-QCO-for-additional-12-products.pdf,downloaded,1542800,c365aa22be1de88779c3ec77f952290296ecf75490996718cb412badc6753d02,2026-09-26,data/raw/pdf/product_qco/qco_meity_qco_for_additional_12_products.pdf,
qco_electronics_and_information_technology_goods_2021_amendment_standalone_hard_disk_drives_1,https://www.bis.gov.in/wp-content/uploads/2026/05/Electronics-and-Information-Technology-Goods-2021-Amendment-Standalone-Hard-Disk-Drives-1.pdf,downloaded,646254,ae71d4b125ee88c9db1d08b60d1760cbb8499ad1d8c3e2eb5cf586b578e835e8,2026-09-26,data/raw/pdf/product_qco/qco_electronics_and_information_technology_goods_2021_amendment_standalone_hard_disk_drives_1.pdf,
qco_222196,https://www.bis.gov.in/wp-content/uploads/2020/10/222196.pdf,downloaded,1482763,7358f0f7c9aa526b7b86b03eb28a9f721bc0de9a805df791e5d4d988fa321a6a,2026-09-26,data/raw/pdf/product_qco/qco_222196.pdf,
qco_miety_qco_amendment_order_26_april_2023,https://www.bis.gov.in/wp-content/uploads/2023/05/Miety-QCO-amendment-order-26-April-2023.pdf,downloaded,702986,34d12b3d44b90827c9765b4911c8694a4e46585261590f235eb973b1ade534ef,2026-09-26,data/raw/pdf/product_qco/qco_miety_qco_amendment_order_26_april_2023.pdf,
qco_digital_television_receiver_for_satellite_broadcast_transmission_qco_amendment_2025,https://www.bis.gov.in/wp-content/uploads/2025/03/Digital-Television-Receiver-for-Satellite-Broadcast-Transmission-QCO-Amendment-2025.pdf,downloaded,830520,77670aca14abd13eccef91eeadc0074b63de190845159d5e4839841adee47081,2026-09-26,data/raw/pdf/product_qco/qco_digital_television_receiver_for_satellite_broadcast_transmission_qco_amendment_2025.pdf,
qco_extension_in_timelines_for_the_implementation_of_television_sets_is_18112,https://www.bis.gov.in/wp-content/uploads/2025/10/Extension-in-timelines-for-the-implementation-of-Television-Sets-IS-18112.pdf,downloaded,1085364,f83c2c220629bb6463422ab7c44dc16e9919a9cb90624545c6687dab3054bf84,2026-09-26,data/raw/pdf/product_qco/qco_extension_in_timelines_for_the_implementation_of_television_sets_is_18112.pdf,
qco_extension_of_televisoin_sets_timelies,https://www.bis.gov.in/wp-content/uploads/2026/01/Extension-of-Televisoin-Sets-timelies.pdf,downloaded,690058,d8c8221e2682d663a94c67e946523426939515e2f48b70bb58cb7007233670a7,2026-09-26,data/raw/pdf/product_qco/qco_extension_of_televisoin_sets_timelies.pdf,
qco_extension_in_timelines_for_the_implementation_of_the_order_for_product_categories_included_in_the_schedule_of_cro_vide_s_o_1929e_published_in_gazette_of_india_on_26th_april20,https://www.bis.gov.in/wp-content/uploads/2026/07/Extension-in-timelines-for-the-implementation-of-the-order-for-product-categories-included-in-the-schedule-of-CRO-vide-S.O.-1929E-published-in-Gazette-of-India-on-26th-April20.pdf,downloaded,641552,9061fece796970da9b05b18dfb266b1b5b13a336bf3aff1ad78ae99193ad3d4a,2026-09-26,data/raw/pdf/product_qco/qco_extension_in_timelines_for_the_implementation_of_the_order_for_product_categories_included_in_the_schedule_of_cro_vide_s_o_1929e_published_in_gazette_of_india_on_26th_april20.pdf,
qco_migration_to_is_iec_62368_part_1_2023_from_is_13252_part_1_2010_and_is_616_2017,https://www.bis.gov.in/wp-content/uploads/2025/11/Migration-to-IS-IEC-62368-Part-1-2023-from-IS-13252-Part-1-2010-and-IS-616-2017.pdf,downloaded,1529374,6d84bef3845fbf13eebf368e5821cb858f437869f4f1ccb36b3567f7ee0926c1,2026-09-26,data/raw/pdf/product_qco/qco_migration_to_is_iec_62368_part_1_2023_from_is_13252_part_1_2010_and_is_616_2017.pdf,
qco_amendment_to_the_electronics_and_information_technology_goods_requirement_of_compulsory_registration_order_2021,https://www.bis.gov.in/wp-content/uploads/2026/09/Amendment-to-the-Electronics-and-Information-Technology-Goods-Requirement-of-Compulsory-Registration-Order-2021.pdf,downloaded,1111110,8b1b9a978d4728051e4dcecba5c8b9328b85dce49906a408c4e0a843da4a81d0,2026-09-26,data/raw/pdf/product_qco/qco_amendment_to_the_electronics_and_information_technology_goods_requirement_of_compulsory_registration_order_2021.pdf,
qco_gazette_so2920_e,https://www.bis.gov.in/MandatoryProducts/QCOrder/Gazette_SO2920_E.pdf,downloaded,1729037,566cc9a707965a368d4c657e5859aa08a779a853782feb8fc8a93da330119c78,2026-09-26,data/raw/pdf/product_qco/qco_gazette_so2920_e.pdf,
qco_gazette_notification_quality_control_order_2183_30052018,https://www.bis.gov.in/MandatoryProducts/QCOrder/Gazette_notification_quality_control_order_2183_30052018.pdf,downloaded,1824852,c8693edd6ada02ee913a474e044aae2829d7e8d24da7d1800fae227a8f7fe401,2026-09-26,data/raw/pdf/product_qco/qco_gazette_notification_quality_control_order_2183_30052018.pdf,
qco_mnre_notification_published_in_gazette_on_12_10_2018,https://www.bis.gov.in/wp-content/uploads/2018/12/MNRE-notification-published-in-Gazette-on-12-10-2018.pdf,downloaded,1713068,8edd247111109e44f0bba87e84ea110d995a40a925b1ddc5109a19d87c8d7031,2026-09-26,data/raw/pdf/product_qco/qco_mnre_notification_published_in_gazette_on_12_10_2018.pdf,
qco_solar_inverter_qco_extension1,https://www.bis.gov.in/wp-content/uploads/2023/02/Solar-Inverter-QCO-extension1.pdf,downloaded,477587,46ed1534b0e1bd5e2547cba00d4fa106d052daf67ace6d5508d079a5d53f24f1,2026-09-26,data/raw/pdf/product_qco/qco_solar_inverter_qco_extension1.pdf,
qco_mnre_qco_solar_pv_products_standards_essentialrequirements,https://www.bis.gov.in/wp-content/uploads/2025/01/MNRE-QCO-Solar-PV-Products-Standards-EssentialRequirements.pdf,downloaded,1935459,33af9264803f8f7c8091d4a1d100e27257142241fb752f6e1d8138f2da382dd7,2026-09-26,data/raw/pdf/product_qco/qco_mnre_qco_solar_pv_products_standards_essentialrequirements.pdf,
qco_solar_systems_devices_and_components_goods_order_2025,https://www.bis.gov.in/wp-content/uploads/2025/08/Solar-Systems-Devices-and-Components-Goods-Order-2025.pdf,downloaded,587080,6ca83dd9cf9980a0bb3a23e37b2b0116f1b5e59d140f9dbb730fd430355bf8c3,2026-09-26,data/raw/pdf/product_qco/qco_solar_systems_devices_and_components_goods_order_2025.pdf,
qco_ortho_phosphoric_acid_quality_control_order_2021_1,https://www.bis.gov.in/wp-content/uploads/2021/06/Ortho-Phosphoric-Acid-Quality-Control-Order-2021-1.pdf,downloaded,1233638,baff4900709c3f9916b55846e55fc3d2d8d72522854a019b66b1133582bf11f2,2026-09-26,data/raw/pdf/product_qco/qco_ortho_phosphoric_acid_quality_control_order_2021_1.pdf,
qco_extension_of_methylene_chloride_and_ortho_phosphoric_acid,https://www.bis.gov.in/wp-content/uploads/2021/12/Extension-of-Methylene-Chloride-and-Ortho-Phosphoric-Acid.pdf,skipped,0,,2026-09-26,data/raw/pdf/product_qco/qco_extension_of_methylene_chloride_and_ortho_phosphoric_acid.pdf,already downloaded
qco_extension_of_enforcement_date_of_3_qcos,https://www.bis.gov.in/wp-content/uploads/2022/05/Extension-of-enforcement-date-of-3-QCOs.pdf,skipped,0,,2026-09-26,data/raw/pdf/product_qco/qco_extension_of_enforcement_date_of_3_qcos.pdf,already downloaded
qco_ortho_phosphoric_acid_quality_controlamendment_order_2024,https://www.bis.gov.in/wp-content/uploads/2024/04/Ortho-Phosphoric-Acid-Quality-ControlAmendment-order-2024.pdf,downloaded,1532814,35b5474768d254cfd2f5e1229cbccca6ae40b9fa4ef4910d0cfaeff9bc06cde0,2026-09-26,data/raw/pdf/product_qco/qco_ortho_phosphoric_acid_quality_controlamendment_order_2024.pdf,
qco_ortho_phosphoric_acid_quality_control_second_amendment_order_2024,https://www.bis.gov.in/wp-content/uploads/2024/07/Ortho-Phosphoric-Acid-Quality-Control-Second-Amendment-order-2024.pdf,downloaded,2124049,fc762d3b565028d56b439931d7535a0805c77fd8c754d235de8440ac31d36ffa,2026-09-26,data/raw/pdf/product_qco/qco_ortho_phosphoric_acid_quality_control_second_amendment_order_2024.pdf,
qco_qco_on_polyphosphoric_acid,https://www.bis.gov.in/wp-content/uploads/2022/01/QCO-on-Polyphosphoric-Acid.pdf,downloaded,1748276,1af174eaf0e17d8a7f3ba516a441607683b6461d888be509fd2a1bf3f81d8d1e,2026-09-26,data/raw/pdf/product_qco/qco_qco_on_polyphosphoric_acid.pdf,
qco_trimethyl_phosphite_quality_control_order_2022,https://www.bis.gov.in/wp-content/uploads/2022/04/Trimethyl-phosphite-Quality-Control-Order-2022.pdf,downloaded,1382521,dcd8a89ffdebf3c3bd13797f1795fd94fb8723ab3d55930b905923206285abb6,2026-09-26,data/raw/pdf/product_qco/qco_trimethyl_phosphite_quality_control_order_2022.pdf,
qco_cotton_bales_qco_20231,https://www.bis.gov.in/wp-content/uploads/2023/03/Cotton-Bales-QCO-20231.pdf,downloaded,1144679,1a4639413182890c7f910ccb25bc08608fb3bd131fe0316adfae465e783c2a95,2026-09-26,data/raw/pdf/product_qco/qco_cotton_bales_qco_20231.pdf,
qco_cotton_bales_qco_extension1,https://www.bis.gov.in/wp-content/uploads/2023/08/Cotton-Bales-QCO-Extension1.pdf,downloaded,626880,b00f7a47b13049d3a6e451b34b04ca577de05fe147a0d2730cbe4c33278ca0c2,2026-09-26,data/raw/pdf/product_qco/qco_cotton_bales_qco_extension1.pdf,
qco_cotton_bales_qco_amndment_2023_28082023,https://www.bis.gov.in/wp-content/uploads/2023/08/Cotton-Bales-QCO-amndment-2023-28082023.pdf,downloaded,573323,34c192af3fe91e1028c0be3406e51b44dbb78a140be64bafc5cc03be9d613c07,2026-09-26,data/raw/pdf/product_qco/qco_cotton_bales_qco_amndment_2023_28082023.pdf,
qco_cotton_bales_qco_2023,https://www.bis.gov.in/wp-content/uploads/2024/08/Cotton-bales-QCO-2023.pdf,downloaded,1617893,0307b7360834a33421d77bd09aa0abfe3cdeccd0bde4395b7895c32900e7eaf4,2026-09-26,data/raw/pdf/product_qco/qco_cotton_bales_qco_2023.pdf,
qco_cotton_bales_quality_control_amendment_order_2023,https://www.bis.gov.in/wp-content/uploads/2025/07/Cotton-Bales-Quality-Control-Amendment-Order-2023.pdf,downloaded,1949452,870eb2d58607095e44849a2d0f873704b6d6e3b6ae2f6ff499f417b239eb7825,2026-09-26,data/raw/pdf/product_qco/qco_cotton_bales_quality_control_amendment_order_2023.pdf,
qco_rescind_order_of_the_cotton_bales_quality_control_order_2023_1,https://www.bis.gov.in/wp-content/uploads/2026/06/Rescind-Order-of-the-Cotton-Bales-Quality-Control-Order-2023-1.pdf,downloaded,519605,698f76d09588c1add54f12bcbcfce75766f48237211e1910c3f700f5efafa2b5,2026-09-26,data/raw/pdf/product_qco/qco_rescind_order_of_the_cotton_bales_quality_control_order_2023_1.pdf,
upcoming_qcos,https://www.bis.gov.in/upcoming-qcos-notified-and-due-for-implementation/?lang=en,downloaded,35431,c34f6a266447a0d34f15c94fc0a3740543c743461f907e5cece3ad083c8e3a82,2026-09-26,data/structured/upcoming_qcos.csv,119 rows -> upcoming_qcos.csv
upcoming_qcos_page,https://www.bis.gov.in/upcoming-qcos-notified-and-due-for-implementation/?lang=en,downloaded,3089,fb4f7e1efbe0a6d8bd0574e317fa26845d18f13817030ce2a4d292c848297ba3,2026-09-26,data/raw/html/product_qco/upcoming_qcos.md,
qco_guidance,https://www.bis.gov.in/wp-content/uploads/2021/07/Guidance-document-on-QCOs-Revised-1.pdf,downloaded,712151,cd386c12fe9ec50f53f788dd7de501a1638fff19e2f8938fecb68c8fc6c17c2c,2026-09-26,data/raw/pdf/product_qco/qco_guidance.pdf,
hm_regulations_2018,https://www.bis.gov.in/wp-content/uploads/2019/02/BIS-Hallmarking-Regulations-2018-Incorp.-Amdt-1.pdf,failed,0,,2026-09-26,,"RemoteProtocolError: peer closed connection without sending complete message body (received 1025532 bytes, expected 1400015)"
hm_regs_amdt_2026,https://www.bis.gov.in/wp-content/uploads/2026/09/Gazette-Notification-of-Hallmarking-Published.pdf,downloaded,635494,679f8a5e5b2097adc2bd9a53d2e47dd0a3292a372f470f104b8ce3db1b90464e,2026-09-26,data/raw/pdf/hallmarking_consumer/hm_regs_amdt_2026.pdf,
hm_order_2020,https://www.bis.gov.in/wp-content/uploads/2020/01/Mandatory-Hallmarking-Order-15.01.2020.pdf,downloaded,477704,1f38c9758aa65ce6a0c6ce1f98e8388bb1883ad4c3d65c11efbdd9b4189cc016,2026-09-26,data/raw/pdf/hallmarking_consumer/hm_order_2020.pdf,
hm_order_june_2021,https://www.bis.gov.in/wp-content/uploads/2021/06/qc-order-June-2021-2.pdf,downloaded,1095195,c1a5c930037f185e76b0e68d134ec941541778633a2a6787b723139282701f96,2026-09-26,data/raw/pdf/hallmarking_consumer/hm_order_june_2021.pdf,
hm_overview,https://www.bis.gov.in/hallmarking-overview/?lang=en,downloaded,4648,95d0db604131796cdd83b1c497001a9c39e9ed66a2da011e75cb92786fae0aa3,2026-09-26,data/raw/html/hallmarking_consumer/hm_overview.md,
hm_mandatory_order_page,https://www.bis.gov.in/hallmarking-overview/mandatory-hallmarking-order/?lang=en,downloaded,2749,a8e430a074dd144a47ece98f4dc939b9befe4f2e2ab29857ee8dd95760c75d4e,2026-09-26,data/raw/html/hallmarking_consumer/hm_mandatory_order_page.md,
hm_faq_general,https://www.bis.gov.in/hallmarking-overview/hallmarking-faqs/hallmarking-faq/?lang=en,downloaded,8541,bb5f19bee8349faa0644bce14d33b520d069ebf4cdd99ca3c8ef177808fc0a78,2026-09-26,data/raw/html/hallmarking_consumer/hm_faq_general.md,
hm_faq_general__mandatory,https://www.bis.gov.in/hallmarking-overview/hallmarking-faqs/mandatory/?lang=en,downloaded,2471,d44129b939cb847bc8a766a1fa978d3c0879033e47e929d059dbdc3d9380f8f8,2026-09-26,data/raw/html/hallmarking_consumer/hm_faq_general__mandatory.md,
hm_faq_general__bis_act_and_regulation_faq,https://www.bis.gov.in/hallmarking-overview/hallmarking-faqs/bis-act-and-regulation-faq/?lang=en,downloaded,2847,cb3f792c2ea253b0a7af944372f8d4654e0205927919ff24ddeb8109ebf20945,2026-09-26,data/raw/html/hallmarking_consumer/hm_faq_general__bis_act_and_regulation_faq.md,
hm_jewellers_guidelines,https://www.bis.gov.in/wp-content/uploads/2026/07/Guidelines-for-Jewellers.pdf,downloaded,1981553,413890d7d28e575f5a57bd5997a6d21ea0c31de5c654425def795a4340d7ca20,2026-09-26,data/raw/pdf/hallmarking_consumer/hm_jewellers_guidelines.pdf,
consumer_complaint,https://www.bis.gov.in/consumer-overview/online-complaint-registration/?lang=en,downloaded,709,241aafaa0ed448595f57dd72cc7e7c8abce1d785c37b39d71da41543c2637566,2026-09-26,data/raw/html/hallmarking_consumer/consumer_complaint.md,
consumer_protection,https://www.bis.gov.in/consumer-overview/consumer-protection/?lang=en,downloaded,3586,5cb4a1cb412df8a68d737a54bcc5ce6d285eb1855d51a36526c4d2a7e585858a,2026-09-26,data/raw/html/hallmarking_consumer/consumer_protection.md,
bis_care_app_page,https://www.bis.gov.in/bis-apps/?lang=en,downloaded,250,04dc63648c3845b83e224bf2d6112996f309ab706318405ae5814f0ff3a55583,2026-09-26,data/raw/html/hallmarking_consumer/bis_care_app_page.md,
application_checklist,https://www.bis.gov.in/wp-content/uploads/2018/11/Checklist_for_Application.pdf,downloaded,104088,b0b16b0a4142fe538a2b142a6752c202b97f1ac4def0ca211024138f442ee104,2026-09-26,data/raw/pdf/certification/application_checklist.pdf,
operating_manual_product_cert,https://bis.gov.in/PDF/pdf/rti/operating_manual.pdf,failed,0,,2026-09-26,,HTTP 403
guide_grant_of_licence,https://www.bis.gov.in/wp-content/uploads/2026/02/GrantofLicence-Guidelines-25Feb2026.pdf,downloaded,483290,0c5e8e3445b46fbd58973c266a1db355a08c5ebc6c926bb763ae57ea44cb64df,2026-09-26,data/raw/pdf/certification/guide_grant_of_licence.pdf,
guide_additional_scheme1,https://www.bis.gov.in/wp-content/uploads/2020/09/BIS-DGO-No.3ofYear2020.pdf,downloaded,521927,c905c4d7a325d9b03273c888ae323c0860585242220e7353747eca18a7821e2d,2026-09-26,data/raw/pdf/certification/guide_additional_scheme1.pdf,
guide_non_conformity,https://www.bis.gov.in/wp-content/uploads/2026/02/Dealing-WithNon-Conformity-Guidelines-25Feb2026.pdf,downloaded,319617,ced756a1a4aa683c116f98b87c37a1f392a0d9bc5a5a4e769e30d21977da6ac1,2026-09-26,data/raw/pdf/certification/guide_non_conformity.pdf,
guide_unsatisfactory_performance,https://www.bis.gov.in/wp-content/uploads/2026/02/Dealing-With-Unsatisfactory-Performance-Guidelines-25Feb2026.pdf,downloaded,243163,ca4564388ec0f21fe3c529917e802c8f42ed567bd8211ecf5215b34c523d874b,2026-09-26,data/raw/pdf/certification/guide_unsatisfactory_performance.pdf,
guide_change_in_scope,https://www.bis.gov.in/wp-content/uploads/2021/05/Website-GuidelinesForChangeInScopeOfLicence_may.pdf,downloaded,149013,c36abeaa212f2c0257fa49697356c53c10eb45de9d64b2ddef752115ca78d841,2026-09-26,data/raw/pdf/certification/guide_change_in_scope.pdf,
guide_renewal,https://www.bis.gov.in/wp-content/uploads/2025/03/RenewalGuidelines-WebsiteHosting.pdf,downloaded,203904,af36fc3741833d4b849d1c27e74570e85b801bcf877a5cf0f5dda7bf87518c10,2026-09-26,data/raw/pdf/certification/guide_renewal.pdf,
guide_retesting,https://www.bis.gov.in/wp-content/uploads/2025/07/Guidelines-Samples-Coding-Retesting.pdf,downloaded,87891,927e631422700cc2e24677166c4761a0199b9e467b7742e894396d9ed5ec2149,2026-09-26,data/raw/pdf/certification/guide_retesting.pdf,
guide_factory_surveillance,https://www.bis.gov.in/wp-content/uploads/2026/02/FactorySurveillance-Guidelines-25Feb2026.pdf,downloaded,228417,847fd0446f917face2e9416e60cc188f4f54e55bd4ea50f07d9590b222e5c3eb,2026-09-26,data/raw/pdf/certification/guide_factory_surveillance.pdf,
guide_market_surveillance,https://www.bis.gov.in/wp-content/uploads/2026/02/MarketSurveillance-Guidelines-25Feb2026.pdf,downloaded,196992,e2fb91aa4f7d98f2afa9f8ec32bdf6a580a6bfd309bb6bcc4a4f16da08b6e771,2026-09-26,data/raw/pdf/certification/guide_market_surveillance.pdf,
guide_cbtf_msme,https://www.bis.gov.in/wp-content/uploads/2023/07/GuidelinesForUtilisationOfClusterLabByMSMEs.pdf,downloaded,416670,3cfd761e5c7f91feabd5bf5c524c914beaf428f27e0f96caac0be5846ffbb1de,2026-09-26,data/raw/pdf/certification/guide_cbtf_msme.pdf,
guide_grant_coc,https://www.bis.gov.in/wp-content/uploads/2021/03/Grant-of-CoC-Guidelines.pdf,downloaded,354819,3afeff1f1beedc0f3d6a7111905c1d484aa6415272de3b20a6998934204870db,2026-09-26,data/raw/pdf/certification/guide_grant_coc.pdf,
guide_renewal_coc,https://www.bis.gov.in/wp-content/uploads/2022/01/Guidelines-RenewalOf-CoC.pdf,downloaded,136222,c7506149bea21e50f1768e2c15d47372bee752bd6dba9b9c1e78659190b665f2,2026-09-26,data/raw/pdf/certification/guide_renewal_coc.pdf,
guide_coc_surveillance,https://www.bis.gov.in/wp-content/uploads/2024/07/CoC-Surveillance-Guidelines-BIS-Website.pdf,downloaded,318004,e8341ddecd4f51b8187d35203fa249e495fa4cd56b2d92c907727b33e028556c,2026-09-26,data/raw/pdf/certification/guide_coc_surveillance.pdf,
bis_act_2016,https://www.bis.gov.in/wp-content/uploads/2020/12/BIS-Act-2016.pdf,skipped,0,,2026-09-26,data/raw/pdf/law/bis_act_2016.pdf,already downloaded
bis_act_enforcement,https://www.bis.gov.in/PDF/bs/Act_Enforcement.pdf,failed,0,,2026-09-26,,HTTP 403
bis_rules_2018,https://www.bis.gov.in/wp-content/uploads/2020/10/BIS-Rules-2018_amendments_Sep_15102020.pdf,skipped,0,,2026-09-26,data/raw/pdf/law/bis_rules_2018.pdf,already downloaded
ca_regulations_2018,https://www.bis.gov.in/wp-content/uploads/2019/03/BIS_CA_12032019.pdf,skipped,0,,2026-09-26,data/raw/pdf/law/ca_regulations_2018.pdf,already downloaded
ca_amdt_2026,https://www.bis.gov.in/wp-content/uploads/2026/03/Gazette-Notification-1.pdf,skipped,0,,2026-09-26,data/raw/pdf/law/ca_amdt_2026.pdf,already downloaded
ca_amdt_2026_corrigendum,https://www.bis.gov.in/wp-content/uploads/2026/05/Gazette-Notification-28.04.26.pdf,skipped,0,,2026-09-26,data/raw/pdf/law/ca_amdt_2026_corrigendum.pdf,already downloaded
marking_requirements,https://www.crsbis.in/BIS/app_srv/tdc/gl/docs/Marking%20requirement%20as%20per%20BIS%20(Conformity%20Assessment)%20Regulations.pdf,skipped,0,,2026-09-26,data/raw/pdf/law/marking_requirements.pdf,already downloaded
law_page,https://www.bis.gov.in/the-bureau/bis-act-rules-and-regulations/?lang=en,skipped,0,,2026-09-26,data/raw/html/law/law_page.md,already downloaded
cert_overview,https://www.bis.gov.in/product-certification/product-certification-overview/?lang=en,skipped,0,,2026-09-26,data/raw/html/certification/cert_overview.md,already downloaded
cert_process,https://www.bis.gov.in/product-certification/product-certification-process/?lang=en,skipped,0,,2026-09-26,data/raw/html/certification/cert_process.md,already downloaded
cert_fee,https://www.bis.gov.in/product-certification/product-certification-fee/?lang=en,skipped,0,,2026-09-26,data/raw/html/certification/cert_fee.md,already downloaded
cert_faq,https://www.bis.gov.in/product-certification/product-certification-faq/?lang=en,skipped,0,,2026-09-26,data/raw/html/certification/cert_faq.md,already downloaded
cert_apply_online,https://www.bis.gov.in/product-certification/product-certificatin-apply-online/?lang=en,skipped,0,,2026-09-26,data/raw/html/certification/cert_apply_online.md,already downloaded
simplified_procedure_list,https://www.bis.gov.in/wp-content/uploads/2024/11/List-of-Products-Under-Simplified-Procedure.pdf,skipped,0,,2026-09-26,data/raw/pdf/certification/simplified_procedure_list.pdf,already downloaded
fmcs_overview,https://www.bis.gov.in/fmcs/fmcs-overview/?lang=en,skipped,0,,2026-09-26,data/raw/html/certification/fmcs_overview.md,already downloaded
fmcs_how_to_apply,https://www.bis.gov.in/fmcs/certification-process/how-to-apply/?lang=en,skipped,0,,2026-09-26,data/raw/html/certification/fmcs_how_to_apply.md,already downloaded
fmcs_fee,https://www.bis.gov.in/fmcs/fmcs-fee/?lang=en,skipped,0,,2026-09-26,data/raw/html/certification/fmcs_fee.md,already downloaded
fmcs_faq,https://www.bis.gov.in/fmcs/fmcs-faqs/?lang=en,skipped,0,,2026-09-26,data/raw/html/certification/fmcs_faq.md,already downloaded
crs_order_2021,https://www.bis.gov.in/wp-content/uploads/2021/11/Electronics-and-Information-Technology-Goods-Requirement-of-Compulsory-Registration-Order-2021-1.pdf,skipped,0,,2026-09-26,data/raw/pdf/certification/crs_order_2021.pdf,already downloaded
crs_amdt_mar_2026,https://www.bis.gov.in/wp-content/uploads/2026/05/amendments-to-the-Electronics-and-Information-Technology-Goods-Requirements-for-Compulsory-Registration-2021-1.pdf,skipped,0,,2026-09-26,data/raw/pdf/certification/crs_amdt_mar_2026.pdf,already downloaded
crs_standard_mark_guidelines,https://www.crsbis.in/BIS/app_srv/tdc/BISDesign/docs/StandardMarkGuidelines.pdf,skipped,0,,2026-09-26,data/raw/pdf/certification/crs_standard_mark_guidelines.pdf,already downloaded
scheme1_products_table,https://www.bis.gov.in/product-certification/products-under-compulsory-certification/scheme-1/?lang=en,skipped,0,,2026-09-26,data/structured/products_scheme1.csv,CSV exists
qco_so_no_191_e,https://www.bis.gov.in/MandatoryProducts/QCOrder/SO-No-191(E).pdf,skipped,0,,2026-09-26,data/raw/pdf/product_qco/qco_so_no_191_e.pdf,already downloaded
qco_so_no_189_e,https://www.bis.gov.in/MandatoryProducts/QCOrder/SO-No-189(E).pdf,skipped,0,,2026-09-26,data/raw/pdf/product_qco/qco_so_no_189_e.pdf,already downloaded
qco_so_no_165_e,https://www.bis.gov.in/MandatoryProducts/QCOrder/SO-No-165(E).pdf,skipped,0,,2026-09-26,data/raw/pdf/product_qco/qco_so_no_165_e.pdf,already downloaded
qco_so_no_1172_e,https://www.bis.gov.in/MandatoryProducts/QCOrder/SO-No-1172(E).pdf,skipped,0,,2026-09-26,data/raw/pdf/product_qco/qco_so_no_1172_e.pdf,already downloaded
qco_so_no_512_e,https://www.bis.gov.in/MandatoryProducts/QCOrder/SO-No-512(E).pdf,skipped,0,,2026-09-26,data/raw/pdf/product_qco/qco_so_no_512_e.pdf,already downloaded
qco_so_no_2058_e,https://www.bis.gov.in/MandatoryProducts/QCOrder/SO-No-2058(E).pdf,skipped,0,,2026-09-26,data/raw/pdf/product_qco/qco_so_no_2058_e.pdf,already downloaded
qco_so_no_2604_e,https://www.bis.gov.in/MandatoryProducts/QCOrder/SO-No-2604(E).pdf,skipped,0,,2026-09-26,data/raw/pdf/product_qco/qco_so_no_2604_e.pdf,already downloaded
qco_516_e,https://www.bis.gov.in/MandatoryProducts/QCOrder/516_E.pdf,skipped,0,,2026-09-26,data/raw/pdf/product_qco/qco_516_e.pdf,already downloaded
qco_gsr_no_759_e_b64cf9,https://www.bis.gov.in/MandatoryProducts/QCOrder/GSR-NO-759(E).pdf,skipped,0,,2026-09-26,data/raw/pdf/product_qco/qco_gsr_no_759_e_b64cf9.pdf,already downloaded
qco_gsr_no_760_e,https://www.bis.gov.in/MandatoryProducts/QCOrder/GSR-No-760(E).pdf,skipped,0,,2026-09-26,data/raw/pdf/product_qco/qco_gsr_no_760_e.pdf,already downloaded
qco_de_notification_foodproducts,https://www.bis.gov.in/wp-content/uploads/2024/11/De-notification-FoodProducts.pdf,skipped,0,,2026-09-26,data/raw/pdf/product_qco/qco_de_notification_foodproducts.pdf,already downloaded
qco_fssai_regulation_2011,https://www.bis.gov.in/MandatoryProducts/QCOrder/Food%20Products/FSSAI%20Regulation%202011.pdf,skipped,0,,2026-09-26,data/raw/pdf/product_qco/qco_fssai_regulation_2011.pdf,already downloaded
qco_gsr_no_759_e_dc3eaf,https://www.bis.gov.in/MandatoryProducts/QCOrder/Food%20Products/GSR%20NO%20759(E).pdf,skipped,0,,2026-09-26,data/raw/pdf/product_qco/qco_gsr_no_759_e_dc3eaf.pdf,already downloaded
qco_gazette_notification_prohibition_02_09_2022,https://www.bis.gov.in/wp-content/uploads/2023/02/Gazette_Notification_Prohibition_02_09_2022.pdf,skipped,0,,2026-09-26,data/raw/pdf/product_qco/qco_gazette_notification_prohibition_02_09_2022.pdf,already downloaded
qco_199241,https://indiacode.nic.in/bitstream/123456789/1958/1/199241.pdf,failed,0,,2026-09-26,,HTTP 504
qco_so_no_451_e,https://www.bis.gov.in/MandatoryProducts/QCOrder/SO-No-451(E).pdf,skipped,0,,2026-09-26,data/raw/pdf/product_qco/qco_so_no_451_e.pdf,already downloaded
qco_so_no_2953_e,https://www.bis.gov.in/MandatoryProducts/QCOrder/SO%20No.%202953%20(E).pdf,skipped,0,,2026-09-26,data/raw/pdf/product_qco/qco_so_no_2953_e.pdf,already downloaded
qco_so_no_1057_e,https://www.bis.gov.in/MandatoryProducts/QCOrder/SO%20No.%201057%20(E).pdf,skipped,0,,2026-09-26,data/raw/pdf/product_qco/qco_so_no_1057_e.pdf,already downloaded
qco_so_no_2758_e,https://www.bis.gov.in/MandatoryProducts/QCOrder/SO%20No.%202758%20(E).pdf,skipped,0,,2026-09-26,data/raw/pdf/product_qco/qco_so_no_2758_e.pdf,already downloaded
qco_s_o_1081_e,https://www.bis.gov.in/MandatoryProducts/QCOrder/S.O%201081%20(E).pdf,skipped,0,,2026-09-26,data/raw/pdf/product_qco/qco_s_o_1081_e.pdf,already downloaded
qco_gas_cylinder_amendment_rules_2026,https://www.bis.gov.in/wp-content/uploads/2026/05/Gas-Cylinder-Amendment-Rules-2026.pdf,skipped,0,,2026-09-26,data/raw/pdf/product_qco/qco_gas_cylinder_amendment_rules_2026.pdf,already downloaded
qco_gas_cylinder_second_amendment_rules_05062026,https://www.bis.gov.in/wp-content/uploads/2026/06/Gas-Cylinder-Second-Amendment-Rules-05062026.pdf,skipped,0,,2026-09-26,data/raw/pdf/product_qco/qco_gas_cylinder_second_amendment_rules_05062026.pdf,already downloaded
qco_gsr_no_843_e,https://www.bis.gov.in/MandatoryProducts/QCOrder/GSR%20No.%20843%20(E).pdf,skipped,0,,2026-09-26,data/raw/pdf/product_qco/qco_gsr_no_843_e.pdf,already downloaded
qco_medical_x_ray_qc_order,https://www.bis.gov.in/MandatoryProducts/QCOrder/Medical%20X%20Ray%20QC%20order.pdf,skipped,0,,2026-09-26,data/raw/pdf/product_qco/qco_medical_x_ray_qc_order.pdf,already downloaded
qco_steel_qco_14022020_1,https://www.bis.gov.in/wp-content/uploads/2020/03/Steel-QCO-14022020-1.pdf,skipped,0,,2026-09-26,data/raw/pdf/product_qco/qco_steel_qco_14022020_1.pdf,already downloaded
qco_steel_qco_2020_dated_27th_may_2020,https://www.bis.gov.in/wp-content/uploads/2020/06/Steel-QCO-2020-dated-27th-May-2020.pdf,skipped,0,,2026-09-26,data/raw/pdf/product_qco/qco_steel_qco_2020_dated_27th_may_2020.pdf,already downloaded
qco_steel_qco_dated_17_july_2020_with_corrigendum,https://www.bis.gov.in/wp-content/uploads/2020/07/Steel-QCO-dated-17-July-2020-with-corrigendum.pdf,skipped,0,,2026-09-26,data/raw/pdf/product_qco/qco_steel_qco_dated_17_july_2020_with_corrigendum.pdf,already downloaded
qco_steel_qco_extension_order,https://www.bis.gov.in/wp-content/uploads/2020/07/Steel-QCO-extension-order.pdf,skipped,0,,2026-09-26,data/raw/pdf/product_qco/qco_steel_qco_extension_order.pdf,already downloaded
qco_order_of_extension_in_the_date_of_enforcement_of_quality_control_order,https://www.bis.gov.in/wp-content/uploads/2020/10/Order-of-Extension-in-the-date-of-enforcement-of-Quality-Control-Order.pdf,skipped,0,,2026-09-26,data/raw/pdf/product_qco/qco_order_of_extension_in_the_date_of_enforcement_of_quality_control_order.pdf,already downloaded
qco_qco_on_144_steel_steel_products_1,https://www.bis.gov.in/wp-content/uploads/2020/11/QCO-on-144-Steel-Steel-Products-1.pdf,skipped,0,,2026-09-26,data/raw/pdf/product_qco/qco_qco_on_144_steel_steel_products_1.pdf,already downloaded
qco_145_qco_order,https://www.bis.gov.in/wp-content/uploads/2021/01/145-QCO-Order.pdf,skipped,0,,2026-09-26,data/raw/pdf/product_qco/qco_145_qco_order.pdf,already downloaded
qco_order_of_extension_in_the_enforcement_date_for_indian_standards_covered_under_the_quality_control_order_namely_is_3748_is_7291_and_is_12146,https://www.bis.gov.in/wp-content/uploads/2021/04/Order-of-extension-in-the-enforcement-date-for-Indian-Standards-covered-under-the-Quality-Control-Order-namely-IS-3748-IS-7291-and-IS-12146.pdf,skipped,0,,2026-09-26,data/raw/pdf/product_qco/qco_order_of_extension_in_the_enforcement_date_for_indian_standards_covered_under_the_quality_control_order_namely_is_3748_is_7291_and_is_12146.pdf,already downloaded
qco_order_of_extension_in_the_enforcement_date_for_some_indian_standards_covered_under_the_quality_control_order_namely_is_4398_and_is_3195,https://www.bis.gov.in/wp-content/uploads/2021/04/Order-of-extension-in-the-enforcement-date-for-some-Indian-Standards-covered-under-the-Quality-Control-Order-namely-IS-4398-and-IS-3195.pdf,skipped,0,,2026-09-26,data/raw/pdf/product_qco/qco_order_of_extension_in_the_enforcement_date_for_some_indian_standards_covered_under_the_quality_control_order_namely_is_4398_and_is_3195.pdf,already downloaded
qco_ordero1,https://www.bis.gov.in/wp-content/uploads/2021/04/ORDERO1.pdf,skipped,0,,2026-09-26,data/raw/pdf/product_qco/qco_ordero1.pdf,already downloaded
qco_order_for_extension_in_date_of_enforcement_for_is_1110_and_is_4409,https://www.bis.gov.in/wp-content/uploads/2021/06/Order-for-extension-in-date-of-enforcement-for-IS-1110-and-IS-4409.pdf,skipped,0,,2026-09-26,data/raw/pdf/product_qco/qco_order_for_extension_in_date_of_enforcement_for_is_1110_and_is_4409.pdf,already downloaded
qco_order_of_extension_in_date_of_enforcement_of_is_4432_is_5518_is_12145_is_13387_is_4072_is_13352_covered_under_qulaity_control_order,https://www.bis.gov.in/wp-content/uploads/2021/06/Order-of-Extension-in-date-of-enforcement-of-IS-4432-IS-5518-IS-12145-IS-13387-IS-4072-IS-13352-covered-under-Qulaity-Control-Order.pdf,skipped,0,,2026-09-26,data/raw/pdf/product_qco/qco_order_of_extension_in_date_of_enforcement_of_is_4432_is_5518_is_12145_is_13387_is_4072_is_13352_covered_under_qulaity_control_order.pdf,already downloaded
qco_order_of_extension_in_date_of_enforcement_of_is_7226_and_is_14331_covered_under_qulaity_control_order,https://www.bis.gov.in/wp-content/uploads/2021/06/Order-of-Extension-in-date-of-enforcement-of-IS-7226-and-IS-14331-covered-under-Qulaity-Control-Order.pdf,skipped,0,,2026-09-26,data/raw/pdf/product_qco/qco_order_of_extension_in_date_of_enforcement_of_is_7226_and_is_14331_covered_under_qulaity_control_order.pdf,already downloaded
qco_order_of_extension_in_date_of_enforcement_of_is_6529_covered_under_qulaity_control_order,https://www.bis.gov.in/wp-content/uploads/2021/06/Order-of-Extension-in-date-of-enforcement-of-IS-6529-covered-under-Qulaity-Control-Order.pdf,skipped,0,,2026-09-26,data/raw/pdf/product_qco/qco_order_of_extension_in_date_of_enforcement_of_is_6529_covered_under_qulaity_control_order.pdf,already downloaded
qco_order_of_extension_in_the_enforcement_date_of_quality_control_order_for_tin_plate_and_tin_free_steel,https://www.bis.gov.in/wp-content/uploads/2021/06/Order-of-extension-in-the-enforcement-date-of-Quality-Control-Order-for-Tin-Plate-and-Tin-Free-Steel.pdf,skipped,0,,2026-09-26,data/raw/pdf/product_qco/qco_order_of_extension_in_the_enforcement_date_of_quality_control_order_for_tin_plate_and_tin_free_steel.pdf,already downloaded
qco_extension_in_the_date_of_enforcement_of_quality_control_order_on_is_3748_is_7291_and_is_12146,https://www.bis.gov.in/wp-content/uploads/2021/08/Extension-in-the-date-of-enforcement-of-Quality-Control-Order-on-IS-3748-IS-7291-and-IS-12146.pdf,skipped,0,,2026-09-26,data/raw/pdf/product_qco/qco_extension_in_the_date_of_enforcement_of_quality_control_order_on_is_3748_is_7291_and_is_12146.pdf,already downloaded
qco_order_of_extension_in_the_date_of_enforcement_of_quality_control_order_for_indian_standards_is_4454_part_4_is_11946_is_11947,https://www.bis.gov.in/wp-content/uploads/2021/09/Order-of-extension-in-the-date-of-enforcement-of-Quality-Control-Order-for-Indian-Standards-IS-4454-Part-4-IS-11946-IS-11947.pdf,skipped,0,,2026-09-26,data/raw/pdf/product_qco/qco_order_of_extension_in_the_date_of_enforcement_of_quality_control_order_for_indian_standards_is_4454_part_4_is_11946_is_11947.pdf,already downloaded
qco_extension_order_in_the_date_of_enforcement_of_quality_control_order_for_indian_standards_is_1110_1990_and_is_4409_1973,https://www.bis.gov.in/wp-content/uploads/2021/12/Extension-order-in-the-date-of-enforcement-of-Quality-Control-Order-for-Indian-Standards-IS-1110-1990-and-IS-4409-1973.pdf,skipped,0,,2026-09-26,data/raw/pdf/product_qco/qco_extension_order_in_the_date_of_enforcement_of_quality_control_order_for_indian_standards_is_1110_1990_and_is_4409_1973.pdf,already downloaded
qco_extension_order_is_14331,https://www.bis.gov.in/wp-content/uploads/2021/12/Extension-order-IS-14331.pdf,skipped,0,,2026-09-26,data/raw/pdf/product_qco/qco_extension_order_is_14331.pdf,already downloaded
qco_extension_order_is_13387,https://www.bis.gov.in/wp-content/uploads/2021/12/Extension-order-IS-13387.pdf,skipped,0,,2026-09-26,data/raw/pdf/product_qco/qco_extension_order_is_13387.pdf,already downloaded
qco_qco_extension_order_26042022,https://www.bis.gov.in/wp-content/uploads/2022/05/QCO-Extension-Order-26042022.pdf,skipped,0,,2026-09-26,data/raw/pdf/product_qco/qco_qco_extension_order_26042022.pdf,already downloaded
qco_ministry_of_steel_order_for_extension_of_date_of_implementation_is_1110_is_4409,https://www.bis.gov.in/wp-content/uploads/2022/11/Ministry-of-Steel-Order-for-extension-of-date-of-implementation-IS-1110-IS-4409.pdf,skipped,0,,2026-09-26,data/raw/pdf/product_qco/qco_ministry_of_steel_order_for_extension_of_date_of_implementation_is_1110_is_4409.pdf,already downloaded
qco_extension_oreder_of_is_4409,https://www.bis.gov.in/wp-content/uploads/2023/02/Extension-oreder-of-IS-4409.pdf,skipped,0,,2026-09-26,data/raw/pdf/product_qco/qco_extension_oreder_of_is_4409.pdf,already downloaded
qco_extension_order_is_4409_dt_25_07_2023,https://www.bis.gov.in/wp-content/uploads/2023/07/Extension-order-IS-4409-dt-25-07-2023.pdf,skipped,0,,2026-09-26,data/raw/pdf/product_qco/qco_extension_order_is_4409_dt_25_07_2023.pdf,already downloaded
qco_steel_steel_product_qco_2024,https://www.bis.gov.in/wp-content/uploads/2024/02/Steel-Steel-Product-QCO-2024.pdf,skipped,0,,2026-09-26,data/raw/pdf/product_qco/qco_steel_steel_product_qco_2024.pdf,already downloaded
qco_ferrocnickel_extension_quality_control_order_2024,https://www.bis.gov.in/wp-content/uploads/2024/05/Ferrocnickel-Extension-Quality-Control-Order-2024.pdf,skipped,0,,2026-09-26,data/raw/pdf/product_qco/qco_ferrocnickel_extension_quality_control_order_2024.pdf,already downloaded
qco_is_4409_2023_specification_for_ferronickel,https://www.bis.gov.in/wp-content/uploads/2024/08/IS-4409-2023-Specification-for-Ferronickel.pdf,skipped,0,,2026-09-26,data/raw/pdf/product_qco/qco_is_4409_2023_specification_for_ferronickel.pdf,already downloaded
qco_steel_and_steel_products_qco_2024,https://www.bis.gov.in/wp-content/uploads/2024/09/Steel-and-Steel-Products-QCO-2024.pdf,skipped,0,,2026-09-26,data/raw/pdf/product_qco/qco_steel_and_steel_products_qco_2024.pdf,already downloaded
qco_steel_and_steel_products_quality_control_amendment_order_2025,https://www.bis.gov.in/wp-content/uploads/2025/11/Steel-and-Steel-Products-Quality-Control-Amendment-Order-2025.pdf,skipped,0,,2026-09-26,data/raw/pdf/product_qco/qco_steel_and_steel_products_quality_control_amendment_order_2025.pdf,already downloaded
qco_steel_and_steel_products_quality_control_amendment_order_2026_1,https://www.bis.gov.in/wp-content/uploads/2026/06/Steel-and-Steel-Products-Quality-Control-Amendment-Order-2026-1.pdf,skipped,0,,2026-09-26,data/raw/pdf/product_qco/qco_steel_and_steel_products_quality_control_amendment_order_2026_1.pdf,already downloaded
qco_so_no_2681_e,https://www.bis.gov.in/MandatoryProducts/QCOrder/SO%20No%202681%20(E).pdf,skipped,0,,2026-09-26,data/raw/pdf/product_qco/qco_so_no_2681_e.pdf,already downloaded
qco_so_no_2749_e,https://www.bis.gov.in/MandatoryProducts/QCOrder/SO%20No%202749%20(E).pdf,skipped,0,,2026-09-26,data/raw/pdf/product_qco/qco_so_no_2749_e.pdf,already downloaded
qco_gsr_no_374e,https://www.bis.gov.in/MandatoryProducts/QCOrder/GSR%20No.%20374E.pdf,skipped,0,,2026-09-26,data/raw/pdf/product_qco/qco_gsr_no_374e.pdf,already downloaded
qco_steel_tubes_quality_control_order_2020,https://www.bis.gov.in/wp-content/uploads/2021/01/Steel-Tubes-Quality-Control-Order-2020.pdf,skipped,0,,2026-09-26,data/raw/pdf/product_qco/qco_steel_tubes_quality_control_order_2020.pdf,already downloaded
qco_egazette_malleable_iron_shots_and_grits,https://www.bis.gov.in/wp-content/uploads/2020/08/Egazette-Malleable-Iron-Shots-and-Grits.pdf,failed,0,,2026-09-26,,ReadTimeout: The read operation timed out
qco_transformerqco2014,https://www.bis.gov.in/cert/TransformerQCO2014.pdf,skipped,0,,2026-09-26,data/raw/pdf/product_qco/qco_transformerqco2014.pdf,already downloaded
qco_so_no_1221_e,https://www.bis.gov.in/MandatoryProducts/QCOrder/SO%20No%201221%20(E).pdf,skipped,0,,2026-09-26,data/raw/pdf/product_qco/qco_so_no_1221_e.pdf,already downloaded
qco_so_178e,https://www.bis.gov.in/wp-content/uploads/2019/03/SO-178E.pdf,skipped,0,,2026-09-26,data/raw/pdf/product_qco/qco_so_178e.pdf,already downloaded
qco_so_3207e,https://www.bis.gov.in/wp-content/uploads/2019/03/SO-3207E.pdf,skipped,0,,2026-09-26,data/raw/pdf/product_qco/qco_so_3207e.pdf,already downloaded
qco_s_o_2434_e_electrical_capacitors_qco,https://www.bis.gov.in/MandatoryProducts/QCOrder/S%20O%202434%20(E)Electrical%20Capacitors%20QCO.pdf,skipped,0,,2026-09-26,data/raw/pdf/product_qco/qco_s_o_2434_e_electrical_capacitors_qco.pdf,already downloaded
qco_184588,https://www.bis.gov.in/MandatoryProducts/QCOrder/184588.pdf,skipped,0,,2026-09-26,data/raw/pdf/product_qco/qco_184588.pdf,already downloaded
qco_boricacidqualitycontrolorder_1,https://www.bis.gov.in/wp-content/uploads/2019/06/BoricAcidQualityControlOrder-1.pdf,skipped,0,,2026-09-26,data/raw/pdf/product_qco/qco_boricacidqualitycontrolorder_1.pdf,already downloaded
qco_poly_aluminium_chloride,https://www.bis.gov.in/wp-content/uploads/2019/08/Poly-Aluminium-Chloride.pdf,skipped,0,,2026-09-26,data/raw/pdf/product_qco/qco_poly_aluminium_chloride.pdf,already downloaded
qco_acitic_acid,https://www.bis.gov.in/wp-content/uploads/2019/08/Acitic-acid.pdf,skipped,0,,2026-09-26,data/raw/pdf/product_qco/qco_acitic_acid.pdf,already downloaded
qco_acitic_acid_amendment_order,https://www.bis.gov.in/wp-content/uploads/2020/02/Acitic-acid-amendment-order.pdf,skipped,0,,2026-09-26,data/raw/pdf/product_qco/qco_acitic_acid_amendment_order.pdf,already downloaded
qco_extension_acetic_aciddcpc,https://www.bis.gov.in/wp-content/uploads/2020/07/Extension-Acetic-AcidDCPC.pdf,skipped,0,,2026-09-26,data/raw/pdf/product_qco/qco_extension_acetic_aciddcpc.pdf,already downloaded
qco_acetic_acid_qco_extension,https://www.bis.gov.in/wp-content/uploads/2020/11/Acetic-Acid-QCO-extension.pdf,skipped,0,,2026-09-26,data/raw/pdf/product_qco/qco_acetic_acid_qco_extension.pdf,already downloaded
qco_acetic_acid_amendment_order,https://www.bis.gov.in/wp-content/uploads/2021/06/Acetic-Acid-Amendment-Order.pdf,skipped,0,,2026-09-26,data/raw/pdf/product_qco/qco_acetic_acid_amendment_order.pdf,already downloaded
qco_notifications_for_extension_of_qco_of_aniline_morpholine_acetic_acid_and_methanol_compressed,https://www.bis.gov.in/wp-content/uploads/2022/02/Notifications-for-extension-of-QCO-of-Aniline-Morpholine-Acetic-Acid-and-Methanol_compressed.pdf,skipped,0,,2026-09-26,data/raw/pdf/product_qco/qco_notifications_for_extension_of_qco_of_aniline_morpholine_acetic_acid_and_methanol_compressed.pdf,already downloaded
qco_extension_of_enforcement_date_of_qco_of_morpholine_acetic_acid_methanol_aniline,https://www.bis.gov.in/wp-content/uploads/2022/08/Extension-of-enforcement-date-of-QCO-of-Morpholine-Acetic-Acid-Methanol-Aniline.pdf,skipped,0,,2026-09-26,data/raw/pdf/product_qco/qco_extension_of_enforcement_date_of_qco_of_morpholine_acetic_acid_methanol_aniline.pdf,already downloaded
qco_gazette_notification_for_extension_of_qco_of_10_chemicals,https://www.bis.gov.in/wp-content/uploads/2023/07/Gazette-Notification-for-extension-of-QCO-of-10-Chemicals.pdf,skipped,0,,2026-09-26,data/raw/pdf/product_qco/qco_gazette_notification_for_extension_of_qco_of_10_chemicals.pdf,already downloaded
qco_dcpc_4_products_02022024,https://www.bis.gov.in/wp-content/uploads/2024/02/DCPC-4-Products-02022024.pdf,skipped,0,,2026-09-26,data/raw/pdf/product_qco/qco_dcpc_4_products_02022024.pdf,already downloaded
qco_acetic_acid_methanol_aniline_qco,https://www.bis.gov.in/wp-content/uploads/2024/08/Acetic-acid-Methanol-Aniline-QCO.pdf,skipped,0,,2026-09-26,data/raw/pdf/product_qco/qco_acetic_acid_methanol_aniline_qco.pdf,already downloaded
qco_acetic_acid_qco_2019_withdraw_order_23072025,https://www.bis.gov.in/wp-content/uploads/2025/07/Acetic-Acid-QCO-2019-Withdraw-Order-23072025.pdf,skipped,0,,2026-09-26,data/raw/pdf/product_qco/qco_acetic_acid_qco_2019_withdraw_order_23072025.pdf,already downloaded
qco_aniline,https://www.bis.gov.in/wp-content/uploads/2019/08/Aniline.pdf,skipped,0,,2026-09-26,data/raw/pdf/product_qco/qco_aniline.pdf,already downloaded
qco_aniline_amendment_order_3f9e99,https://www.bis.gov.in/wp-content/uploads/2020/02/Aniline-amendment-order.pdf,skipped,0,,2026-09-26,data/raw/pdf/product_qco/qco_aniline_amendment_order_3f9e99.pdf,already downloaded
qco_extension_aniline_dcpc,https://www.bis.gov.in/wp-content/uploads/2020/07/Extension-Aniline-DCPC.pdf,skipped,0,,2026-09-26,data/raw/pdf/product_qco/qco_extension_aniline_dcpc.pdf,already downloaded
qco_aniline_qco_extension,https://www.bis.gov.in/wp-content/uploads/2020/11/Aniline-QCO-extension.pdf,skipped,0,,2026-09-26,data/raw/pdf/product_qco/qco_aniline_qco_extension.pdf,already downloaded
qco_aniline_amendment_order_00c61e,https://www.bis.gov.in/wp-content/uploads/2021/06/Aniline-Amendment-Order.pdf,failed,0,,2026-09-26,,ReadTimeout: The read operation timed out
qco_gazette_notification_for_extension_of_qco_for_10_chemicals,https://www.bis.gov.in/wp-content/uploads/2023/02/Gazette-Notification-for-extension-of-QCO-for-10-Chemicals.pdf,skipped,0,,2026-09-26,data/raw/pdf/product_qco/qco_gazette_notification_for_extension_of_qco_for_10_chemicals.pdf,already downloaded
qco_aniline_qco_2019_withdraw_order_23072025_1,https://www.bis.gov.in/wp-content/uploads/2025/07/Aniline-QCO-2019-Withdraw-Order-23072025-1.pdf,skipped,0,,2026-09-26,data/raw/pdf/product_qco/qco_aniline_qco_2019_withdraw_order_23072025_1.pdf,already downloaded
qco_methanol,https://www.bis.gov.in/wp-content/uploads/2019/08/Methanol.pdf,skipped,0,,2026-09-26,data/raw/pdf/product_qco/qco_methanol.pdf,already downloaded
qco_methanol_amendment_order_44cd3b,https://www.bis.gov.in/wp-content/uploads/2020/02/Methanol-amendment-order.pdf,skipped,0,,2026-09-26,data/raw/pdf/product_qco/qco_methanol_amendment_order_44cd3b.pdf,already downloaded
qco_extension_methanol_dcpc,https://www.bis.gov.in/wp-content/uploads/2020/07/Extension-Methanol-DCPC.pdf,skipped,0,,2026-09-26,data/raw/pdf/product_qco/qco_extension_methanol_dcpc.pdf,already downloaded
qco_methanol_qco_extension,https://www.bis.gov.in/wp-content/uploads/2020/11/Methanol-QCO-extension.pdf,skipped,0,,2026-09-26,data/raw/pdf/product_qco/qco_methanol_qco_extension.pdf,already downloaded
qco_methanol_amendment_order_903bf0,https://www.bis.gov.in/wp-content/uploads/2021/06/Methanol-Amendment-Order.pdf,skipped,0,,2026-09-26,data/raw/pdf/product_qco/qco_methanol_amendment_order_903bf0.pdf,already downloaded
qco_methanol_qco_2019_withdraw_order_23072025,https://www.bis.gov.in/wp-content/uploads/2025/07/Methanol-QCO-2019-Withdraw-Order-23072025.pdf,skipped,0,,2026-09-26,data/raw/pdf/product_qco/qco_methanol_qco_2019_withdraw_order_23072025.pdf,already downloaded
qco_phthallic_anhydride_qco,https://www.bis.gov.in/wp-content/uploads/2022/12/Phthallic-anhydride-QCO.pdf,skipped,0,,2026-09-26,data/raw/pdf/product_qco/qco_phthallic_anhydride_qco.pdf,already downloaded
qco_phthalic_anhydride_quality_control_amendment_order,https://www.bis.gov.in/wp-content/uploads/2021/01/Phthalic-Anhydride-Quality-Control-Amendment-Order.pdf,skipped,0,,2026-09-26,data/raw/pdf/product_qco/qco_phthalic_anhydride_quality_control_amendment_order.pdf,already downloaded
qco_chemical_products_amendment_order,https://www.bis.gov.in/wp-content/uploads/2021/07/Chemical-products-amendment-order.pdf,skipped,0,,2026-09-26,data/raw/pdf/product_qco/qco_chemical_products_amendment_order.pdf,already downloaded
qco_qco_for_ethylene_glycol_phthalic_anhydride_toluene_terephthalic_acid_n_butyl_acrylate,https://www.bis.gov.in/wp-content/uploads/2022/01/QCO-for-ethylene-glycol-phthalic-anhydride-Toluene-Terephthalic-acid-n-butyl-acrylate.pdf,skipped,0,,2026-09-26,data/raw/pdf/product_qco/qco_qco_for_ethylene_glycol_phthalic_anhydride_toluene_terephthalic_acid_n_butyl_acrylate.pdf,already downloaded
qco_qco_amendment_order14062022,https://www.bis.gov.in/wp-content/uploads/2022/06/QCO-amendment-order14062022.pdf,skipped,0,,2026-09-26,data/raw/pdf/product_qco/qco_qco_amendment_order14062022.pdf,already downloaded
qco_extension_of_date_of_implementation_of_04_petrochemicals_2,https://www.bis.gov.in/wp-content/uploads/2022/12/Extension-of-Date-of-implementation-of-04-Petrochemicals-2.pdf,skipped,0,,2026-09-26,data/raw/pdf/product_qco/qco_extension_of_date_of_implementation_of_04_petrochemicals_2.pdf,already downloaded
qco_14_qcos_for_chemical_products,https://www.bis.gov.in/wp-content/uploads/2020/07/14-QCOs-for-chemical-Products.pdf,skipped,0,,2026-09-26,data/raw/pdf/product_qco/qco_14_qcos_for_chemical_products.pdf,already downloaded
qco_amendment_in_the_pyridine_quality_control_order_2020,https://www.bis.gov.in/wp-content/uploads/2020/12/Amendment-in-the-Pyridine-Quality-Control-Order-2020.pdf,skipped,0,,2026-09-26,data/raw/pdf/product_qco/qco_amendment_in_the_pyridine_quality_control_order_2020.pdf,already downloaded
qco_pyridin_amendment_order,https://www.bis.gov.in/wp-content/uploads/2021/06/Pyridin-Amendment-Order.pdf,skipped,0,,2026-09-26,data/raw/pdf/product_qco/qco_pyridin_amendment_order.pdf,already downloaded
qco_amendment_order_of_various_chemicals_dated_11_march_2022,https://www.bis.gov.in/wp-content/uploads/2022/03/Amendment-order-of-various-chemicals-dated-11-March-2022.pdf,skipped,0,,2026-09-26,data/raw/pdf/product_qco/qco_amendment_order_of_various_chemicals_dated_11_march_2022.pdf,already downloaded
qco_dcpc_extn_of_06_chemicals,https://www.bis.gov.in/wp-content/uploads/2022/08/DCPC-extn-of-06-Chemicals.pdf,skipped,0,,2026-09-26,data/raw/pdf/product_qco/qco_dcpc_extn_of_06_chemicals.pdf,already downloaded
qco_beta_picoline_sodium_tripolyphosphate_and_pyridine_qco,https://www.bis.gov.in/wp-content/uploads/2024/03/Beta-Picoline-Sodium-Tripolyphosphate-and-Pyridine-QCO.pdf,skipped,0,,2026-09-26,data/raw/pdf/product_qco/qco_beta_picoline_sodium_tripolyphosphate_and_pyridine_qco.pdf,already downloaded
qco_beta_picoline_sodium_tripolyphosphate_pyridine_qco_amendment_orders,https://www.bis.gov.in/wp-content/uploads/2025/03/Beta-Picoline-Sodium-Tripolyphosphate-Pyridine-QCO-Amendment-Orders.pdf,skipped,0,,2026-09-26,data/raw/pdf/product_qco/qco_beta_picoline_sodium_tripolyphosphate_pyridine_qco_amendment_orders.pdf,already downloaded
qco_pyridine_qco_2020_rescind_order,https://www.bis.gov.in/wp-content/uploads/2025/11/Pyridine-QCO-2020-Rescind-Order.pdf,skipped,0,,2026-09-26,data/raw/pdf/product_qco/qco_pyridine_qco_2020_rescind_order.pdf,already downloaded
qco_amendment_in_the_gamma_picoline_quality_control_order_2020,https://www.bis.gov.in/wp-content/uploads/2020/12/Amendment-in-the-Gamma-Picoline-Quality-Control-Order-2020.pdf,skipped,0,,2026-09-26,data/raw/pdf/product_qco/qco_amendment_in_the_gamma_picoline_quality_control_order_2020.pdf,already downloaded
qco_gamma_picolin_amendment_order,https://www.bis.gov.in/wp-content/uploads/2021/06/Gamma-Picolin-Amendment-Order.pdf,skipped,0,,2026-09-26,data/raw/pdf/product_qco/qco_gamma_picolin_amendment_order.pdf,already downloaded
qco_amendment_in_the_beta_picoline_quality_control_order_2020,https://www.bis.gov.in/wp-content/uploads/2020/12/Amendment-in-the-Beta-Picoline-Quality-Control-Order-2020.pdf,skipped,0,,2026-09-26,data/raw/pdf/product_qco/qco_amendment_in_the_beta_picoline_quality_control_order_2020.pdf,already downloaded
qco_beta_picoline_amendment_order,https://www.bis.gov.in/wp-content/uploads/2021/06/Beta-Picoline-Amendment-Order.pdf,skipped,0,,2026-09-26,data/raw/pdf/product_qco/qco_beta_picoline_amendment_order.pdf,already downloaded
qco_beta_picoline_qco_2020_rescind_order,https://www.bis.gov.in/wp-content/uploads/2025/11/Beta-Picoline-QCO-2020-Rescind-Order.pdf,skipped,0,,2026-09-26,data/raw/pdf/product_qco/qco_beta_picoline_qco_2020_rescind_order.pdf,already downloaded
qco_amendment_in_the_morpholine_quality_control_order_2020,https://www.bis.gov.in/wp-content/uploads/2021/06/Amendment-in-the-Morpholine-Quality-Control-Order-2020.pdf,skipped,0,,2026-09-26,data/raw/pdf/product_qco/qco_amendment_in_the_morpholine_quality_control_order_2020.pdf,already downloaded
qco_morpholine_qco,https://www.bis.gov.in/wp-content/uploads/2024/08/Morpholine-QCO.pdf,skipped,0,,2026-09-26,data/raw/pdf/product_qco/qco_morpholine_qco.pdf,already downloaded
qco_morpholine_qco_2024,https://www.bis.gov.in/wp-content/uploads/2024/11/Morpholine-QCO-2024.pdf,skipped,0,,2026-09-26,data/raw/pdf/product_qco/qco_morpholine_qco_2024.pdf,already downloaded
qco_morpholine_quality_control_order_2020,https://www.bis.gov.in/wp-content/uploads/2026/04/Morpholine-Quality-Control-Order-2020.pdf,skipped,0,,2026-09-26,data/raw/pdf/product_qco/qco_morpholine_quality_control_order_2020.pdf,already downloaded
qco_amendment_in_the_potassium_carbonate_quality_control_order_2020,https://www.bis.gov.in/wp-content/uploads/2020/12/Amendment-in-the-Potassium-Carbonate-Quality-Control-Order-2020.pdf,skipped,0,,2026-09-26,data/raw/pdf/product_qco/qco_amendment_in_the_potassium_carbonate_quality_control_order_2020.pdf,already downloaded
qco_potassium_carbonate_amendment_order,https://www.bis.gov.in/wp-content/uploads/2021/06/Potassium-Carbonate-Amendment-Order.pdf,skipped,0,,2026-09-26,data/raw/pdf/product_qco/qco_potassium_carbonate_amendment_order.pdf,already downloaded
qco_acetone_extension,https://www.bis.gov.in/wp-content/uploads/2020/09/Acetone-Extension.pdf,skipped,0,,2026-09-26,data/raw/pdf/product_qco/qco_acetone_extension.pdf,already downloaded
qco_acetone_extension_2,https://www.bis.gov.in/wp-content/uploads/2021/03/Acetone-Extension-2.pdf,skipped,0,,2026-09-26,data/raw/pdf/product_qco/qco_acetone_extension_2.pdf,already downloaded
qco_amendment_in_the_acetone_quality_control_order_2020,https://www.bis.gov.in/wp-content/uploads/2021/09/Amendment-in-the-Acetone-Quality-Control-Order-2020.pdf,skipped,0,,2026-09-26,data/raw/pdf/product_qco/qco_amendment_in_the_acetone_quality_control_order_2020.pdf,already downloaded
qco_amendment_in_the_hydrogen_peroxide_quality_control_order_2020,https://www.bis.gov.in/wp-content/uploads/2020/12/Amendment-in-the-Hydrogen-Peroxide-Quality-Control-Order-2020.pdf,skipped,0,,2026-09-26,data/raw/pdf/product_qco/qco_amendment_in_the_hydrogen_peroxide_quality_control_order_2020.pdf,already downloaded
qco_hydrogen_peroxide_amendment_order,https://www.bis.gov.in/wp-content/uploads/2021/06/Hydrogen-Peroxide-Amendment-Order.pdf,skipped,0,,2026-09-26,data/raw/pdf/product_qco/qco_hydrogen_peroxide_amendment_order.pdf,already downloaded
qco_gazette_notification_of_hydrogen_peroxide_dated_24_08_2022,https://www.bis.gov.in/wp-content/uploads/2022/08/Gazette-Notification-of-Hydrogen-Peroxide-dated-24.08.2022.pdf,skipped,0,,2026-09-26,data/raw/pdf/product_qco/qco_gazette_notification_of_hydrogen_peroxide_dated_24_08_2022.pdf,already downloaded
qco_amendment_in_the_sodium_tripolyphosphate_quality_control_order_2020,https://www.bis.gov.in/wp-content/uploads/2020/12/Amendment-in-the-Sodium-Tripolyphosphate-Quality-Control-Order-2020.pdf,skipped,0,,2026-09-26,data/raw/pdf/product_qco/qco_amendment_in_the_sodium_tripolyphosphate_quality_control_order_2020.pdf,already downloaded
qco_sodium_tripolyphosphate_amendment_order,https://www.bis.gov.in/wp-content/uploads/2021/06/Sodium-Tripolyphosphate-Amendment-Order.pdf,skipped,0,,2026-09-26,data/raw/pdf/product_qco/qco_sodium_tripolyphosphate_amendment_order.pdf,already downloaded
qco_sodium_tripolyphosphate_qco_2020_rescind_order,https://www.bis.gov.in/wp-content/uploads/2025/11/Sodium-Tripolyphosphate-QCO-2020-Rescind-Order.pdf,skipped,0,,2026-09-26,data/raw/pdf/product_qco/qco_sodium_tripolyphosphate_qco_2020_rescind_order.pdf,already downloaded
qco_n_butyl_acrylate_qco,https://www.bis.gov.in/wp-content/uploads/2022/12/n-Butyl-Acrylate-QCO.pdf,skipped,0,,2026-09-26,data/raw/pdf/product_qco/qco_n_butyl_acrylate_qco.pdf,already downloaded
qco_amendment_orders_for_various_chemical_products,https://www.bis.gov.in/wp-content/uploads/2021/06/Amendment-Orders-for-various-chemical-Products.pdf,skipped,0,,2026-09-26,data/raw/pdf/product_qco/qco_amendment_orders_for_various_chemical_products.pdf,already downloaded
qco_qco_extension_2_petrochemicals,https://www.bis.gov.in/wp-content/uploads/2023/06/QCO-Extension-2-petrochemicals.pdf,skipped,0,,2026-09-26,data/raw/pdf/product_qco/qco_qco_extension_2_petrochemicals.pdf,already downloaded
qco_n_butyl_acrylate_quality_control_order_2021,https://www.bis.gov.in/wp-content/uploads/2026/04/n-Butyl-Acrylate-Quality-Control-Order-2021.pdf,skipped,0,,2026-09-26,data/raw/pdf/product_qco/qco_n_butyl_acrylate_quality_control_order_2021.pdf,already downloaded
qco_temporary_suspension_of_nbutyl_acrylate_quality_control_order,https://www.bis.gov.in/wp-content/uploads/2026/07/Temporary-suspension-of-nButyl-Acrylate-Quality-Control-Order.pdf,skipped,0,,2026-09-26,data/raw/pdf/product_qco/qco_temporary_suspension_of_nbutyl_acrylate_quality_control_order.pdf,already downloaded
qco_qco_ether_dcpc,https://www.bis.gov.in/wp-content/uploads/2020/07/QCO-Ether-DCPC.pdf,skipped,0,,2026-09-26,data/raw/pdf/product_qco/qco_qco_ether_dcpc.pdf,already downloaded
qco_qco_ethylene_glycol_dcpc,https://www.bis.gov.in/wp-content/uploads/2020/07/QCO-Ethylene-Glycol-DCPC.pdf,skipped,0,,2026-09-26,data/raw/pdf/product_qco/qco_qco_ethylene_glycol_dcpc.pdf,already downloaded
qco_corrigendum_for_quality_control_order_for_ethylene_glycol2020_0,https://www.bis.gov.in/wp-content/uploads/2020/09/Corrigendum-for-Quality-Control-Order-for-Ethylene-Glycol2020_0.pdf,skipped,0,,2026-09-26,data/raw/pdf/product_qco/qco_corrigendum_for_quality_control_order_for_ethylene_glycol2020_0.pdf,already downloaded
qco_ethylene_glycol_quality_control_amendment_order_2020,https://www.bis.gov.in/wp-content/uploads/2021/01/Ethylene-Glycol-Quality-Control-Amendment-Order-2020.pdf,skipped,0,,2026-09-26,data/raw/pdf/product_qco/qco_ethylene_glycol_quality_control_amendment_order_2020.pdf,already downloaded
qco_ethylene_glycol_qco_extension_order28122022,https://www.bis.gov.in/wp-content/uploads/2023/01/Ethylene-glycol-QCO-extension-order28122022.pdf,skipped,0,,2026-09-26,data/raw/pdf/product_qco/qco_ethylene_glycol_qco_extension_order28122022.pdf,already downloaded
qco_extension_of_ethylene_glycol_qco23032023,https://www.bis.gov.in/wp-content/uploads/2023/03/Extension-of-Ethylene-Glycol-QCO23032023.pdf,skipped,0,,2026-09-26,data/raw/pdf/product_qco/qco_extension_of_ethylene_glycol_qco23032023.pdf,already downloaded
qco_ethylene_glycol_rescind_order_2025,https://www.bis.gov.in/wp-content/uploads/2025/11/Ethylene-Glycol-Rescind-Order-2025.pdf,skipped,0,,2026-09-26,data/raw/pdf/product_qco/qco_ethylene_glycol_rescind_order_2025.pdf,already downloaded
qco_toluene_qco,https://www.bis.gov.in/wp-content/uploads/2022/12/Toluene-QCO.pdf,skipped,0,,2026-09-26,data/raw/pdf/product_qco/qco_toluene_qco.pdf,already downloaded
qco_toluene,https://www.bis.gov.in/wp-content/uploads/2023/12/Toluene.pdf,skipped,0,,2026-09-26,data/raw/pdf/product_qco/qco_toluene.pdf,already downloaded
qco_toluene_qco_2024,https://www.bis.gov.in/wp-content/uploads/2024/12/Toluene-QCO-2024.pdf,skipped,0,,2026-09-26,data/raw/pdf/product_qco/qco_toluene_qco_2024.pdf,already downloaded
qco_rescind_toluene_qco_2021,https://www.bis.gov.in/wp-content/uploads/2025/12/Rescind-Toluene-QCO-2021.pdf,skipped,0,,2026-09-26,data/raw/pdf/product_qco/qco_rescind_toluene_qco_2021.pdf,already downloaded
qco_terephthalic_acid_qco,https://www.bis.gov.in/wp-content/uploads/2022/12/Terephthalic-Acid-QCO.pdf,skipped,0,,2026-09-26,data/raw/pdf/product_qco/qco_terephthalic_acid_qco.pdf,already downloaded
qco_terephthalic_acid_rescid_order_2025,https://www.bis.gov.in/wp-content/uploads/2025/11/Terephthalic-Acid-Rescid-Order-2025.pdf,skipped,0,,2026-09-26,data/raw/pdf/product_qco/qco_terephthalic_acid_rescid_order_2025.pdf,already downloaded
qco_methyl_ethyl_n_butyl_acrylate_qco,https://www.bis.gov.in/wp-content/uploads/2020/11/Methyl-Ethyl-n-Butyl-Acrylate-QCO.pdf,skipped,0,,2026-09-26,data/raw/pdf/product_qco/qco_methyl_ethyl_n_butyl_acrylate_qco.pdf,already downloaded
qco_qco_for_ethyl_acrylate_methyl_acrylate_and_vinyl_acetate_monomer,https://www.bis.gov.in/wp-content/uploads/2022/01/QCO-for-ethyl-acrylate-methyl-acrylate-and-Vinyl-acetate-monomer.pdf,skipped,0,,2026-09-26,data/raw/pdf/product_qco/qco_qco_for_ethyl_acrylate_methyl_acrylate_and_vinyl_acetate_monomer.pdf,already downloaded
qco_qco_extension_for_vinyl_acatate_monomer_methyl_acrylate_ethyl_acrylate,https://www.bis.gov.in/wp-content/uploads/2022/06/QCO-Extension-for-Vinyl-acatate-Monomer-Methyl-Acrylate-Ethyl-Acrylate.pdf,skipped,0,,2026-09-26,data/raw/pdf/product_qco/qco_qco_extension_for_vinyl_acatate_monomer_methyl_acrylate_ethyl_acrylate.pdf,already downloaded
qco_extension_in_date_of_implementation_of_03_petrochemicals,https://www.bis.gov.in/wp-content/uploads/2022/11/Extension-in-date-of-implementation-of-03-Petrochemicals.pdf,skipped,0,,2026-09-26,data/raw/pdf/product_qco/qco_extension_in_date_of_implementation_of_03_petrochemicals.pdf,already downloaded
qco_vinyl_acetate_monomer_and_methyl_acrylate,https://www.bis.gov.in/wp-content/uploads/2024/01/Vinyl-Acetate-Monomer-and-Methyl-Acrylate.pdf,skipped,0,,2026-09-26,data/raw/pdf/product_qco/qco_vinyl_acetate_monomer_and_methyl_acrylate.pdf,already downloaded
qco_vinyl_acetate_monomer_and_methyl_acrylate_ethyl_acrylate_quality_comtrol_orders,https://www.bis.gov.in/wp-content/uploads/2024/03/Vinyl-Acetate-Monomer-and-Methyl-Acrylate-Ethyl-Acrylate-Quality-Comtrol-Orders.pdf,skipped,0,,2026-09-26,data/raw/pdf/product_qco/qco_vinyl_acetate_monomer_and_methyl_acrylate_ethyl_acrylate_quality_comtrol_orders.pdf,already downloaded
qco_methyl_acrylate_ethyl_acrylate_quality_control_amendment_order_2025,https://www.bis.gov.in/wp-content/uploads/2025/04/Methyl-Acrylate-Ethyl-Acrylate-Quality-Control-Amendment-Order-2025.pdf,skipped,0,,2026-09-26,data/raw/pdf/product_qco/qco_methyl_acrylate_ethyl_acrylate_quality_control_amendment_order_2025.pdf,already downloaded
qco_rescind_methyl_acrylate_ethyl_acrylate_qco_2021,https://www.bis.gov.in/wp-content/uploads/2025/12/Rescind-Methyl-Acrylate-Ethyl-Acrylate-QCO-2021.pdf,skipped,0,,2026-09-26,data/raw/pdf/product_qco/qco_rescind_methyl_acrylate_ethyl_acrylate_qco_2021.pdf,already downloaded
qco_vinyl_acetate_monomer,https://www.bis.gov.in/wp-content/uploads/2020/11/Vinyl-Acetate-Monomer.pdf,skipped,0,,2026-09-26,data/raw/pdf/product_qco/qco_vinyl_acetate_monomer.pdf,already downloaded
qco_vinyl_acetate_monomer_quality_control_amendment_order_2025,https://www.bis.gov.in/wp-content/uploads/2025/04/Vinyl-Acetate-Monomer-Quality-Control-Amendment-Order-2025.pdf,skipped,0,,2026-09-26,data/raw/pdf/product_qco/qco_vinyl_acetate_monomer_quality_control_amendment_order_2025.pdf,already downloaded
qco_rescind_vinyl_acetate_monomer_qco_2021,https://www.bis.gov.in/wp-content/uploads/2025/12/Rescind-Vinyl-Acetate-Monomer-QCO-2021.pdf,skipped,0,,2026-09-26,data/raw/pdf/product_qco/qco_rescind_vinyl_acetate_monomer_qco_2021.pdf,already downloaded
qco_styrine_qco,https://www.bis.gov.in/wp-content/uploads/2020/11/Styrine-QCO.pdf,skipped,0,,2026-09-26,data/raw/pdf/product_qco/qco_styrine_qco.pdf,already downloaded
qco_qco_amendment_order_for_acrylonitrile_malaeic_anhydried_styrene_vinyl_benzene,https://www.bis.gov.in/wp-content/uploads/2022/03/QCO-amendment-order-for-Acrylonitrile-Malaeic-anhydried-Styrene-Vinyl-Benzene.pdf,skipped,0,,2026-09-26,data/raw/pdf/product_qco/qco_qco_amendment_order_for_acrylonitrile_malaeic_anhydried_styrene_vinyl_benzene.pdf,already downloaded
qco_amended_quality_control_order_for_various_chemicals,https://www.bis.gov.in/wp-content/uploads/2022/04/Amended-Quality-Control-Order-for-various-chemicals.pdf,skipped,0,,2026-09-26,data/raw/pdf/product_qco/qco_amended_quality_control_order_for_various_chemicals.pdf,already downloaded
qco_date_of_extn_of_qco_of_12_gazette_evapepolyester_yarnslab,https://www.bis.gov.in/wp-content/uploads/2022/10/Date-of-Extn.-of-QCO_of_12_gazette_EVAPEPolyester_yarnsLAB.pdf,skipped,0,,2026-09-26,data/raw/pdf/product_qco/qco_date_of_extn_of_qco_of_12_gazette_evapepolyester_yarnslab.pdf,already downloaded
qco_qco_extension_for_03_petrochemicals,https://www.bis.gov.in/wp-content/uploads/2023/04/QCO-Extension-for-03-Petrochemicals.pdf,skipped,0,,2026-09-26,data/raw/pdf/product_qco/qco_qco_extension_for_03_petrochemicals.pdf,already downloaded
qco_amendment_order_of_4_dcpc_products,https://www.bis.gov.in/wp-content/uploads/2024/03/Amendment-order-of-4-DCPC-products.pdf,skipped,0,,2026-09-26,data/raw/pdf/product_qco/qco_amendment_order_of_4_dcpc_products.pdf,already downloaded
qco_quality_control_orders_for_maleic_anhydride_acrylonitrile_and_styrene_vinyl_benzene_amendment,https://www.bis.gov.in/wp-content/uploads/2024/10/Quality-Control-Orders-for-Maleic-Anhydride-Acrylonitrile-and-Styrene-Vinyl-Benzene-Amendment.pdf,skipped,0,,2026-09-26,data/raw/pdf/product_qco/qco_quality_control_orders_for_maleic_anhydride_acrylonitrile_and_styrene_vinyl_benzene_amendment.pdf,already downloaded
qco_rescind_order_of_styrene_vinyl_benzene_quality_control_order_2022,https://www.bis.gov.in/wp-content/uploads/2025/10/Rescind-Order-of-Styrene-Vinyl-Benzene-Quality-Control-Order-2022.pdf,skipped,0,,2026-09-26,data/raw/pdf/product_qco/qco_rescind_order_of_styrene_vinyl_benzene_quality_control_order_2022.pdf,already downloaded
qco_maleic_anhydride_qco_1,https://www.bis.gov.in/wp-content/uploads/2020/11/Maleic-Anhydride-QCO-1.pdf,skipped,0,,2026-09-26,data/raw/pdf/product_qco/qco_maleic_anhydride_qco_1.pdf,already downloaded
qco_maleic_anhydride_qco_amendment_01052023,https://www.bis.gov.in/wp-content/uploads/2023/05/Maleic-Anhydride-QCO-amendment-01052023.pdf,skipped,0,,2026-09-26,data/raw/pdf/product_qco/qco_maleic_anhydride_qco_amendment_01052023.pdf,already downloaded
qco_qco_amendment_by_dcpc,https://www.bis.gov.in/wp-content/uploads/2023/10/QCO-amendment-by-DCPC.pdf,skipped,0,,2026-09-26,data/raw/pdf/product_qco/qco_qco_amendment_by_dcpc.pdf,already downloaded
qco_rescind_order_of_maleic_anhydride_quality_control_order_2022,https://www.bis.gov.in/wp-content/uploads/2025/10/Rescind-Order-of-Maleic-Anhydride-Quality-Control-Order-2022.pdf,skipped,0,,2026-09-26,data/raw/pdf/product_qco/qco_rescind_order_of_maleic_anhydride_quality_control_order_2022.pdf,already downloaded
qco_acrylonitrile_qco_1,https://www.bis.gov.in/wp-content/uploads/2020/11/Acrylonitrile-QCO-1.pdf,skipped,0,,2026-09-26,data/raw/pdf/product_qco/qco_acrylonitrile_qco_1.pdf,already downloaded
qco_rescind_order_of_acrylonitrile_quality_control_order_2022,https://www.bis.gov.in/wp-content/uploads/2025/10/Rescind-Order-of-Acrylonitrile-Quality-Control-Order-2022.pdf,skipped,0,,2026-09-26,data/raw/pdf/product_qco/qco_rescind_order_of_acrylonitrile_quality_control_order_2022.pdf,already downloaded
qco_100_percent_polyester_spun_grey_and_white_yarn_quality_control_order_2021,https://www.bis.gov.in/wp-content/uploads/2021/05/100-Percent-Polyester-Spun-Grey-and-White-Yarn-Quality-Control-Order-2021.pdf,skipped,0,,2026-09-26,data/raw/pdf/product_qco/qco_100_percent_polyester_spun_grey_and_white_yarn_quality_control_order_2021.pdf,already downloaded
qco_quality_control_orders_for_chemicals,https://www.bis.gov.in/wp-content/uploads/2021/10/Quality-Control-Orders-for-Chemicals.pdf,skipped,0,,2026-09-26,data/raw/pdf/product_qco/qco_quality_control_orders_for_chemicals.pdf,already downloaded
qco_extension_order_of_06_petrochemicals_31032023,https://www.bis.gov.in/wp-content/uploads/2023/04/Extension-order-of-06-petrochemicals-31032023.pdf,skipped,0,,2026-09-26,data/raw/pdf/product_qco/qco_extension_order_of_06_petrochemicals_31032023.pdf,already downloaded
qco_extension_of_polyester_yarn_qcos17072023,https://www.bis.gov.in/wp-content/uploads/2023/07/Extension-of-Polyester-Yarn-QCOs17072023.pdf,skipped,0,,2026-09-26,data/raw/pdf/product_qco/qco_extension_of_polyester_yarn_qcos17072023.pdf,already downloaded
qco_100_percent_polyester_spun_grey_and_white_yarn_rescind_order_2025,https://www.bis.gov.in/wp-content/uploads/2025/11/100-Percent-Polyester-Spun-Grey-and-White-Yarn-Rescind-Order-2025.pdf,skipped,0,,2026-09-26,data/raw/pdf/product_qco/qco_100_percent_polyester_spun_grey_and_white_yarn_rescind_order_2025.pdf,already downloaded
qco_polyester_qco,https://www.bis.gov.in/wp-content/uploads/2021/05/Polyester-QCO.pdf,skipped,0,,2026-09-26,data/raw/pdf/product_qco/qco_polyester_qco.pdf,already downloaded
qco_polyester_continuous_filament_fully_drawn_yarn_qc_amendment_order_2024,https://www.bis.gov.in/wp-content/uploads/2024/07/Polyester-Continuous-Filament-Fully-Drawn-yarn-QC-Amendment-Order-2024.pdf,skipped,0,,2026-09-26,data/raw/pdf/product_qco/qco_polyester_continuous_filament_fully_drawn_yarn_qc_amendment_order_2024.pdf,already downloaded
qco_polyester_continuous_filament_fully_drawn_yarn_rescind_order_2025,https://www.bis.gov.in/wp-content/uploads/2025/11/Polyester-Continuous-Filament-Fully-Drawn-Yarn-Rescind-Order-2025.pdf,skipped,0,,2026-09-26,data/raw/pdf/product_qco/qco_polyester_continuous_filament_fully_drawn_yarn_rescind_order_2025.pdf,already downloaded
qco_polyester_industrial_yarn_idy_rescind_order_2025,https://www.bis.gov.in/wp-content/uploads/2025/11/Polyester-Industrial-Yarn-IDY-Rescind-Order-2025.pdf,skipped,0,,2026-09-26,data/raw/pdf/product_qco/qco_polyester_industrial_yarn_idy_rescind_order_2025.pdf,already downloaded
qco_polyester_partially_oriented_yarn_rescind_order_2025,https://www.bis.gov.in/wp-content/uploads/2025/11/Polyester-Partially-Oriented-Yarn-Rescind-Order-2025.pdf,skipped,0,,2026-09-26,data/raw/pdf/product_qco/qco_polyester_partially_oriented_yarn_rescind_order_2025.pdf,already downloaded
qco_polyester_staple_fibre_qco_amendement_2023,https://www.bis.gov.in/wp-content/uploads/2023/08/Polyester-Staple-Fibre-QCO-Amendement-2023.pdf,skipped,0,,2026-09-26,data/raw/pdf/product_qco/qco_polyester_staple_fibre_qco_amendement_2023.pdf,already downloaded
qco_polyester_staple_fibres_psf_rescind_order_2025,https://www.bis.gov.in/wp-content/uploads/2025/11/Polyester-Staple-Fibres-PSF-Rescind-Order-2025.pdf,skipped,0,,2026-09-26,data/raw/pdf/product_qco/qco_polyester_staple_fibres_psf_rescind_order_2025.pdf,already downloaded
qco_polyethylene_material_for_moulding_and_extrusion,https://www.bis.gov.in/wp-content/uploads/2024/01/Polyethylene-Material-for-Moulding-and-Extrusion.pdf,skipped,0,,2026-09-26,data/raw/pdf/product_qco/qco_polyethylene_material_for_moulding_and_extrusion.pdf,already downloaded
qco_polyethylene_material_for_moulding_and_extrusion_quality_control_amendment_order_2025_pdf,https://www.bis.gov.in/wp-content/uploads/2025/06/Polyethylene-Material-for-Moulding-and-Extrusion-Quality-Control-Amendment-Order-2025.pdf.pdf,skipped,0,,2026-09-26,data/raw/pdf/product_qco/qco_polyethylene_material_for_moulding_and_extrusion_quality_control_amendment_order_2025_pdf.pdf,already downloaded
qco_polyethylene_material_for_moulding_and_extrusion_rescind_order_2025,https://www.bis.gov.in/wp-content/uploads/2025/11/Polyethylene-Material-for-Moulding-and-Extrusion-Rescind-Order-2025.pdf,skipped,0,,2026-09-26,data/raw/pdf/product_qco/qco_polyethylene_material_for_moulding_and_extrusion_rescind_order_2025.pdf,already downloaded
qco_styrene_butadiene_rubber_latex_quality_control_amendment_order_2024,https://www.bis.gov.in/wp-content/uploads/2024/09/Styrene-Butadiene-Rubber-Latex-Quality-Control-Amendment-Order-2024.pdf,skipped,0,,2026-09-26,data/raw/pdf/product_qco/qco_styrene_butadiene_rubber_latex_quality_control_amendment_order_2024.pdf,already downloaded
qco_linear_alkyl_benzene_qco,https://www.bis.gov.in/wp-content/uploads/2021/05/Linear-Alkyl-Benzene-QCO.pdf,skipped,0,,2026-09-26,data/raw/pdf/product_qco/qco_linear_alkyl_benzene_qco.pdf,already downloaded
qco_linear_alkyl_benzene_quality_control_order_1,https://www.bis.gov.in/wp-content/uploads/2026/04/Linear-Alkyl-Benzene-Quality-Control-Order-1.pdf,skipped,0,,2026-09-26,data/raw/pdf/product_qco/qco_linear_alkyl_benzene_quality_control_order_1.pdf,already downloaded
qco_temporary_suspension_of_linear_alkyl_benzene_quality_control_order,https://www.bis.gov.in/wp-content/uploads/2026/06/Temporary-suspension-of-Linear-Alkyl-Benzene-Quality-Control-Order.pdf,skipped,0,,2026-09-26,data/raw/pdf/product_qco/qco_temporary_suspension_of_linear_alkyl_benzene_quality_control_order.pdf,already downloaded
qco_eva_coplymer_qco,https://www.bis.gov.in/wp-content/uploads/2021/05/EVA-Coplymer-QCO.pdf,skipped,0,,2026-09-26,data/raw/pdf/product_qco/qco_eva_coplymer_qco.pdf,already downloaded
qco_eva_qco_2024,https://www.bis.gov.in/wp-content/uploads/2024/10/EVA-QCO-2024.pdf,skipped,0,,2026-09-26,data/raw/pdf/product_qco/qco_eva_qco_2024.pdf,already downloaded
qco_ethylene_vinyl_acetate_copolymers_quality_control_amendment_order_2025,https://www.bis.gov.in/wp-content/uploads/2025/10/Ethylene-Vinyl-Acetate-Copolymers-Quality-Control-Amendment-Order-2025.pdf,skipped,0,,2026-09-26,data/raw/pdf/product_qco/qco_ethylene_vinyl_acetate_copolymers_quality_control_amendment_order_2025.pdf,already downloaded
qco_ethylene_vinyl_acetate_eva_copolymers_rescind_order_2025,https://www.bis.gov.in/wp-content/uploads/2025/11/Ethylene-Vinyl-Acetate-EVA-Copolymers-Rescind-Order-2025.pdf,skipped,0,,2026-09-26,data/raw/pdf/product_qco/qco_ethylene_vinyl_acetate_eva_copolymers_rescind_order_2025.pdf,already downloaded
qco_3_n_n_di_ethyl_aminophenol_quality_control_order_2021,https://www.bis.gov.in/wp-content/uploads/2021/07/3-N-N-Di-Ethyl-Aminophenol-Quality-Control-Order-2021.pdf,skipped,0,,2026-09-26,data/raw/pdf/product_qco/qco_3_n_n_di_ethyl_aminophenol_quality_control_order_2021.pdf,already downloaded
qco_methylene_chloride_dichloromethane_quality_control_order_2021_1,https://www.bis.gov.in/wp-content/uploads/2021/07/Methylene-Chloride-Dichloromethane-Quality-Control-Order-2021-1.pdf,skipped,0,,2026-09-26,data/raw/pdf/product_qco/qco_methylene_chloride_dichloromethane_quality_control_order_2021_1.pdf,already downloaded
qco_extension_of_methylene_chloride_and_ortho_phosphoric_acid,https://www.bis.gov.in/wp-content/uploads/2021/12/Extension-of-Methylene-Chloride-and-Ortho-Phosphoric-Acid.pdf,skipped,0,,2026-09-26,data/raw/pdf/product_qco/qco_extension_of_methylene_chloride_and_ortho_phosphoric_acid.pdf,already downloaded
qco_extension_of_enforcement_date_of_3_qcos,https://www.bis.gov.in/wp-content/uploads/2022/05/Extension-of-enforcement-date-of-3-QCOs.pdf,skipped,0,,2026-09-26,data/raw/pdf/product_qco/qco_extension_of_enforcement_date_of_3_qcos.pdf,already downloaded
qco_amendment_order_18112022,https://www.bis.gov.in/wp-content/uploads/2022/11/Amendment-order-18112022.pdf,skipped,0,,2026-09-26,data/raw/pdf/product_qco/qco_amendment_order_18112022.pdf,already downloaded
qco_gazette_notification_for_extension_of_qco_for_7_chemicals,https://www.bis.gov.in/wp-content/uploads/2023/04/Gazette_Notification_for_extension_of_QCO_for_7_Chemicals.pdf,skipped,0,,2026-09-26,data/raw/pdf/product_qco/qco_gazette_notification_for_extension_of_qco_for_7_chemicals.pdf,already downloaded
qco_red_phosphorus_quality_control_order_2021_1,https://www.bis.gov.in/wp-content/uploads/2021/07/Red-Phosphorus-Quality-Control-Order-2021-1.pdf,skipped,0,,2026-09-26,data/raw/pdf/product_qco/qco_red_phosphorus_quality_control_order_2021_1.pdf,already downloaded
qco_chemical_products_quality_control_order_2021_3,https://www.bis.gov.in/wp-content/uploads/2021/10/Chemical-Products-Quality-Control-Order-2021-3.pdf,skipped,0,,2026-09-26,data/raw/pdf/product_qco/qco_chemical_products_quality_control_order_2021_3.pdf,already downloaded
qco_quality_control_order_for_abs_and_polyurethanes_amendment_compressed,https://www.bis.gov.in/wp-content/uploads/2022/02/Quality-control-order-for-ABS-and-Polyurethanes-amendment_compressed.pdf,skipped,0,,2026-09-26,data/raw/pdf/product_qco/qco_quality_control_order_for_abs_and_polyurethanes_amendment_compressed.pdf,already downloaded
qco_amendment_order_of_various_chemicals_dated_10_march_2022,https://www.bis.gov.in/wp-content/uploads/2022/03/Amendment-order-of-various-chemicals-dated-10-March-2022.pdf,skipped,0,,2026-09-26,data/raw/pdf/product_qco/qco_amendment_order_of_various_chemicals_dated_10_march_2022.pdf,already downloaded
qco_extension_of_date_of_implementation_of_06_petrochemicals,https://www.bis.gov.in/wp-content/uploads/2022/09/Extension-of-Date-of-implementation-of-06-Petrochemicals.pdf,skipped,0,,2026-09-26,data/raw/pdf/product_qco/qco_extension_of_date_of_implementation_of_06_petrochemicals.pdf,already downloaded
qco_so_1121_1123_qco_extension_order_dcpc_10032023,https://www.bis.gov.in/wp-content/uploads/2023/03/SO_1121-1123_QCO-Extension-order-DCPC-10032023.pdf,skipped,0,,2026-09-26,data/raw/pdf/product_qco/qco_so_1121_1123_qco_extension_order_dcpc_10032023.pdf,already downloaded
qco_acrylonitrile_butadiene_styrene_abs_amendment_qco_2024,https://www.bis.gov.in/wp-content/uploads/2024/12/Acrylonitrile-Butadiene-Styrene-ABS-Amendment-QCO-2024.pdf,skipped,0,,2026-09-26,data/raw/pdf/product_qco/qco_acrylonitrile_butadiene_styrene_abs_amendment_qco_2024.pdf,already downloaded
qco_acrylonitrile_butadiene_styrene_abs_rescind_order_2025,https://www.bis.gov.in/wp-content/uploads/2025/11/Acrylonitrile-Butadiene-Styrene-ABS-Rescind-Order-2025.pdf,skipped,0,,2026-09-26,data/raw/pdf/product_qco/qco_acrylonitrile_butadiene_styrene_abs_rescind_order_2025.pdf,already downloaded
qco_amendment_order_of_ethylene_dichloride_polycarbonatevinyl_chloride_monomer_p_xylene_and_polyurethanes,https://www.bis.gov.in/wp-content/uploads/2024/03/Amendment-order-of-Ethylene-Dichloride-PolycarbonateVinyl-Chloride-Monomer-P-Xylene-and-Polyurethanes.pdf,skipped,0,,2026-09-26,data/raw/pdf/product_qco/qco_amendment_order_of_ethylene_dichloride_polycarbonatevinyl_chloride_monomer_p_xylene_and_polyurethanes.pdf,already downloaded
qco_ethylene_dichloride_vinyl_chloride_monomer_qco,https://www.bis.gov.in/wp-content/uploads/2024/09/Ethylene-Dichloride-Vinyl-Chloride-Monomer-QCO.pdf,skipped,0,,2026-09-26,data/raw/pdf/product_qco/qco_ethylene_dichloride_vinyl_chloride_monomer_qco.pdf,already downloaded
qco_ethylene_dichloride_vinyl_chloride_monomer_polycarbonate_qco_amendments,https://www.bis.gov.in/wp-content/uploads/2025/03/Ethylene-Dichloride-Vinyl-Chloride-Monomer-polycarbonate-QCO-Amendments.pdf,skipped,0,,2026-09-26,data/raw/pdf/product_qco/qco_ethylene_dichloride_vinyl_chloride_monomer_polycarbonate_qco_amendments.pdf,already downloaded
qco_ethylene_dichloride_quality_control_amendment_order_2025,https://www.bis.gov.in/wp-content/uploads/2025/09/Ethylene-Dichloride-Quality-Control-Amendment-Order-2025.pdf,skipped,0,,2026-09-26,data/raw/pdf/product_qco/qco_ethylene_dichloride_quality_control_amendment_order_2025.pdf,already downloaded
qco_rescind_ethylene_dichloride_qco_2021,https://www.bis.gov.in/wp-content/uploads/2025/12/Rescind-Ethylene-Dichloride-QCO-2021.pdf,skipped,0,,2026-09-26,data/raw/pdf/product_qco/qco_rescind_ethylene_dichloride_qco_2021.pdf,already downloaded
qco_qco_amendement_order_for_p_xylene_polyurethanes_1,https://www.bis.gov.in/wp-content/uploads/2022/03/QCO-Amendement-order-for-p-Xylene-Polyurethanes-1.pdf,skipped,0,,2026-09-26,data/raw/pdf/product_qco/qco_qco_amendement_order_for_p_xylene_polyurethanes_1.pdf,already downloaded
qco_244425,https://www.bis.gov.in/wp-content/uploads/2023/03/244425.pdf,skipped,0,,2026-09-26,data/raw/pdf/product_qco/qco_244425.pdf,already downloaded
qco_p_xylene_and_polyurethanes_qco_2024,https://www.bis.gov.in/wp-content/uploads/2024/09/p-Xylene-and-Polyurethanes-QCO-2024.pdf,skipped,0,,2026-09-26,data/raw/pdf/product_qco/qco_p_xylene_and_polyurethanes_qco_2024.pdf,already downloaded
qco_p_xylene_polyurethanes_qco_amendment_2025,https://www.bis.gov.in/wp-content/uploads/2025/03/p-Xylene-Polyurethanes-QCO-Amendment-2025.pdf,skipped,0,,2026-09-26,data/raw/pdf/product_qco/qco_p_xylene_polyurethanes_qco_amendment_2025.pdf,already downloaded
qco_rescind_p_xylene_qco_2021,https://www.bis.gov.in/wp-content/uploads/2025/12/Rescind-p-Xylene-QCO-2021.pdf,skipped,0,,2026-09-26,data/raw/pdf/product_qco/qco_rescind_p_xylene_qco_2021.pdf,already downloaded
qco_polycarbonate_qco_2024,https://www.bis.gov.in/wp-content/uploads/2024/09/Polycarbonate-QCO-2024.pdf,skipped,0,,2026-09-26,data/raw/pdf/product_qco/qco_polycarbonate_qco_2024.pdf,already downloaded
qco_polycarbonate_quality_control_amendment_order_2025,https://www.bis.gov.in/wp-content/uploads/2025/09/Polycarbonate-Quality-Control-Amendment-Order-2025.pdf,skipped,0,,2026-09-26,data/raw/pdf/product_qco/qco_polycarbonate_quality_control_amendment_order_2025.pdf,already downloaded
qco_polycarbonate_rescind_order_2025,https://www.bis.gov.in/wp-content/uploads/2025/11/Polycarbonate-Rescind-Order-2025.pdf,skipped,0,,2026-09-26,data/raw/pdf/product_qco/qco_polycarbonate_rescind_order_2025.pdf,already downloaded
qco_polyurethanes_rescind_order_2025,https://www.bis.gov.in/wp-content/uploads/2025/11/Polyurethanes-Rescind-Order-2025.pdf,skipped,0,,2026-09-26,data/raw/pdf/product_qco/qco_polyurethanes_rescind_order_2025.pdf,already downloaded
qco_amendment_order_25_february_2022_compressed_compressed_1,https://www.bis.gov.in/wp-content/uploads/2022/03/Amendment-order-25-February-2022-compressed_compressed-1.pdf,skipped,0,,2026-09-26,data/raw/pdf/product_qco/qco_amendment_order_25_february_2022_compressed_compressed_1.pdf,already downloaded
qco_vinyl_chloride_monomer_quality_control_amendment_order_2025,https://www.bis.gov.in/wp-content/uploads/2025/09/Vinyl-Chloride-Monomer-Quality-Control-Amendment-Order-2025.pdf,skipped,0,,2026-09-26,data/raw/pdf/product_qco/qco_vinyl_chloride_monomer_quality_control_amendment_order_2025.pdf,already downloaded
qco_rescind_vinyl_chloride_monomer_qco_2020,https://www.bis.gov.in/wp-content/uploads/2025/12/Rescind-Vinyl-Chloride-Monomer-QCO-2020.pdf,skipped,0,,2026-09-26,data/raw/pdf/product_qco/qco_rescind_vinyl_chloride_monomer_qco_2020.pdf,already downloaded
qco_notification_for_08_qcos_from_dcpc_27042022_47ded9,https://www.bis.gov.in/wp-content/uploads/2022/05/Notification-for-08-QCOs-from-DCPC-27042022.pdf,skipped,0,,2026-09-26,data/raw/pdf/product_qco/qco_notification_for_08_qcos_from_dcpc_27042022_47ded9.pdf,already downloaded
qco_notification_for_08_qcos_from_dcpc_27042022_4b4459,https://www.bis.gov.in/wp-content/uploads/2022/11/Notification-for-08-QCOs-from-DCPC-27042022.pdf,skipped,0,,2026-09-26,data/raw/pdf/product_qco/qco_notification_for_08_qcos_from_dcpc_27042022_4b4459.pdf,already downloaded
qco_extension_for_date_of_implementation_of_06_qcos,https://www.bis.gov.in/wp-content/uploads/2022/11/Extension-for-date-of-implementation-of-06-QCOs.pdf,skipped,0,,2026-09-26,data/raw/pdf/product_qco/qco_extension_for_date_of_implementation_of_06_qcos.pdf,already downloaded
qco_amendment_in_06_chemical_qco,https://www.bis.gov.in/wp-content/uploads/2023/10/Amendment-in-06-Chemical-QCO.pdf,skipped,0,,2026-09-26,data/raw/pdf/product_qco/qco_amendment_in_06_chemical_qco.pdf,already downloaded
qco_amendment_order_of_lauric_acid_acid_oil_palm_fatty_acid_rice_bran_fatty_acidcoconut_fatty_acid_and_hydrogenated_rice_bran_fatty_acids,https://www.bis.gov.in/wp-content/uploads/2024/03/Amendment-order-of-Lauric-acid-Acid-oil-Palm-fatty-acid-Rice-bran-fatty-acidCoconut-fatty-acid-and-Hydrogenated-rice-bran-fatty-acids.pdf,skipped,0,,2026-09-26,data/raw/pdf/product_qco/qco_amendment_order_of_lauric_acid_acid_oil_palm_fatty_acid_rice_bran_fatty_acidcoconut_fatty_acid_and_hydrogenated_rice_bran_fatty_acids.pdf,already downloaded
qco_amendment_in_quality_control_order_of_06_chemicals,https://www.bis.gov.in/wp-content/uploads/2024/10/Amendment-in-Quality-Control-Order-of-06-Chemicals.pdf,skipped,0,,2026-09-26,data/raw/pdf/product_qco/qco_amendment_in_quality_control_order_of_06_chemicals.pdf,already downloaded
qco_lauric_acid_quality_control_amendment_order_2025,https://www.bis.gov.in/wp-content/uploads/2025/04/Lauric-Acid-Quality-Control-Amendment-Order-2025.pdf,skipped,0,,2026-09-26,data/raw/pdf/product_qco/qco_lauric_acid_quality_control_amendment_order_2025.pdf,already downloaded
qco_rescind_order_of_lauric_acid_quality_control_order_2022,https://www.bis.gov.in/wp-content/uploads/2025/10/Rescind-Order-of-Lauric-Acid-Quality-Control-Order-2022.pdf,skipped,0,,2026-09-26,data/raw/pdf/product_qco/qco_rescind_order_of_lauric_acid_quality_control_order_2022.pdf,already downloaded
qco_acid_oil_quality_control_amendment_order_2025,https://www.bis.gov.in/wp-content/uploads/2025/04/Acid-Oil-Quality-Control-Amendment-Order-2025.pdf,skipped,0,,2026-09-26,data/raw/pdf/product_qco/qco_acid_oil_quality_control_amendment_order_2025.pdf,already downloaded
qco_rescind_order_of_acid_oil_quality_control_order_2022,https://www.bis.gov.in/wp-content/uploads/2025/10/Rescind-Order-of-Acid-Oil-Quality-Control-Order-2022.pdf,skipped,0,,2026-09-26,data/raw/pdf/product_qco/qco_rescind_order_of_acid_oil_quality_control_order_2022.pdf,already downloaded
qco_palm_fatty_acids_quality_control_amendment_order_2025,https://www.bis.gov.in/wp-content/uploads/2025/04/Palm-Fatty-Acids-Quality-Control-Amendment-Order-2025.pdf,skipped,0,,2026-09-26,data/raw/pdf/product_qco/qco_palm_fatty_acids_quality_control_amendment_order_2025.pdf,already downloaded
qco_rescind_order_of_palm_fatty_acids_quality_control_order_2022,https://www.bis.gov.in/wp-content/uploads/2025/10/Rescind-Order-of-Palm-Fatty-Acids-Quality-Control-Order-2022.pdf,skipped,0,,2026-09-26,data/raw/pdf/product_qco/qco_rescind_order_of_palm_fatty_acids_quality_control_order_2022.pdf,already downloaded
qco_rice_bran_fatty_acids_quality_control_amendment_order_2025,https://www.bis.gov.in/wp-content/uploads/2025/04/Rice-Bran-Fatty-Acids-Quality-Control-Amendment-Order-2025.pdf,skipped,0,,2026-09-26,data/raw/pdf/product_qco/qco_rice_bran_fatty_acids_quality_control_amendment_order_2025.pdf,already downloaded
qco_rescind_order_of_rice_bran_fatty_acids_quality_control_order_2022,https://www.bis.gov.in/wp-content/uploads/2025/10/Rescind-Order-of-Rice-Bran-Fatty-Acids-Quality-Control-Order-2022.pdf,skipped,0,,2026-09-26,data/raw/pdf/product_qco/qco_rescind_order_of_rice_bran_fatty_acids_quality_control_order_2022.pdf,already downloaded
qco_coconut_fatty_acids_quality_control_amendment_order_2025,https://www.bis.gov.in/wp-content/uploads/2025/04/Coconut-Fatty-Acids-Quality-Control-Amendment-Order-2025.pdf,skipped,0,,2026-09-26,data/raw/pdf/product_qco/qco_coconut_fatty_acids_quality_control_amendment_order_2025.pdf,already downloaded
qco_rescind_order_of_coconut_fatty_acids_quality_control_order_2022,https://www.bis.gov.in/wp-content/uploads/2025/10/Rescind-Order-of-Coconut-Fatty-Acids-Quality-Control-Order-2022.pdf,skipped,0,,2026-09-26,data/raw/pdf/product_qco/qco_rescind_order_of_coconut_fatty_acids_quality_control_order_2022.pdf,already downloaded
qco_hydrogenated_rice_bran_fatty_acids_quality_control_amendment_order_2025,https://www.bis.gov.in/wp-content/uploads/2025/04/Hydrogenated-Rice-Bran-Fatty-Acids-Quality-Control-Amendment-Order-2025.pdf,skipped,0,,2026-09-26,data/raw/pdf/product_qco/qco_hydrogenated_rice_bran_fatty_acids_quality_control_amendment_order_2025.pdf,already downloaded
qco_rescind_order_of_hydrogenated_rice_bran_fatty_acids_quality_control_order_2022,https://www.bis.gov.in/wp-content/uploads/2025/10/Rescind-Order-of-Hydrogenated-Rice-Bran-Fatty-Acids-Quality-Control-Order-2022.pdf,skipped,0,,2026-09-26,data/raw/pdf/product_qco/qco_rescind_order_of_hydrogenated_rice_bran_fatty_acids_quality_control_order_2022.pdf,already downloaded
qco_qco_dated_10th_oct2018,https://www.bis.gov.in/MandatoryProducts/QCOrder/QCO_dated_10th_Oct2018.pdf,skipped,0,,2026-09-26,data/raw/pdf/product_qco/qco_qco_dated_10th_oct2018.pdf,already downloaded
qco_air_conditioner_qco,https://www.bis.gov.in/wp-content/uploads/2019/12/Air-Conditioner-QCO.pdf,skipped,0,,2026-09-26,data/raw/pdf/product_qco/qco_air_conditioner_qco.pdf,already downloaded
qco_extension_notification_ac_qco,https://www.bis.gov.in/wp-content/uploads/2020/06/Extension-notification-AC-QCO.pdf,skipped,0,,2026-09-26,data/raw/pdf/product_qco/qco_extension_notification_ac_qco.pdf,already downloaded
qco_air_conditioner_and_its_related_parts_hermetic_compressor_and_temperature_sensing_controls_quality_control_second_amendment_order_2020,https://www.bis.gov.in/wp-content/uploads/2020/12/Air-Conditioner-and-its-related-Parts-Hermetic-Compressor-and-Temperature-Sensing-Controls-Quality-Control-Second-Amendment-Order-2020.pdf,skipped,0,,2026-09-26,data/raw/pdf/product_qco/qco_air_conditioner_and_its_related_parts_hermetic_compressor_and_temperature_sensing_controls_quality_control_second_amendment_order_2020.pdf,already downloaded
qco_air_conditioner_qco_extension_order,https://www.bis.gov.in/wp-content/uploads/2023/01/Air-conditioner-QCO-extension-order.pdf,skipped,0,,2026-09-26,data/raw/pdf/product_qco/qco_air_conditioner_qco_extension_order.pdf,already downloaded
qco_extension_of_date_of_implementation_of_ac_qcopdf_1,https://www.bis.gov.in/wp-content/uploads/2022/12/Extension-of-Date-of-implementation-of-AC-QCOpdf-1.pdf,skipped,0,,2026-09-26,data/raw/pdf/product_qco/qco_extension_of_date_of_implementation_of_ac_qcopdf_1.pdf,already downloaded
qco_air_conditioner_and_its_related_parts,https://www.bis.gov.in/wp-content/uploads/2024/01/Air-Conditioner-and-its-related-parts.pdf,skipped,0,,2026-09-26,data/raw/pdf/product_qco/qco_air_conditioner_and_its_related_parts.pdf,already downloaded
qco_air_conditioner_qco_amendment_order_2025,https://www.bis.gov.in/wp-content/uploads/2025/02/Air-Conditioner-QCO-Amendment-Order-2025.pdf,skipped,0,,2026-09-26,data/raw/pdf/product_qco/qco_air_conditioner_qco_amendment_order_2025.pdf,already downloaded
qco_air_conditioner_and_its_related_parts_hermetic_compressor_and_temperature_sensing_controls_quality_control_amendment_order_2025,https://www.bis.gov.in/wp-content/uploads/2025/04/Air-Conditioner-and-its-related-Parts-Hermetic-Compressor-and-Temperature-Sensing-Controls-Quality-Control-Amendment-Order-2025.pdf,skipped,0,,2026-09-26,data/raw/pdf/product_qco/qco_air_conditioner_and_its_related_parts_hermetic_compressor_and_temperature_sensing_controls_quality_control_amendment_order_2025.pdf,already downloaded
qco_air_conditioner_and_its_related_parts_hermetic_compressor_and_temperature_sensing_controls_quality_control_amendment_order_2025_1_1,https://www.bis.gov.in/wp-content/uploads/2026/04/Air-Conditioner-and-its-related-Parts-Hermetic-Compressor-and-Temperature-Sensing-Controls-Quality-Control-Amendment-Order-2025-1-1.pdf,skipped,0,,2026-09-26,data/raw/pdf/product_qco/qco_air_conditioner_and_its_related_parts_hermetic_compressor_and_temperature_sensing_controls_quality_control_amendment_order_2025_1_1.pdf,already downloaded
qco_air_conditioner_and_its_related_parts_hermetic_compressor_and_temperature_sensing_controls_quality_control_amendment_order_2026_2,https://www.bis.gov.in/wp-content/uploads/2026/05/Air-Conditioner-and-its-related-Parts-Hermetic-Compressor-and-Temperature-Sensing-Controls-Quality-Control-Amendment-Order-2026-2.pdf,skipped,0,,2026-09-26,data/raw/pdf/product_qco/qco_air_conditioner_and_its_related_parts_hermetic_compressor_and_temperature_sensing_controls_quality_control_amendment_order_2026_2.pdf,already downloaded
qco_notification_of_transition_facilitation_quality_control_order_2026,https://www.bis.gov.in/wp-content/uploads/2026/06/Notification-of-Transition-Facilitation-Quality-Control-Order-2026.pdf,skipped,0,,2026-09-26,data/raw/pdf/product_qco/qco_notification_of_transition_facilitation_quality_control_order_2026.pdf,already downloaded
qco_plug_and_socket_qco,https://www.bis.gov.in/wp-content/uploads/2019/12/Plug-and-socket-QCO.pdf,skipped,0,,2026-09-26,data/raw/pdf/product_qco/qco_plug_and_socket_qco.pdf,already downloaded
qco_extension_notification_plug_and_socket,https://www.bis.gov.in/wp-content/uploads/2020/06/Extension-Notification-Plug-and-Socket.pdf,skipped,0,,2026-09-26,data/raw/pdf/product_qco/qco_extension_notification_plug_and_socket.pdf,already downloaded
qco_plugs_and_socket_outlets_and_ac_direct_connected_static_prepayment_meters_for_active_energy_quality_control_order_2021,https://www.bis.gov.in/wp-content/uploads/2021/06/Plugs-and-Socket-Outlets-and-AC-Direct-Connected-Static-Prepayment-Meters-for-Active-Energy-Quality-Control-Order-2021.pdf,skipped,0,,2026-09-26,data/raw/pdf/product_qco/qco_plugs_and_socket_outlets_and_ac_direct_connected_static_prepayment_meters_for_active_energy_quality_control_order_2021.pdf,already downloaded
qco_qco_lpg_stoves,https://www.bis.gov.in/wp-content/uploads/2019/12/QCO-LPG-Stoves.pdf,skipped,0,,2026-09-26,data/raw/pdf/product_qco/qco_qco_lpg_stoves.pdf,already downloaded
qco_qco_on_transparent_float_glass,https://www.bis.gov.in/wp-content/uploads/2020/01/QCO-on-transparent-float-glass.pdf,skipped,0,,2026-09-26,data/raw/pdf/product_qco/qco_qco_on_transparent_float_glass.pdf,already downloaded
qco_extension_order_float_glass,https://www.bis.gov.in/wp-content/uploads/2020/07/Extension-Order-Float-Glass.pdf,skipped,0,,2026-09-26,data/raw/pdf/product_qco/qco_extension_order_float_glass.pdf,already downloaded
qco_transparent_float_glass_quality_control_order_2021,https://www.bis.gov.in/wp-content/uploads/2021/06/Transparent-Float-Glass-Quality-Control-Order-2021.pdf,skipped,0,,2026-09-26,data/raw/pdf/product_qco/qco_transparent_float_glass_quality_control_order_2021.pdf,already downloaded
qco_domestic_pressure_cooker_qco_2020_1,https://www.bis.gov.in/wp-content/uploads/2026/09/Domestic-Pressure-Cooker-QCO-2020-1.pdf,skipped,0,,2026-09-26,data/raw/pdf/product_qco/qco_domestic_pressure_cooker_qco_2020_1.pdf,already downloaded
qco_extension_order_pressure_cooker,https://www.bis.gov.in/wp-content/uploads/2020/07/Extension-Order-Pressure-Cooker.pdf,skipped,0,,2026-09-26,data/raw/pdf/product_qco/qco_extension_order_pressure_cooker.pdf,already downloaded
qco_cables_28012020,https://www.bis.gov.in/wp-content/uploads/2020/01/Cables_28012020.pdf,skipped,0,,2026-09-26,data/raw/pdf/product_qco/qco_cables_28012020.pdf,already downloaded
qco_rubber_hose_lpg_qco,https://www.bis.gov.in/wp-content/uploads/2020/02/Rubber_Hose_LPG_QCO.pdf,skipped,0,,2026-09-26,data/raw/pdf/product_qco/qco_rubber_hose_lpg_qco.pdf,already downloaded
qco_aluminium_foil_qco,https://www.bis.gov.in/wp-content/uploads/2020/02/Aluminium_foil_QCO.pdf,skipped,0,,2026-09-26,data/raw/pdf/product_qco/qco_aluminium_foil_qco.pdf,already downloaded
qco_toy_qc_order,https://www.bis.gov.in/wp-content/uploads/2020/03/Toy_QC_order.pdf,skipped,0,,2026-09-26,data/raw/pdf/product_qco/qco_toy_qc_order.pdf,already downloaded
qco_toys_extension,https://www.bis.gov.in/wp-content/uploads/2020/09/Toys-Extension.pdf,skipped,0,,2026-09-26,data/raw/pdf/product_qco/qco_toys_extension.pdf,already downloaded
qco_toys_quality_control_second_amendment_order_2020,https://www.bis.gov.in/wp-content/uploads/2020/12/Toys-Quality-Control-Second-Amendment-Order-2020.pdf,skipped,0,,2026-09-26,data/raw/pdf/product_qco/qco_toys_quality_control_second_amendment_order_2020.pdf,already downloaded
qco_toys_qco_2024,https://www.bis.gov.in/wp-content/uploads/2024/10/Toys-QCO-2024.pdf,skipped,0,,2026-09-26,data/raw/pdf/product_qco/qco_toys_qco_2024.pdf,already downloaded
qco_notification_of_transition_facilitation_quality_control_order_2026_1,https://www.bis.gov.in/wp-content/uploads/2026/07/Notification-of-Transition-Facilitation-Quality-Control-Order-2026-1.pdf,skipped,0,,2026-09-26,data/raw/pdf/product_qco/qco_notification_of_transition_facilitation_quality_control_order_2026_1.pdf,already downloaded
qco_flat_transparent_sheet_glass_qco,https://www.bis.gov.in/wp-content/uploads/2020/03/Flat-Transparent-Sheet-Glass-QCO.pdf,skipped,0,,2026-09-26,data/raw/pdf/product_qco/qco_flat_transparent_sheet_glass_qco.pdf,already downloaded
qco_extension_order_sheet_glass,https://www.bis.gov.in/wp-content/uploads/2020/07/Extension-Order-Sheet-Glass.pdf,skipped,0,,2026-09-26,data/raw/pdf/product_qco/qco_extension_order_sheet_glass.pdf,already downloaded
qco_flat_transparent_sheet_glass_quality_control_order_2021,https://www.bis.gov.in/wp-content/uploads/2021/10/Flat-Transparent-Sheet-Glass-Quality-Control-Order-2021.pdf,skipped,0,,2026-09-26,data/raw/pdf/product_qco/qco_flat_transparent_sheet_glass_quality_control_order_2021.pdf,already downloaded
qco_safety_glass_qco,https://www.bis.gov.in/wp-content/uploads/2020/03/Safety-Glass-QCO.pdf,skipped,0,,2026-09-26,data/raw/pdf/product_qco/qco_safety_glass_qco.pdf,already downloaded
qco_extension_order_safety_glass,https://www.bis.gov.in/wp-content/uploads/2020/07/Extension-Order-Safety-Glass.pdf,skipped,0,,2026-09-26,data/raw/pdf/product_qco/qco_extension_order_safety_glass.pdf,already downloaded
qco_safety_glass_amendment_order,https://www.bis.gov.in/wp-content/uploads/2020/09/Safety-Glass-Amendment-Order.pdf,skipped,0,,2026-09-26,data/raw/pdf/product_qco/qco_safety_glass_amendment_order.pdf,already downloaded
qco_saftey_glass_extension,https://www.bis.gov.in/wp-content/uploads/2021/03/Saftey-Glass-extension.pdf,skipped,0,,2026-09-26,data/raw/pdf/product_qco/qco_saftey_glass_extension.pdf,already downloaded
qco_extension_of_safety_glass_qco,https://www.bis.gov.in/wp-content/uploads/2022/02/Extension-of-Safety-glass-QCO.pdf,skipped,0,,2026-09-26,data/raw/pdf/product_qco/qco_extension_of_safety_glass_qco.pdf,already downloaded
qco_safety_glass_qco_amendment,https://www.bis.gov.in/wp-content/uploads/2023/04/Safety-Glass-QCO-amendment.pdf,skipped,0,,2026-09-26,data/raw/pdf/product_qco/qco_safety_glass_qco_amendment.pdf,already downloaded
qco_woven_sacks_qco,https://www.bis.gov.in/wp-content/uploads/2020/05/Woven-Sacks-QCO.pdf,skipped,0,,2026-09-26,data/raw/pdf/product_qco/qco_woven_sacks_qco.pdf,already downloaded
qco_butterfly_valve_qco,https://www.bis.gov.in/wp-content/uploads/2020/07/Butterfly-Valve-QCO.pdf,skipped,0,,2026-09-26,data/raw/pdf/product_qco/qco_butterfly_valve_qco.pdf,already downloaded
qco_qco_coc_bycycle_dpiit,https://www.bis.gov.in/wp-content/uploads/2020/07/QCO-CoC-Bycycle-DPIIT.pdf,skipped,0,,2026-09-26,data/raw/pdf/product_qco/qco_qco_coc_bycycle_dpiit.pdf,already downloaded
qco_bicycles_retro_reflective_devices_quality_control_order_2021,https://www.bis.gov.in/wp-content/uploads/2021/06/Bicycles-Retro-Reflective-Devices-Quality-Control-Order-2021.pdf,skipped,0,,2026-09-26,data/raw/pdf/product_qco/qco_bicycles_retro_reflective_devices_quality_control_order_2021.pdf,already downloaded
qco_bicycle,https://www.bis.gov.in/wp-content/uploads/2021/12/Bicycle.pdf,skipped,0,,2026-09-26,data/raw/pdf/product_qco/qco_bicycle.pdf,already downloaded
qco_extension_of_doi_of_bicycles_retro_reflective_devices_quality_control_order_2021,https://www.bis.gov.in/wp-content/uploads/2023/03/Extension-of-DOI-of-Bicycles-Retro-Reflective-Devices-Quality-Control-Order-2021.pdf,skipped,0,,2026-09-26,data/raw/pdf/product_qco/qco_extension_of_doi_of_bicycles_retro_reflective_devices_quality_control_order_2021.pdf,already downloaded
qco_corrigndum_for_bicycyle_reflector_27032023,https://www.bis.gov.in/wp-content/uploads/2023/04/Corrigndum-for-Bicycyle-reflector-27032023.pdf,skipped,0,,2026-09-26,data/raw/pdf/product_qco/qco_corrigndum_for_bicycyle_reflector_27032023.pdf,already downloaded
qco_bicycles_retro_reflective_devices_quality_control_amendment_order_2024,https://www.bis.gov.in/wp-content/uploads/2024/10/Bicycles-Retro-Reflective-Devices-Quality-Control-Amendment-Order-2024.pdf,skipped,0,,2026-09-26,data/raw/pdf/product_qco/qco_bicycles_retro_reflective_devices_quality_control_amendment_order_2024.pdf,already downloaded
qco_qco_copier_paper_dpiit,https://www.bis.gov.in/wp-content/uploads/2020/07/QCO-Copier-paper-DPIIT.pdf,skipped,0,,2026-09-26,data/raw/pdf/product_qco/qco_qco_copier_paper_dpiit.pdf,already downloaded
qco_direction_meat_milk_feed_27_01_2020,https://www.bis.gov.in/wp-content/uploads/2020/07/Direction_Meat_Milk_Feed_27_01_2020.pdf,skipped,0,,2026-09-26,data/raw/pdf/product_qco/qco_direction_meat_milk_feed_27_01_2020.pdf,already downloaded
qco_corrigendum_direction_meat_milk_feed_30_01_2020,https://www.bis.gov.in/wp-content/uploads/2020/07/Corrigendum_Direction_Meat_Milk_Feed_30_01_2020.pdf,skipped,0,,2026-09-26,data/raw/pdf/product_qco/qco_corrigendum_direction_meat_milk_feed_30_01_2020.pdf,already downloaded
qco_extension_timeline_feeds_24_07_20202_1,https://www.bis.gov.in/wp-content/uploads/2020/07/Extension_TimeLine_Feeds_24_07_20202-1.pdf,skipped,0,,2026-09-26,data/raw/pdf/product_qco/qco_extension_timeline_feeds_24_07_20202_1.pdf,already downloaded
qco_extension_of_time_line_for_compliance_dated_01_01_2021,https://www.bis.gov.in/wp-content/uploads/2021/01/Extension-of-time-line-for-compliance-dated-01.01.2021.pdf,skipped,0,,2026-09-26,data/raw/pdf/product_qco/qco_extension_of_time_line_for_compliance_dated_01_01_2021.pdf,already downloaded
qco_extension_of_timeline_for_compliance_with_the_direction_dated_27th_jan_2020_issued_under_16_5_of_food_safety_and_standards_act_2006,https://www.bis.gov.in/wp-content/uploads/2021/08/Extension-of-timeline-for-compliance-with-the-direction-dated-27th-Jan.-2020-issued-under-16-5-of-Food-Safety-and-Standards-Act-2006.pdf,skipped,0,,2026-09-26,data/raw/pdf/product_qco/qco_extension_of_timeline_for_compliance_with_the_direction_dated_27th_jan_2020_issued_under_16_5_of_food_safety_and_standards_act_2006.pdf,already downloaded
qco_wheel_rim_qco,https://www.bis.gov.in/wp-content/uploads/2020/09/Wheel-Rim-QCO.pdf,skipped,0,,2026-09-26,data/raw/pdf/product_qco/qco_wheel_rim_qco.pdf,already downloaded
qco_automobile_wheel_rim_component_quality_control_amendment_order_2021,https://www.bis.gov.in/wp-content/uploads/2021/06/Automobile-Wheel-Rim-Component-Quality-Control-Amendment-Order-2021.pdf,skipped,0,,2026-09-26,data/raw/pdf/product_qco/qco_automobile_wheel_rim_component_quality_control_amendment_order_2021.pdf,already downloaded
qco_automobile_wheel_rim_component_quality_control_order_2020,https://www.bis.gov.in/wp-content/uploads/2021/12/Automobile-Wheel-Rim-Component-Quality-Control-Order-2020.pdf,skipped,0,,2026-09-26,data/raw/pdf/product_qco/qco_automobile_wheel_rim_component_quality_control_order_2020.pdf,already downloaded
qco_whell_rim_qco_amendment_2022,https://www.bis.gov.in/wp-content/uploads/2022/06/Whell-rim-QCO-amendment-2022.pdf,skipped,0,,2026-09-26,data/raw/pdf/product_qco/qco_whell_rim_qco_amendment_2022.pdf,already downloaded
qco_246575,https://www.bis.gov.in/wp-content/uploads/2023/06/246575.pdf,skipped,0,,2026-09-26,data/raw/pdf/product_qco/qco_246575.pdf,already downloaded
qco_automobile_wheel_rim_component,https://www.bis.gov.in/wp-content/uploads/2023/12/Automobile-Wheel-Rim-Component.pdf,skipped,0,,2026-09-26,data/raw/pdf/product_qco/qco_automobile_wheel_rim_component.pdf,already downloaded
qco_footwear_qualitycontrolorder_2020_29october2020,https://www.bis.gov.in/wp-content/uploads/2020/11/Footwear-QualityControlOrder-2020-29October2020.pdf,skipped,0,,2026-09-26,data/raw/pdf/product_qco/qco_footwear_qualitycontrolorder_2020_29october2020.pdf,already downloaded
qco_footwear_made_from_all_rubber_and_all_polymeric_material_and_its_components_quality_control_amendment_order_2020,https://www.bis.gov.in/wp-content/uploads/2020/12/Footwear-made-from-all-Rubber-and-all-Polymeric-material-and-its-components-Quality-Control-Amendment-Order-2020.pdf,skipped,0,,2026-09-26,data/raw/pdf/product_qco/qco_footwear_made_from_all_rubber_and_all_polymeric_material_and_its_components_quality_control_amendment_order_2020.pdf,already downloaded
qco_footwear_made_from_all_rubber_and_all_polymeric_material_and_its_components_quality_control_amendment_order_2021,https://www.bis.gov.in/wp-content/uploads/2021/07/Footwear-made-from-all-Rubber-and-all-Polymeric-material-and-its-components-Quality-Control-Amendment-Order-2021.pdf,skipped,0,,2026-09-26,data/raw/pdf/product_qco/qco_footwear_made_from_all_rubber_and_all_polymeric_material_and_its_components_quality_control_amendment_order_2021.pdf,already downloaded
qco_rescind_order_for_footwear_made_from_all_rubber_all_polymeric_material_and_its_component_qco_2020,https://www.bis.gov.in/wp-content/uploads/2022/06/Rescind-order-for-Footwear-made-from-all-Rubber-all-Polymeric-material-and-its-component-QCO-2020.pdf,skipped,0,,2026-09-26,data/raw/pdf/product_qco/qco_rescind_order_for_footwear_made_from_all_rubber_all_polymeric_material_and_its_component_qco_2020.pdf,already downloaded
qco_leather_footwear_qco_2022,https://www.bis.gov.in/wp-content/uploads/2022/06/Leather-Footwear-QCO-2022.pdf,skipped,0,,2026-09-26,data/raw/pdf/product_qco/qco_leather_footwear_qco_2022.pdf,already downloaded
qco_footwear_made_from_all_rubber_and_all_polymeric_material_amend_qco_2022,https://www.bis.gov.in/wp-content/uploads/2022/11/Footwear-made-from-all-rubber-and-all-Polymeric-material-Amend.-QCO-2022.pdf,skipped,0,,2026-09-26,data/raw/pdf/product_qco/qco_footwear_made_from_all_rubber_and_all_polymeric_material_amend_qco_2022.pdf,already downloaded
qco_gazette_notification,https://www.bis.gov.in/wp-content/uploads/2023/09/Gazette-Notification-.pdf,skipped,0,,2026-09-26,data/raw/pdf/product_qco/qco_gazette_notification.pdf,already downloaded
qco_footwear_made_from_all_rubber_and_all_polymeric_materials_and_its_components_qco_2024,https://www.bis.gov.in/wp-content/uploads/2024/03/Footwear-made-from-All-Rubber-and-all-Polymeric-Materials-and-its-Components-QCO-2024.pdf,skipped,0,,2026-09-26,data/raw/pdf/product_qco/qco_footwear_made_from_all_rubber_and_all_polymeric_materials_and_its_components_qco_2024.pdf,already downloaded
qco_footwear_made_from_all_rubber_and_all_polymeric_material_and_its_qco,https://www.bis.gov.in/wp-content/uploads/2024/09/Footwear-made-from-All-Rubber-and-all-Polymeric-Material-and-its-QCO.pdf,skipped,0,,2026-09-26,data/raw/pdf/product_qco/qco_footwear_made_from_all_rubber_and_all_polymeric_material_and_its_qco.pdf,already downloaded
qco_goods_articles_exemption_order_against_import_order_3fcf18,https://www.bis.gov.in/wp-content/uploads/2026/03/Goods-Articles-Exemption-Order-against-Import-Order.pdf,skipped,0,,2026-09-26,data/raw/pdf/product_qco/qco_goods_articles_exemption_order_against_import_order_3fcf18.pdf,already downloaded
qco_goods_articles_exemption_order_against_purchase_order_b5b2ff,https://www.bis.gov.in/wp-content/uploads/2026/03/Goods-Articles-Exemption-Order-against-Purchase-Order.pdf,skipped,0,,2026-09-26,data/raw/pdf/product_qco/qco_goods_articles_exemption_order_against_purchase_order_b5b2ff.pdf,already downloaded
qco_footwear_made_from_all_rubber_and_all_polymeric_material_and_its_components_quality_control_amendment_order_2026,https://www.bis.gov.in/wp-content/uploads/2026/06/Footwear-made-from-All-Rubber-and-all-Polymeric-Material-and-its-Components-Quality-Control-Amendment-Order-2026.pdf,skipped,0,,2026-09-26,data/raw/pdf/product_qco/qco_footwear_made_from_all_rubber_and_all_polymeric_material_and_its_components_quality_control_amendment_order_2026.pdf,already downloaded
qco_footwearleather_qualitycontrolorder_2020_29october2020,https://www.bis.gov.in/wp-content/uploads/2020/11/FootwearLeather-QualityControlOrder-2020-29October2020.pdf,skipped,0,,2026-09-26,data/raw/pdf/product_qco/qco_footwearleather_qualitycontrolorder_2020_29october2020.pdf,already downloaded
qco_footwear_made_from_leather_and_other_materials_quality_control_amendment_order_2020,https://www.bis.gov.in/wp-content/uploads/2020/12/Footwear-made-from-Leather-and-other-materials-Quality-Control-Amendment-Order-2020.pdf,skipped,0,,2026-09-26,data/raw/pdf/product_qco/qco_footwear_made_from_leather_and_other_materials_quality_control_amendment_order_2020.pdf,already downloaded
qco_footwear_made_from_leather_and_other_materials_quality_control_amendment_order_2021,https://www.bis.gov.in/wp-content/uploads/2021/07/Footwear-made-from-Leather-and-other-materials-Quality-Control-Amendment-Order-2021.pdf,skipped,0,,2026-09-26,data/raw/pdf/product_qco/qco_footwear_made_from_leather_and_other_materials_quality_control_amendment_order_2021.pdf,already downloaded
qco_rescind_order_for_footwear_made_from_leather_other_material_qco_2020,https://www.bis.gov.in/wp-content/uploads/2022/06/Rescind-order-for-Footwear-made-from-Leather-other-material-QCO-2020.pdf,skipped,0,,2026-09-26,data/raw/pdf/product_qco/qco_rescind_order_for_footwear_made_from_leather_other_material_qco_2020.pdf,already downloaded
qco_rubber_polymeric_footwera_qco_2022,https://www.bis.gov.in/wp-content/uploads/2022/06/Rubber-Polymeric-Footwera-QCO-2022.pdf,skipped,0,,2026-09-26,data/raw/pdf/product_qco/qco_rubber_polymeric_footwera_qco_2022.pdf,already downloaded
qco_footwear_made_from_leather_and_other_materials_amend_qco_2022,https://www.bis.gov.in/wp-content/uploads/2022/11/Footwear-Made-from-Leather-and-other-Materials-amend.-QCO-2022.pdf,skipped,0,,2026-09-26,data/raw/pdf/product_qco/qco_footwear_made_from_leather_and_other_materials_amend_qco_2022.pdf,already downloaded
qco_footwear_made_from_leather_and_other_materials_qco_2024,https://www.bis.gov.in/wp-content/uploads/2024/03/Footwear-made-from-Leather-and-other-Materials-QCO-2024.pdf,skipped,0,,2026-09-26,data/raw/pdf/product_qco/qco_footwear_made_from_leather_and_other_materials_qco_2024.pdf,already downloaded
qco_footwear_made_from_leather_and_other_materials_qco,https://www.bis.gov.in/wp-content/uploads/2024/09/Footwear-made-from-Leather-and-other-Materials-QCO.pdf,skipped,0,,2026-09-26,data/raw/pdf/product_qco/qco_footwear_made_from_leather_and_other_materials_qco.pdf,already downloaded
qco_footwear_made_from_leather_and_other_material_quality_control_amendment_order_2026,https://www.bis.gov.in/wp-content/uploads/2026/06/Footwear-made-from-Leather-and-other-Material-Quality-Control-Amendment-Order-2026.pdf,skipped,0,,2026-09-26,data/raw/pdf/product_qco/qco_footwear_made_from_leather_and_other_material_quality_control_amendment_order_2026.pdf,already downloaded
qco_personalprotective_footwearqualitycontrolorder2020_29october2020,https://www.bis.gov.in/wp-content/uploads/2020/11/PersonalProtective-FootwearQualityControlOrder2020-29October2020.pdf,skipped,0,,2026-09-26,data/raw/pdf/product_qco/qco_personalprotective_footwearqualitycontrolorder2020_29october2020.pdf,already downloaded
qco_personal_protective_equipment_footwear_quality_control_amendment_order_2020,https://www.bis.gov.in/wp-content/uploads/2020/12/Personal-Protective-Equipment-Footwear-Quality-Control-Amendment-Order-2020.pdf,skipped,0,,2026-09-26,data/raw/pdf/product_qco/qco_personal_protective_equipment_footwear_quality_control_amendment_order_2020.pdf,already downloaded
qco_personal_protective_equipment_footwear_quality_control_amendment_order_2021,https://www.bis.gov.in/wp-content/uploads/2021/07/Personal-Protective-Equipment-Footwear-Quality-Control-Amendment-Order-2021.pdf,skipped,0,,2026-09-26,data/raw/pdf/product_qco/qco_personal_protective_equipment_footwear_quality_control_amendment_order_2021.pdf,already downloaded
qco_punch_qco,https://www.bis.gov.in/wp-content/uploads/2020/11/Punch-QCO.pdf,skipped,0,,2026-09-26,data/raw/pdf/product_qco/qco_punch_qco.pdf,already downloaded
qco_helmet_for_riders_of_two_wheeler_motor_vehicles_quality_control_order_2020,https://www.bis.gov.in/wp-content/uploads/2020/12/Helmet-for-riders-of-Two-Wheeler-Motor-Vehicles-Quality-Control-Order-2020.pdf,skipped,0,,2026-09-26,data/raw/pdf/product_qco/qco_helmet_for_riders_of_two_wheeler_motor_vehicles_quality_control_order_2020.pdf,already downloaded
qco_refrigerating_appliances_quality_control_order_2020,https://www.bis.gov.in/wp-content/uploads/2020/12/Refrigerating-Appliances-Quality-Control-Order-2020.pdf,skipped,0,,2026-09-26,data/raw/pdf/product_qco/qco_refrigerating_appliances_quality_control_order_2020.pdf,already downloaded
qco_refrigerating_appliances_quality_control_amendemnt_order_2021,https://www.bis.gov.in/wp-content/uploads/2021/12/Refrigerating-Appliances-Quality-Control-Amendemnt-Order-2021.pdf,skipped,0,,2026-09-26,data/raw/pdf/product_qco/qco_refrigerating_appliances_quality_control_amendemnt_order_2021.pdf,already downloaded
qco_e_gazette_notification,https://www.bis.gov.in/wp-content/uploads/2022/12/e-Gazette-notification.pdf,skipped,0,,2026-09-26,data/raw/pdf/product_qco/qco_e_gazette_notification.pdf,already downloaded
qco_refrigerating_appliances_qco_2025,https://www.bis.gov.in/wp-content/uploads/2025/01/Refrigerating-Appliances-QCO-2025.pdf,skipped,0,,2026-09-26,data/raw/pdf/product_qco/qco_refrigerating_appliances_qco_2025.pdf,already downloaded
qco_centrifugally_cast_spun_iron_pipes_quality_control_order_2021,https://www.bis.gov.in/wp-content/uploads/2021/01/Centrifugally-Cast-Spun-Iron-Pipes-Quality-Control-Order-2021.pdf,skipped,0,,2026-09-26,data/raw/pdf/product_qco/qco_centrifugally_cast_spun_iron_pipes_quality_control_order_2021.pdf,already downloaded
qco_flux_cored_tubular_electrodes_quality_control_order_2021,https://www.bis.gov.in/wp-content/uploads/2021/03/Flux-Cored-Tubular-Electrodes-Quality-Control-Order-2021.pdf,skipped,0,,2026-09-26,data/raw/pdf/product_qco/qco_flux_cored_tubular_electrodes_quality_control_order_2021.pdf,already downloaded
qco_household_zig_zag_sewing_machine,https://www.bis.gov.in/wp-content/uploads/2021/03/Household_Zig_Zag_Sewing_Machine.pdf,skipped,0,,2026-09-26,data/raw/pdf/product_qco/qco_household_zig_zag_sewing_machine.pdf,already downloaded
qco_environment_protection_115_amendment_rules_2021,https://www.bis.gov.in/wp-content/uploads/2021/10/Environment-Protection-115-Amendment-Rules-2021.pdf,skipped,0,,2026-09-26,data/raw/pdf/product_qco/qco_environment_protection_115_amendment_rules_2021.pdf,already downloaded
qco_water_purification_system_regulation_of_userules_2023_amendment,https://www.bis.gov.in/wp-content/uploads/2023/11/Water-purification-System-Regulation-of-UseRules-2023-Amendment.pdf,skipped,0,,2026-09-26,data/raw/pdf/product_qco/qco_water_purification_system_regulation_of_userules_2023_amendment.pdf,already downloaded
qco_jute_bags_quality_control_order_2022,https://www.bis.gov.in/wp-content/uploads/2026/05/Jute-Bags-Quality-Control-Order-2022.pdf,skipped,0,,2026-09-26,data/raw/pdf/product_qco/qco_jute_bags_quality_control_order_2022.pdf,already downloaded
qco_viscose_staple_fibres_qco_2022,https://www.bis.gov.in/wp-content/uploads/2025/05/Viscose-Staple-Fibres-QCO-2022.pdf,skipped,0,,2026-09-26,data/raw/pdf/product_qco/qco_viscose_staple_fibres_qco_2022.pdf,already downloaded
qco_so_443_vsf_qco_extension_order27012023,https://www.bis.gov.in/wp-content/uploads/2023/03/SO_443_VSF-QCO-Extension-order27012023.pdf,skipped,0,,2026-09-26,data/raw/pdf/product_qco/qco_so_443_vsf_qco_extension_order27012023.pdf,already downloaded
qco_viscose_staple_fibres_rescind_order_2025,https://www.bis.gov.in/wp-content/uploads/2025/11/Viscose-Staple-Fibres-Rescind-Order-2025.pdf,skipped,0,,2026-09-26,data/raw/pdf/product_qco/qco_viscose_staple_fibres_rescind_order_2025.pdf,already downloaded
qco_geo_textiles_qco_1,https://www.bis.gov.in/wp-content/uploads/2023/04/Geo-textiles-QCO-1.pdf,skipped,0,,2026-09-26,data/raw/pdf/product_qco/qco_geo_textiles_qco_1.pdf,already downloaded
qco_geo_textiles_quality_controlamendment_order_2023,https://www.bis.gov.in/wp-content/uploads/2023/10/Geo-Textiles-Quality-ControlAmendment-Order-2023.pdf,skipped,0,,2026-09-26,data/raw/pdf/product_qco/qco_geo_textiles_quality_controlamendment_order_2023.pdf,already downloaded
qco_ministry_of_textiles_order_2023,https://www.bis.gov.in/wp-content/uploads/2023/10/Ministry-of-Textiles-Order-2023.pdf,skipped,0,,2026-09-26,data/raw/pdf/product_qco/qco_ministry_of_textiles_order_2023.pdf,already downloaded
qco_geotextiles_qco_2024_1,https://www.bis.gov.in/wp-content/uploads/2024/10/Geotextiles-QCO-2024-1.pdf,skipped,0,,2026-09-26,data/raw/pdf/product_qco/qco_geotextiles_qco_2024_1.pdf,already downloaded
qco_protective_textiles_qco_1,https://www.bis.gov.in/wp-content/uploads/2023/04/Protective-textiles-QCO-1.pdf,skipped,0,,2026-09-26,data/raw/pdf/product_qco/qco_protective_textiles_qco_1.pdf,already downloaded
qco_protective_textiles_quality_controlamendment_order_2023,https://www.bis.gov.in/wp-content/uploads/2023/10/Protective-Textiles-Quality-ControlAmendment-Order-2023.pdf,skipped,0,,2026-09-26,data/raw/pdf/product_qco/qco_protective_textiles_quality_controlamendment_order_2023.pdf,already downloaded
qco_protective_textiles_qco_amendment_2024,https://www.bis.gov.in/wp-content/uploads/2024/09/Protective-Textiles-QCO-amendment-2024.pdf,skipped,0,,2026-09-26,data/raw/pdf/product_qco/qco_protective_textiles_qco_amendment_2024.pdf,already downloaded
qco_protextive_textiles_qc_upholstered_composites_used_fror_non_domestic_furniture_order_2024,https://www.bis.gov.in/wp-content/uploads/2024/09/Protextive-Textiles-QC-upholstered-Composites-used-fror-non-domestic-Furniture-Order-2024.pdf,skipped,0,,2026-09-26,data/raw/pdf/product_qco/qco_protextive_textiles_qc_upholstered_composites_used_fror_non_domestic_furniture_order_2024.pdf,already downloaded
qco_flame_producing_lighters_qco_2023_1,https://www.bis.gov.in/wp-content/uploads/2023/07/Flame-producing-Lighters-QCO-2023-1.pdf,downloaded,1291406,04b7729a4f5217e86455fc0f6f9cba9f555246dfdf75aa374a87730a95ae756b,2026-09-26,data/raw/pdf/product_qco/qco_flame_producing_lighters_qco_2023_1.pdf,
qco_flame_producing_lighters_quality_control_amendment_order_2024,https://www.bis.gov.in/wp-content/uploads/2024/09/Flame-Producing-Lighters-Quality-Control-Amendment-Order-2024.pdf,skipped,0,,2026-09-26,data/raw/pdf/product_qco/qco_flame_producing_lighters_quality_control_amendment_order_2024.pdf,already downloaded
qco_amendments_in_quality_control_order,https://www.bis.gov.in/wp-content/uploads/2026/02/Amendments-in-Quality-Control-Order.pdf,skipped,0,,2026-09-26,data/raw/pdf/product_qco/qco_amendments_in_quality_control_order.pdf,already downloaded
qco_pottable_wtaer_bottles_qco_2023_1,https://www.bis.gov.in/wp-content/uploads/2023/07/Pottable-Wtaer-bottles-QCO-2023-1.pdf,skipped,0,,2026-09-26,data/raw/pdf/product_qco/qco_pottable_wtaer_bottles_qco_2023_1.pdf,already downloaded
qco_potable_water_bottles_quality_controlorder_2024,https://www.bis.gov.in/wp-content/uploads/2024/03/Potable-Water-Bottles-Quality-ControlOrder-2024.pdf,skipped,0,,2026-09-26,data/raw/pdf/product_qco/qco_potable_water_bottles_quality_controlorder_2024.pdf,already downloaded
qco_potable_water_bottles_qco,https://www.bis.gov.in/wp-content/uploads/2024/09/Potable-Water-Bottles-QCO.pdf,skipped,0,,2026-09-26,data/raw/pdf/product_qco/qco_potable_water_bottles_qco.pdf,already downloaded
qco_welding_rod_electrode_qco,https://www.bis.gov.in/wp-content/uploads/2023/07/Welding-Rod-Electrode-QCO.pdf,skipped,0,,2026-09-26,data/raw/pdf/product_qco/qco_welding_rod_electrode_qco.pdf,already downloaded
qco_smart_meter_qco,https://www.bis.gov.in/wp-content/uploads/2023/07/Smart-Meter-QCO.pdf,skipped,0,,2026-09-26,data/raw/pdf/product_qco/qco_smart_meter_qco.pdf,already downloaded
qco_insulated_flask_botles_and_containers_for_domestic_use_qco_2023,https://www.bis.gov.in/wp-content/uploads/2023/07/Insulated-Flask-Botles-and-Containers-for-Domestic-Use-QCO-2023.pdf,skipped,0,,2026-09-26,data/raw/pdf/product_qco/qco_insulated_flask_botles_and_containers_for_domestic_use_qco_2023.pdf,already downloaded
qco_insulated_flask_bottles_and_containers_for_domestic_use_qco,https://www.bis.gov.in/wp-content/uploads/2024/03/Insulated-Flask-Bottles-and-Containers-for-Domestic-Use-QCO.pdf,skipped,0,,2026-09-26,data/raw/pdf/product_qco/qco_insulated_flask_bottles_and_containers_for_domestic_use_qco.pdf,already downloaded
qco_insulated_flask_bottles_and_containers_for_domestic_use_qco_29,https://www.bis.gov.in/wp-content/uploads/2024/09/Insulated-Flask-Bottles-and-Containers-for-Domestic-Use-QCO-29.pdf,skipped,0,,2026-09-26,data/raw/pdf/product_qco/qco_insulated_flask_bottles_and_containers_for_domestic_use_qco_29.pdf,already downloaded
qco_resin_treated_compressed_wood_laminates_qco_2023,https://www.bis.gov.in/wp-content/uploads/2023/07/Resin-treated-compressed-wood-laminates-QCO-2023.pdf,skipped,0,,2026-09-26,data/raw/pdf/product_qco/qco_resin_treated_compressed_wood_laminates_qco_2023.pdf,already downloaded
qco_resin_treated_compressed_wood_laminates_qco_2024,https://www.bis.gov.in/wp-content/uploads/2024/03/Resin-Treated-Compressed-Wood-Laminates-QCO-2024.pdf,skipped,0,,2026-09-26,data/raw/pdf/product_qco/qco_resin_treated_compressed_wood_laminates_qco_2024.pdf,already downloaded
qco_goods_articles_exemption_order_against_import_order_2468af,https://www.bis.gov.in/wp-content/uploads/2026/02/Goods-Articles-Exemption-Order-against-Import-Order.pdf,skipped,0,,2026-09-26,data/raw/pdf/product_qco/qco_goods_articles_exemption_order_against_import_order_2468af.pdf,already downloaded
qco_goods_articles_exemption_order_against_purchase_order_1d612d,https://www.bis.gov.in/wp-content/uploads/2026/02/Goods-Articles-Exemption-Order-against-Purchase-Order.pdf,skipped,0,,2026-09-26,data/raw/pdf/product_qco/qco_goods_articles_exemption_order_against_purchase_order_1d612d.pdf,already downloaded
qco_the_bolts_nuts_fastners_qco_2023_1,https://www.bis.gov.in/wp-content/uploads/2023/07/The-Bolts-Nuts-Fastners-QCO-2023-1.pdf,skipped,0,,2026-09-26,data/raw/pdf/product_qco/qco_the_bolts_nuts_fastners_qco_2023_1.pdf,already downloaded
qco_bolts_nuts_and_fateners_qco_2024,https://www.bis.gov.in/wp-content/uploads/2024/07/Bolts-Nuts-and-Fateners-QCO-2024.pdf,skipped,0,,2026-09-26,data/raw/pdf/product_qco/qco_bolts_nuts_and_fateners_qco_2024.pdf,already downloaded
qco_cookwareand_utensils_qco_2023,https://www.bis.gov.in/wp-content/uploads/2023/08/Cookwareand-Utensils-QCO-2023.pdf,skipped,0,,2026-09-26,data/raw/pdf/product_qco/qco_cookwareand_utensils_qco_2023.pdf,already downloaded
qco_cookware_utensils_and_cans_for_foods_and_beverages_qco_2024,https://www.bis.gov.in/wp-content/uploads/2024/03/Cookware-Utensils-and-cans-for-foods-and-beverages-QCO-2024.pdf,skipped,0,,2026-09-26,data/raw/pdf/product_qco/qco_cookware_utensils_and_cans_for_foods_and_beverages_qco_2024.pdf,already downloaded
qco_cookware_utensils_and_cans_for_food_and_beverages_qco_2024,https://www.bis.gov.in/wp-content/uploads/2024/10/Cookware-Utensils-and-cans-for-food-and-beverages-QCO-2024.pdf,skipped,0,,2026-09-26,data/raw/pdf/product_qco/qco_cookware_utensils_and_cans_for_food_and_beverages_qco_2024.pdf,already downloaded
qco_cookware_utensils_and_cans_for_food_and_beverages_qco_2024_1,https://www.bis.gov.in/wp-content/uploads/2024/10/Cookware-Utensils-and-cans-for-food-and-beverages-QCO-2024-1.pdf,skipped,0,,2026-09-26,data/raw/pdf/product_qco/qco_cookware_utensils_and_cans_for_food_and_beverages_qco_2024_1.pdf,already downloaded
qco_cookware_utensils_and_cans_for_foods_and_baverages_qco_2025,https://www.bis.gov.in/wp-content/uploads/2025/08/Cookware-Utensils-and-Cans-for-Foods-and-Baverages-QCO-2025.pdf,skipped,0,,2026-09-26,data/raw/pdf/product_qco/qco_cookware_utensils_and_cans_for_foods_and_baverages_qco_2025.pdf,already downloaded
qco_cookware_utensils_and_cans_for_foods_and_beverages_quality_control_order_2026_0c8a39,https://www.bis.gov.in/wp-content/uploads/2026/01/Cookware-Utensils-and-Cans-for-Foods-and-Beverages-Quality-Control-Order-2026.pdf,skipped,0,,2026-09-26,data/raw/pdf/product_qco/qco_cookware_utensils_and_cans_for_foods_and_beverages_quality_control_order_2026_0c8a39.pdf,already downloaded
qco_cookware_utensils_and_cans_for_foods_and_beverages_quality_control_order_2026_6f5030,https://www.bis.gov.in/wp-content/uploads/2026/04/Cookware-Utensils-and-Cans-for-Foods-and-Beverages-Quality-Control-Order-2026.pdf,skipped,0,,2026-09-26,data/raw/pdf/product_qco/qco_cookware_utensils_and_cans_for_foods_and_beverages_quality_control_order_2026_6f5030.pdf,already downloaded
qco_domestic_gas_stoves_for_use_with_png_qco_2023,https://www.bis.gov.in/wp-content/uploads/2023/08/Domestic-Gas-Stoves-for-use-with-PNG-QCO-2023.pdf,skipped,0,,2026-09-26,data/raw/pdf/product_qco/qco_domestic_gas_stoves_for_use_with_png_qco_2023.pdf,already downloaded
qco_fire_extinguisher_qco_2023,https://www.bis.gov.in/wp-content/uploads/2023/08/Fire-Extinguisher-QCO-2023.pdf,skipped,0,,2026-09-26,data/raw/pdf/product_qco/qco_fire_extinguisher_qco_2023.pdf,already downloaded
qco_electric_ceiling_type_fans_qco_2023,https://www.bis.gov.in/wp-content/uploads/2023/08/Electric-Ceiling-Type-Fans-QCO-2023.pdf,skipped,0,,2026-09-26,data/raw/pdf/product_qco/qco_electric_ceiling_type_fans_qco_2023.pdf,already downloaded
qco_wood_based_board_qco_2023,https://www.bis.gov.in/wp-content/uploads/2023/08/Wood-based-Board-QCO-2023.pdf,skipped,0,,2026-09-26,data/raw/pdf/product_qco/qco_wood_based_board_qco_2023.pdf,already downloaded
qco_extension_of_wood_based_products_qco,https://www.bis.gov.in/wp-content/uploads/2024/03/Extension-of-Wood-Based-Products-QCO.pdf,skipped,0,,2026-09-26,data/raw/pdf/product_qco/qco_extension_of_wood_based_products_qco.pdf,already downloaded
qco_cast_iron_products_qco_2023,https://www.bis.gov.in/wp-content/uploads/2023/08/Cast-Iron-Products-QCO-2023.pdf,skipped,0,,2026-09-26,data/raw/pdf/product_qco/qco_cast_iron_products_qco_2023.pdf,already downloaded
qco_cast_iron_products,https://www.bis.gov.in/wp-content/uploads/2024/06/Cast-Iron-Products.pdf,skipped,0,,2026-09-26,data/raw/pdf/product_qco/qco_cast_iron_products.pdf,already downloaded
qco_solar_dc_cable_and_fire_survival_cable_qco_2023,https://www.bis.gov.in/wp-content/uploads/2023/08/Solar-DC-Cable-and-Fire-Survival-Cable-QCO-2023.pdf,skipped,0,,2026-09-26,data/raw/pdf/product_qco/qco_solar_dc_cable_and_fire_survival_cable_qco_2023.pdf,already downloaded
qco_aluminium_aluminium_alloy_qco_2023,https://www.bis.gov.in/wp-content/uploads/2023/09/Aluminium-Aluminium-Alloy-QCO-2023.pdf,skipped,0,,2026-09-26,data/raw/pdf/product_qco/qco_aluminium_aluminium_alloy_qco_2023.pdf,already downloaded
qco_aluminium_amended_qco_2023,https://www.bis.gov.in/wp-content/uploads/2023/12/Aluminium-Amended-QCO-2023.pdf,skipped,0,,2026-09-26,data/raw/pdf/product_qco/qco_aluminium_amended_qco_2023.pdf,already downloaded
qco_al_and_al_alloys_qcoamendment2024,https://www.bis.gov.in/wp-content/uploads/2024/05/Al-and-Al-Alloys-QCOAmendment2024.pdf,skipped,0,,2026-09-26,data/raw/pdf/product_qco/qco_al_and_al_alloys_qcoamendment2024.pdf,already downloaded
qco_aluminium_and_aluminium_alloys_quality_control_order_2023_withdrawal_order,https://www.bis.gov.in/wp-content/uploads/2025/11/Aluminium-and-Aluminium-Alloys-Quality-Control-Order-2023-Withdrawal-Order.pdf,skipped,0,,2026-09-26,data/raw/pdf/product_qco/qco_aluminium_and_aluminium_alloys_quality_control_order_2023_withdrawal_order.pdf,already downloaded
qco_copper_qco_2023,https://www.bis.gov.in/wp-content/uploads/2023/09/Copper-QCO-2023.pdf,skipped,0,,2026-09-26,data/raw/pdf/product_qco/qco_copper_qco_2023.pdf,already downloaded
qco_copper_quality_control_amendment_order_2023,https://www.bis.gov.in/wp-content/uploads/2023/11/Copper-Quality-Control-Amendment-Order-2023.pdf,skipped,0,,2026-09-26,data/raw/pdf/product_qco/qco_copper_quality_control_amendment_order_2023.pdf,already downloaded
qco_copper_qcoamendment_2024,https://www.bis.gov.in/wp-content/uploads/2024/05/Copper-QCOAmendment-2024.pdf,skipped,0,,2026-09-26,data/raw/pdf/product_qco/qco_copper_qcoamendment_2024.pdf,already downloaded
qco_copper_quality_control_order_2023_withdrawal_order,https://www.bis.gov.in/wp-content/uploads/2025/11/Copper-Quality-Control-Order-2023-Withdrawal-Order.pdf,skipped,0,,2026-09-26,data/raw/pdf/product_qco/qco_copper_quality_control_order_2023_withdrawal_order.pdf,already downloaded
qco_nickle_qco_2023,https://www.bis.gov.in/wp-content/uploads/2023/09/Nickle-QCO-2023.pdf,skipped,0,,2026-09-26,data/raw/pdf/product_qco/qco_nickle_qco_2023.pdf,already downloaded
qco_nickle_qco_amnd_order_2023,https://www.bis.gov.in/wp-content/uploads/2023/12/Nickle-QCO-Amnd-Order-2023.pdf,skipped,0,,2026-09-26,data/raw/pdf/product_qco/qco_nickle_qco_amnd_order_2023.pdf,already downloaded
qco_nickel_qco_amendment2024,https://www.bis.gov.in/wp-content/uploads/2024/05/Nickel-QCO-Amendment2024.pdf,skipped,0,,2026-09-26,data/raw/pdf/product_qco/qco_nickel_qco_amendment2024.pdf,already downloaded
qco_nickel_quality_control_order_2023_withdrawal_order,https://www.bis.gov.in/wp-content/uploads/2025/11/Nickel-Quality-Control-Order-2023-Withdrawal-Order.pdf,skipped,0,,2026-09-26,data/raw/pdf/product_qco/qco_nickel_quality_control_order_2023_withdrawal_order.pdf,already downloaded
qco_notified_plywood_and_wooden_flush_door_shutters_quality_control_order_2023_in_e_gazette,https://www.bis.gov.in/wp-content/uploads/2023/09/Notified-Plywood-and-Wooden-flush-door-shutters-Quality-Control-Order-2023-in-e-Gazette.pdf,skipped,0,,2026-09-26,data/raw/pdf/product_qco/qco_notified_plywood_and_wooden_flush_door_shutters_quality_control_order_2023_in_e_gazette.pdf,already downloaded
qco_plywood_and_wooden_flush_door_shutters_qco_2024,https://www.bis.gov.in/wp-content/uploads/2024/03/Plywood-and-Wooden-flush-door-shutters-QCO-2024.pdf,skipped,0,,2026-09-26,data/raw/pdf/product_qco/qco_plywood_and_wooden_flush_door_shutters_qco_2024.pdf,already downloaded
qco_qco_for_flux_cored_solder_wire_2023,https://www.bis.gov.in/wp-content/uploads/2023/09/QCO-for-Flux-Cored-Solder-Wire-2023.pdf,skipped,0,,2026-09-26,data/raw/pdf/product_qco/qco_qco_for_flux_cored_solder_wire_2023.pdf,already downloaded
qco_rescind_flux_cored_solder_wire_quality_control_order,https://www.bis.gov.in/wp-content/uploads/2026/01/Rescind-Flux-Cored-Solder-Wire-Quality-Control-Order.pdf,skipped,0,,2026-09-26,data/raw/pdf/product_qco/qco_rescind_flux_cored_solder_wire_quality_control_order.pdf,already downloaded
qco_qco_for_miscellaneous_steel_products,https://www.bis.gov.in/wp-content/uploads/2023/10/QCO-for-Miscellaneous-Steel-Products.pdf,skipped,0,,2026-09-26,data/raw/pdf/product_qco/qco_qco_for_miscellaneous_steel_products.pdf,already downloaded
qco_aluminum_and_aluminum_alloy_products_qco,https://www.bis.gov.in/wp-content/uploads/2023/10/Aluminum-and-Aluminum-alloy-products-QCO.pdf,skipped,0,,2026-09-26,data/raw/pdf/product_qco/qco_aluminum_and_aluminum_alloy_products_qco.pdf,already downloaded
qco_aluminum_and_aluminium_products_qc_amend_order_2024,https://www.bis.gov.in/wp-content/uploads/2024/03/Aluminum-and-Aluminium-Products-QC-Amend-Order-2024.pdf,skipped,0,,2026-09-26,data/raw/pdf/product_qco/qco_aluminum_and_aluminium_products_qc_amend_order_2024.pdf,already downloaded
qco_al_and_al_alloys_qco_2024,https://www.bis.gov.in/wp-content/uploads/2024/10/Al-and-Al-Alloys-QCO-2024.pdf,skipped,0,,2026-09-26,data/raw/pdf/product_qco/qco_al_and_al_alloys_qco_2024.pdf,already downloaded
qco_aluminum_and_aluminum_alloy_products_quality_control_order_2025,https://www.bis.gov.in/wp-content/uploads/2025/05/Aluminum-and-Aluminum-alloy-products-Quality-Control-Order-2025.pdf,failed,0,,2026-09-26,,ConnectTimeout: _ssl.c:993: The handshake operation timed out
qco_corrigendum_80bd3b,https://www.bis.gov.in/wp-content/uploads/2025/06/Corrigendum-.pdf,skipped,0,,2026-09-26,data/raw/pdf/product_qco/qco_corrigendum_80bd3b.pdf,already downloaded
qco_corrigendum_87cee8,https://www.bis.gov.in/wp-content/uploads/2026/02/corrigendum.pdf,skipped,0,,2026-09-26,data/raw/pdf/product_qco/qco_corrigendum_87cee8.pdf,already downloaded
qco_aluminium_aluminium_alloy_products_quality_control_order_2026,https://www.bis.gov.in/wp-content/uploads/2026/03/Aluminium-Aluminium-Alloy-Products-Quality-Control-Order-2026.pdf,skipped,0,,2026-09-26,data/raw/pdf/product_qco/qco_aluminium_aluminium_alloy_products_quality_control_order_2026.pdf,already downloaded
qco_precision_roller_and_bush_chains_attachments_qco,https://www.bis.gov.in/wp-content/uploads/2023/10/Precision-Roller-and-Bush-Chains-attachments-QCO.pdf,skipped,0,,2026-09-26,data/raw/pdf/product_qco/qco_precision_roller_and_bush_chains_attachments_qco.pdf,already downloaded
qco_precision_roller_and_bush_chainsattachments_and_associated_chains_sprockets_qco_2024,https://www.bis.gov.in/wp-content/uploads/2024/06/Precision-Roller-and-Bush-ChainsAttachments-and-Associated-Chains-Sprockets-QCO-2024.pdf,skipped,0,,2026-09-26,data/raw/pdf/product_qco/qco_precision_roller_and_bush_chainsattachments_and_associated_chains_sprockets_qco_2024.pdf,already downloaded
qco_drinking_water_cooler_qco,https://www.bis.gov.in/wp-content/uploads/2023/10/Drinking-Water-Cooler-QCO.pdf,skipped,0,,2026-09-26,data/raw/pdf/product_qco/qco_drinking_water_cooler_qco.pdf,already downloaded
qco_self_contained_drinking_water_cooler_qco_2024,https://www.bis.gov.in/wp-content/uploads/2024/05/Self-Contained-Drinking-Water-Cooler-QCO-2024.pdf,skipped,0,,2026-09-26,data/raw/pdf/product_qco/qco_self_contained_drinking_water_cooler_qco_2024.pdf,already downloaded
qco_medical_textiles_qco_2023,https://www.bis.gov.in/wp-content/uploads/2023/10/Medical-Textiles-QCO-2023.pdf,skipped,0,,2026-09-26,data/raw/pdf/product_qco/qco_medical_textiles_qco_2023.pdf,already downloaded
qco_medical_textiles_quality_control_amendment_order_2024,https://www.bis.gov.in/wp-content/uploads/2024/03/Medical-Textiles-Quality-Control-Amendment-Order-2024.pdf,skipped,0,,2026-09-26,data/raw/pdf/product_qco/qco_medical_textiles_quality_control_amendment_order_2024.pdf,already downloaded
qco_medical_textiles_qco_2024,https://www.bis.gov.in/wp-content/uploads/2024/10/Medical-Textiles-QCO-2024.pdf,skipped,0,,2026-09-26,data/raw/pdf/product_qco/qco_medical_textiles_qco_2024.pdf,already downloaded
qco_medical_textiles_quality_control_amendment_order_2025,https://www.bis.gov.in/wp-content/uploads/2025/01/Medical-Textiles-Quality-Control-Amendment-Order-2025.pdf,skipped,0,,2026-09-26,data/raw/pdf/product_qco/qco_medical_textiles_quality_control_amendment_order_2025.pdf,already downloaded
qco_medical_textiles_quality_control_second_amendment_order_2025,https://www.bis.gov.in/wp-content/uploads/2025/07/MEDICAL-TEXTILES-QUALITY-CONTROL-SECOND-AMENDMENT-ORDER-2025.pdf,skipped,0,,2026-09-26,data/raw/pdf/product_qco/qco_medical_textiles_quality_control_second_amendment_order_2025.pdf,already downloaded
qco_agro_textiles_qco_2023,https://www.bis.gov.in/wp-content/uploads/2023/10/Agro-Textiles-QCO-2023.pdf,skipped,0,,2026-09-26,data/raw/pdf/product_qco/qco_agro_textiles_qco_2023.pdf,already downloaded
qco_agro_textiles,https://www.bis.gov.in/wp-content/uploads/2024/04/Agro-Textiles.pdf,skipped,0,,2026-09-26,data/raw/pdf/product_qco/qco_agro_textiles.pdf,already downloaded
qco_copper_products_qco_2023,https://www.bis.gov.in/wp-content/uploads/2023/10/Copper-Products-QCO-2023.pdf,skipped,0,,2026-09-26,data/raw/pdf/product_qco/qco_copper_products_qco_2023.pdf,already downloaded
qco_copper_products_quality_control_2024,https://www.bis.gov.in/wp-content/uploads/2024/04/Copper-Products-Quality-Control-2024.pdf,skipped,0,,2026-09-26,data/raw/pdf/product_qco/qco_copper_products_quality_control_2024.pdf,already downloaded
qco_copper_product_quality_control_amendment_order_2025,https://www.bis.gov.in/wp-content/uploads/2025/02/Copper-Product-Quality-Control-Amendment-Order-2025.pdf,skipped,0,,2026-09-26,data/raw/pdf/product_qco/qco_copper_product_quality_control_amendment_order_2025.pdf,already downloaded
qco_copper_product_quality_control_amendment_order_2026,https://www.bis.gov.in/wp-content/uploads/2026/07/Copper-product-quality-control-amendment-order-2026.pdf,skipped,0,,2026-09-26,data/raw/pdf/product_qco/qco_copper_product_quality_control_amendment_order_2026.pdf,already downloaded
qco_drums_tins_qco_2023,https://www.bis.gov.in/wp-content/uploads/2023/10/Drums-Tins-QCO-2023.pdf,skipped,0,,2026-09-26,data/raw/pdf/product_qco/qco_drums_tins_qco_2023.pdf,already downloaded
qco_door_fittings_qco_2023,https://www.bis.gov.in/wp-content/uploads/2023/10/Door-Fittings-QCO-2023.pdf,skipped,0,,2026-09-26,data/raw/pdf/product_qco/qco_door_fittings_qco_2023.pdf,already downloaded
qco_bottled_water_dispenser_qco_2023,https://www.bis.gov.in/wp-content/uploads/2023/10/Bottled-Water-Dispenser-QCO-2023.pdf,skipped,0,,2026-09-26,data/raw/pdf/product_qco/qco_bottled_water_dispenser_qco_2023.pdf,already downloaded
qco_bottled_water_dispensers_quality_controlorder2024,https://www.bis.gov.in/wp-content/uploads/2024/06/Bottled-Water-Dispensers-Quality-ControlOrder2024.pdf,skipped,0,,2026-09-26,data/raw/pdf/product_qco/qco_bottled_water_dispensers_quality_controlorder2024.pdf,already downloaded
qco_helmet_for_police_force_civil_defence_personal_protection_qco_2023,https://www.bis.gov.in/wp-content/uploads/2023/10/Helmet-for-Police-Force-Civil-Defence-Personal-Protection-QCO-2023.pdf,skipped,0,,2026-09-26,data/raw/pdf/product_qco/qco_helmet_for_police_force_civil_defence_personal_protection_qco_2023.pdf,already downloaded
qco_steel_wires_or_strands_nylon_or_wire_ropes_qco_2023,https://www.bis.gov.in/wp-content/uploads/2023/11/Steel-Wires-or-Strands-Nylon-or-Wire-Ropes-QCO-2023.pdf,skipped,0,,2026-09-26,data/raw/pdf/product_qco/qco_steel_wires_or_strands_nylon_or_wire_ropes_qco_2023.pdf,already downloaded
qco_steel_wires_or_strands_nylon_or_wire_ropes_and_wire_mesh_qco_2024,https://www.bis.gov.in/wp-content/uploads/2024/07/Steel-Wires-or-Strands-Nylon-or-Wire-Ropes-and-wire-mesh-QCO-2024.pdf,skipped,0,,2026-09-26,data/raw/pdf/product_qco/qco_steel_wires_or_strands_nylon_or_wire_ropes_and_wire_mesh_qco_2024.pdf,already downloaded
qco_legal_metrology_material_measures_of_length_qco_2023,https://www.bis.gov.in/wp-content/uploads/2023/11/Legal-Metrology-Material-Measures-of-Length-QCO-2023.pdf,skipped,0,,2026-09-26,data/raw/pdf/product_qco/qco_legal_metrology_material_measures_of_length_qco_2023.pdf,already downloaded
qco_polyethylene_woven_sacks_qco,https://www.bis.gov.in/wp-content/uploads/2023/12/Polyethylene-woven-Sacks-QCO.pdf,skipped,0,,2026-09-26,data/raw/pdf/product_qco/qco_polyethylene_woven_sacks_qco.pdf,already downloaded
qco_textiles_high_density_polyethylene_hdpepolypropylenepp_woven_sacks_amendment_order2024,https://www.bis.gov.in/wp-content/uploads/2024/06/Textiles—High-Density-Polyethylene-HDPEPolypropylenePP-Woven-sacks-Amendment-Order2024.pdf,skipped,0,,2026-09-26,data/raw/pdf/product_qco/qco_textiles_high_density_polyethylene_hdpepolypropylenepp_woven_sacks_amendment_order2024.pdf,already downloaded
qco_textiles_woven_sacks_qco,https://www.bis.gov.in/wp-content/uploads/2024/09/Textiles-Woven-sacks-QCO.pdf,skipped,0,,2026-09-26,data/raw/pdf/product_qco/qco_textiles_woven_sacks_qco.pdf,already downloaded
qco_3_different_types_of_woven_sacks_qco_2024,https://www.bis.gov.in/wp-content/uploads/2024/12/3-different-types-of-Woven-sacks-QCO-2024.pdf,skipped,0,,2026-09-26,data/raw/pdf/product_qco/qco_3_different_types_of_woven_sacks_qco_2024.pdf,already downloaded
qco_textiles_polypropylene_pphigh_density_polyethylene_hdpe_laminated_woven_sacks_for_mail_sorting_storage_transport_and_distribution_quality_control_amendment_order_2025,https://www.bis.gov.in/wp-content/uploads/2025/06/Textiles-—-Polypropylene-PPHigh-Density-Polyethylene-HDPE-Laminated-Woven-Sacks-for-Mail-Sorting-Storage-Transport-and-Distribution-Quality-Control-Amendment-Order-2025.pdf,skipped,0,,2026-09-26,data/raw/pdf/product_qco/qco_textiles_polypropylene_pphigh_density_polyethylene_hdpe_laminated_woven_sacks_for_mail_sorting_storage_transport_and_distribution_quality_control_amendment_order_2025.pdf,already downloaded
qco_textiles_polypropylene_pp_woven_laminated_block_bottom_valve_sacks_for_packaging_50_kg_cement_quality_control_amendment_order_2025,https://www.bis.gov.in/wp-content/uploads/2025/09/Textiles-—Polypropylene-Pp-Woven-Laminated-Block-Bottom-Valve-Sacks-For-Packaging-50-Kg-Cement-Quality-Control-Amendment-Order-2025.pdf,skipped,0,,2026-09-26,data/raw/pdf/product_qco/qco_textiles_polypropylene_pp_woven_laminated_block_bottom_valve_sacks_for_packaging_50_kg_cement_quality_control_amendment_order_2025.pdf,already downloaded
qco_textiles_high_density_polyethylene_hdpe_polypropylene_pp_woven_sacks_for_packaging_of_50_kg_cement_quality_control_amendment_order_2026,https://www.bis.gov.in/wp-content/uploads/2026/01/Textiles-High-Density-Polyethylene-HDPE-Polypropylene-PP-Woven-Sacks-for-Packaging-of-50-kg-Cement-Quality-Control-Amendment-Order-2026.pdf,skipped,0,,2026-09-26,data/raw/pdf/product_qco/qco_textiles_high_density_polyethylene_hdpe_polypropylene_pp_woven_sacks_for_packaging_of_50_kg_cement_quality_control_amendment_order_2026.pdf,already downloaded
qco_textiles_high_density_polyethylene_hdpe_polypropylene_pp_woven_sacks_for_packaging_of_50_kg_cement_quality_control_order_2025,https://www.bis.gov.in/wp-content/uploads/2025/06/Textiles-—-High-Density-Polyethylene-HDPE-Polypropylene-PP-Woven-Sacks-for-Packaging-of-50-kg-Cement-Quality-Control-Order-2025.pdf,skipped,0,,2026-09-26,data/raw/pdf/product_qco/qco_textiles_high_density_polyethylene_hdpe_polypropylene_pp_woven_sacks_for_packaging_of_50_kg_cement_quality_control_order_2025.pdf,already downloaded
qco_textiles_high_density_polyethylene_hdpe_polypropylene_pp_woven_sacks_for_packaging_of_50_kg_cement_quality_control_amendment_order_2025,https://www.bis.gov.in/wp-content/uploads/2025/09/Textiles-High-Density-Polyethylene-Hdpe-Polypropylene-Pp-Woven-Sacks-For-Packaging-Of-50-Kg-Cement-Quality-Control-Amendment-Order-2025.pdf,skipped,0,,2026-09-26,data/raw/pdf/product_qco/qco_textiles_high_density_polyethylene_hdpe_polypropylene_pp_woven_sacks_for_packaging_of_50_kg_cement_quality_control_amendment_order_2025.pdf,already downloaded
qco_textiles_polypropylene_pp_woven_laminated_block_bottom_valve_sacks_for_packaging_50_kg_cement_quality_control_amendment_order_2026,https://www.bis.gov.in/wp-content/uploads/2026/01/Textiles-Polypropylene-PP-Woven-Laminated-Block-Bottom-Valve-Sacks-for-Packaging-50-kg-Cement-Quality-Control-Amendment-Order-2026.pdf,skipped,0,,2026-09-26,data/raw/pdf/product_qco/qco_textiles_polypropylene_pp_woven_laminated_block_bottom_valve_sacks_for_packaging_50_kg_cement_quality_control_amendment_order_2026.pdf,already downloaded
qco_textiles_polypropylene_pp_woven_laminated_block_bottom_valve_sacks_for_packaging_of_50_kg_cement_quality_control_order_2025,https://www.bis.gov.in/wp-content/uploads/2025/06/Textiles-—-Polypropylene-PP-Woven-Laminated-Block-Bottom-Valve-Sacks-for-Packaging-of-50-kg-Cement-Quality-Control-Order-2025.pdf,skipped,0,,2026-09-26,data/raw/pdf/product_qco/qco_textiles_polypropylene_pp_woven_laminated_block_bottom_valve_sacks_for_packaging_of_50_kg_cement_quality_control_order_2025.pdf,already downloaded
qco_textiles_polypropylene_pp_high_density_polyethylene_hdpe_laminated_woven_sacks_for_mail_sorting_storage_transport_and_distribution_quality_control,https://www.bis.gov.in/wp-content/uploads/2025/09/Textiles-Polypropylene-Pp-High-Density-Polyethylene-Hdpe-Laminated-Woven-Sacks-For-Mail-Sorting-Storage-Transport-And-Distribution-Quality-Control.pdf,skipped,0,,2026-09-26,data/raw/pdf/product_qco/qco_textiles_polypropylene_pp_high_density_polyethylene_hdpe_laminated_woven_sacks_for_mail_sorting_storage_transport_and_distribution_quality_control.pdf,already downloaded
qco_textiles_polypropylene_pp_high_density_polyethylene_hdpe_laminated_woven_sacks_for_mail_sorting_storage_transport_and_distribution_quality_control_amendment_order_2026,https://www.bis.gov.in/wp-content/uploads/2026/01/Textiles-Polypropylene-PP-High-Density-Polyethylene-HDPE-Laminated-Woven-Sacks-for-Mail-Sorting-Storage-Transport-and-Distribution-Quality-Control-Amendment-Order-2026.pdf,skipped,0,,2026-09-26,data/raw/pdf/product_qco/qco_textiles_polypropylene_pp_high_density_polyethylene_hdpe_laminated_woven_sacks_for_mail_sorting_storage_transport_and_distribution_quality_control_amendment_order_2026.pdf,already downloaded
qco_safes_safe_deposit_locker_cabinets_and_key_locks_qco,https://www.bis.gov.in/wp-content/uploads/2023/12/Safes-Safe-Deposit-locker-cabinets-and-key-locks-QCO.pdf,skipped,0,,2026-09-26,data/raw/pdf/product_qco/qco_safes_safe_deposit_locker_cabinets_and_key_locks_qco.pdf,already downloaded
qco_hinges_qco,https://www.bis.gov.in/wp-content/uploads/2023/12/Hinges-QCO.pdf,skipped,0,,2026-09-26,data/raw/pdf/product_qco/qco_hinges_qco.pdf,already downloaded
qco_hinges_qco_pdf_26_july,https://www.bis.gov.in/wp-content/uploads/2024/07/Hinges-QCO.pdf-26-July.pdf,downloaded,2155038,a1c72951bf19fe018e96c4d57884c282069304fc8b8fc8cb4e73517771ed18a5,2026-09-26,data/raw/pdf/product_qco/qco_hinges_qco_pdf_26_july.pdf,
qco_hinges_quality_control_order_2025,https://www.bis.gov.in/wp-content/uploads/2025/03/Hinges-Quality-Control-Order-2025.pdf,skipped,0,,2026-09-26,data/raw/pdf/product_qco/qco_hinges_quality_control_order_2025.pdf,already downloaded
qco_cycle_and_rickshaw_tyres_and_tubes,https://www.bis.gov.in/wp-content/uploads/2023/12/Cycle-and-Rickshaw-tyres-and-Tubes.pdf,skipped,0,,2026-09-26,data/raw/pdf/product_qco/qco_cycle_and_rickshaw_tyres_and_tubes.pdf,already downloaded
qco_rubber_gaskets_for_pressure_cookers,https://www.bis.gov.in/wp-content/uploads/2023/12/Rubber-Gaskets-for-Pressure-Cookers.pdf,downloaded,1531647,de3572b7c5294740cdd0b25399216b5384ddf4f988e7619d0090a6e528efb421,2026-09-26,data/raw/pdf/product_qco/qco_rubber_gaskets_for_pressure_cookers.pdf,
qco_laboratory_glassware,https://www.bis.gov.in/wp-content/uploads/2024/01/Laboratory-Glassware.pdf,skipped,0,,2026-09-26,data/raw/pdf/product_qco/qco_laboratory_glassware.pdf,already downloaded
qco_laboratory_glassware_quality_control_amendment_order_2024,https://www.bis.gov.in/wp-content/uploads/2024/12/Laboratory-Glassware-Quality-Control-Amendment-Order-2024.pdf,skipped,0,,2026-09-26,data/raw/pdf/product_qco/qco_laboratory_glassware_quality_control_amendment_order_2024.pdf,already downloaded
qco_electrical_accessories1,https://www.bis.gov.in/wp-content/uploads/2024/01/Electrical-Accessories1.pdf,skipped,0,,2026-09-26,data/raw/pdf/product_qco/qco_electrical_accessories1.pdf,already downloaded
qco_electrical_accessories_quality_control_amendment_order_2026,https://www.bis.gov.in/wp-content/uploads/2026/01/Electrical-Accessories-Quality-Control-Amendment-order-2026.pdf,skipped,0,,2026-09-26,data/raw/pdf/product_qco/qco_electrical_accessories_quality_control_amendment_order_2026.pdf,already downloaded
qco_pvc_homopolymers_pp_materials_for_moulding_and_extrusion_and_diesel_engine_nox_reduction_agent_aus_32_qco,https://www.bis.gov.in/wp-content/uploads/2024/03/PVC-Homopolymers-PP-Materials-for-Moulding-and-Extrusion-and-Diesel-Engine-NOx-Reduction-agent-AUS-32-QCO.pdf,skipped,0,,2026-09-26,data/raw/pdf/product_qco/qco_pvc_homopolymers_pp_materials_for_moulding_and_extrusion_and_diesel_engine_nox_reduction_agent_aus_32_qco.pdf,already downloaded
qco_poly_vinyl_chloride_pvc_homopolymers_quality_control_amendment_order_2024,https://www.bis.gov.in/wp-content/uploads/2024/08/Poly-Vinyl-Chloride-PVC-Homopolymers-Quality-Control-Amendment-Order-2024.pdf,skipped,0,,2026-09-26,data/raw/pdf/product_qco/qco_poly_vinyl_chloride_pvc_homopolymers_quality_control_amendment_order_2024.pdf,already downloaded
qco_poly_vinyl_chloride_pvc_homopolymers_qco_2024,https://www.bis.gov.in/wp-content/uploads/2024/12/Poly-Vinyl-Chloride-PVC-Homopolymers-QCO-2024.pdf,skipped,0,,2026-09-26,data/raw/pdf/product_qco/qco_poly_vinyl_chloride_pvc_homopolymers_qco_2024.pdf,already downloaded
qco_poly_vinyl_chloride_pvc_homopolymers_quality_control_amendment_order_2025,https://www.bis.gov.in/wp-content/uploads/2025/06/Poly-Vinyl-Chloride-PVC-Homopolymers-Quality-Control-Amendment-Order-2025.pdf,skipped,0,,2026-09-26,data/raw/pdf/product_qco/qco_poly_vinyl_chloride_pvc_homopolymers_quality_control_amendment_order_2025.pdf,already downloaded
qco_polyvinyl_chloride_pvc_homopolymers_rescind_order_2025,https://www.bis.gov.in/wp-content/uploads/2025/11/Polyvinyl-Chloride-PVC-Homopolymers-Rescind-Order-2025.pdf,skipped,0,,2026-09-26,data/raw/pdf/product_qco/qco_polyvinyl_chloride_pvc_homopolymers_rescind_order_2025.pdf,already downloaded
qco_polypropylene_pp_materials_for_moulding_and_extrusion_quality_control_amendment_order_2024,https://www.bis.gov.in/wp-content/uploads/2024/08/Polypropylene-PP-Materials-for-moulding-and-extrusion-Quality-Control-Amendment-Order-2024.pdf,skipped,0,,2026-09-26,data/raw/pdf/product_qco/qco_polypropylene_pp_materials_for_moulding_and_extrusion_quality_control_amendment_order_2024.pdf,already downloaded
qco_polypropylene_pp_materials_for_moulding_and_extrusion_qco_2024,https://www.bis.gov.in/wp-content/uploads/2024/12/Polypropylene-PP-Materials-for-Moulding-and-Extrusion-QCO-2024.pdf,skipped,0,,2026-09-26,data/raw/pdf/product_qco/qco_polypropylene_pp_materials_for_moulding_and_extrusion_qco_2024.pdf,already downloaded
qco_polypropylene_pp_materials_for_moulding_and_extrusion_quality_control_amendment_order_2025,https://www.bis.gov.in/wp-content/uploads/2025/06/Polypropylene-PP-Materials-for-Moulding-and-Extrusion-Quality-Control-Amendment-Order-2025.pdf,skipped,0,,2026-09-26,data/raw/pdf/product_qco/qco_polypropylene_pp_materials_for_moulding_and_extrusion_quality_control_amendment_order_2025.pdf,already downloaded
qco_polypropylene_pp_materials_for_moulding_and_extrusion_quality_control_second_amendment_order_2025,https://www.bis.gov.in/wp-content/uploads/2025/10/Polypropylene-PP-Materials-for-Moulding-and-Extrusion-Quality-Control-Second-Amendment-Order-2025.pdf,skipped,0,,2026-09-26,data/raw/pdf/product_qco/qco_polypropylene_pp_materials_for_moulding_and_extrusion_quality_control_second_amendment_order_2025.pdf,already downloaded
qco_polypropylene_pp_materials_for_moulding_and_extrusion_rescind_order_2025,https://www.bis.gov.in/wp-content/uploads/2025/11/Polypropylene-PP-Materials-for-Moulding-and-Extrusion-Rescind-Order-2025.pdf,skipped,0,,2026-09-26,data/raw/pdf/product_qco/qco_polypropylene_pp_materials_for_moulding_and_extrusion_rescind_order_2025.pdf,already downloaded
qco_air_cooler_and_air_filters_quality_control_2023,https://www.bis.gov.in/wp-content/uploads/2024/03/Air-Cooler-and-Air-Filters-Quality-Control-2023.pdf,skipped,0,,2026-09-26,data/raw/pdf/product_qco/qco_air_cooler_and_air_filters_quality_control_2023.pdf,already downloaded
qco_air_cooler_and_air_filters_quality_control_2025,https://www.bis.gov.in/wp-content/uploads/2025/01/Air-Cooler-and-Air-Filters-Quality-Control-2025.pdf,skipped,0,,2026-09-26,data/raw/pdf/product_qco/qco_air_cooler_and_air_filters_quality_control_2025.pdf,already downloaded
qco_amendments_in_quality_control_order_2,https://www.bis.gov.in/wp-content/uploads/2026/03/Amendments-in-Quality-Control-Order-2.pdf,skipped,0,,2026-09-26,data/raw/pdf/product_qco/qco_amendments_in_quality_control_order_2.pdf,already downloaded
qco_electrical_appliances_for_kitchen_qco_2023,https://www.bis.gov.in/wp-content/uploads/2024/03/Electrical-Appliances-for-Kitchen-QCO-2023.pdf,skipped,0,,2026-09-26,data/raw/pdf/product_qco/qco_electrical_appliances_for_kitchen_qco_2023.pdf,already downloaded
qco_electrical_appliances_for_skin_or_hair_care_qco_2023,https://www.bis.gov.in/wp-content/uploads/2024/03/Electrical-Appliances-for-Skin-or-Hair-care-QCO-2023.pdf,skipped,0,,2026-09-26,data/raw/pdf/product_qco/qco_electrical_appliances_for_skin_or_hair_care_qco_2023.pdf,already downloaded
qco_electrical_appliance_fans_qco_2023,https://www.bis.gov.in/wp-content/uploads/2024/03/Electrical-appliance-fans-QCO-2023.pdf,skipped,0,,2026-09-26,data/raw/pdf/product_qco/qco_electrical_appliance_fans_qco_2023.pdf,already downloaded
qco_electrical_appliance_for_commercial_dispensing_and_vending_qco_2023,https://www.bis.gov.in/wp-content/uploads/2024/03/Electrical-appliance-for-commercial-dispensing-and-vending-QCO-2023.pdf,skipped,0,,2026-09-26,data/raw/pdf/product_qco/qco_electrical_appliance_for_commercial_dispensing_and_vending_qco_2023.pdf,already downloaded
qco_electrical_appliances_for_commercial_dispensing_and_vending_qco_2024,https://www.bis.gov.in/wp-content/uploads/2024/10/Electrical-Appliances-for-Commercial-Dispensing-and-Vending-QCO-2024.pdf,skipped,0,,2026-09-26,data/raw/pdf/product_qco/qco_electrical_appliances_for_commercial_dispensing_and_vending_qco_2024.pdf,already downloaded
qco_electrical_appliances_for_commercial_dispensing_and_vending_qco_2025,https://www.bis.gov.in/wp-content/uploads/2025/05/Electrical-Appliances-for-Commercial-Dispensing-and-Vending-QCO-2025.pdf,skipped,0,,2026-09-26,data/raw/pdf/product_qco/qco_electrical_appliances_for_commercial_dispensing_and_vending_qco_2025.pdf,already downloaded
qco_electrical_appliance_for_domestic_clothes_washing_qco_2023,https://www.bis.gov.in/wp-content/uploads/2024/03/Electrical-appliance-for-domestic-clothes-washing-QCO-2023.pdf,skipped,0,,2026-09-26,data/raw/pdf/product_qco/qco_electrical_appliance_for_domestic_clothes_washing_qco_2023.pdf,already downloaded
qco_electrical_appliance_for_domestic_clothes_washing_qco_2024,https://www.bis.gov.in/wp-content/uploads/2024/11/Electrical-appliance-for-domestic-clothes-washing-QCO-2024.pdf,skipped,0,,2026-09-26,data/raw/pdf/product_qco/qco_electrical_appliance_for_domestic_clothes_washing_qco_2024.pdf,already downloaded
qco_asbestos_or_fibre_cement_based_products_qco_2024,https://www.bis.gov.in/wp-content/uploads/2024/03/Asbestos-or-Fibre-Cement-based-products-QCO-2024.pdf,skipped,0,,2026-09-26,data/raw/pdf/product_qco/qco_asbestos_or_fibre_cement_based_products_qco_2024.pdf,already downloaded
qco_water_meters_and_accessories_qco_2023,https://www.bis.gov.in/wp-content/uploads/2024/03/Water-meters-and-accessories-QCO-2023.pdf,skipped,0,,2026-09-26,data/raw/pdf/product_qco/qco_water_meters_and_accessories_qco_2023.pdf,already downloaded
qco_gypsum_based_building_materials_qco_2024,https://www.bis.gov.in/wp-content/uploads/2024/03/Gypsum-based-Building-Materials-QCO-2024.pdf,skipped,0,,2026-09-26,data/raw/pdf/product_qco/qco_gypsum_based_building_materials_qco_2024.pdf,already downloaded
qco_corrigendum_of_gypsum_based_building_materials_quality_control_order_2024,https://www.bis.gov.in/wp-content/uploads/2024/05/Corrigendum-of-Gypsum-based-Building-Materials-Quality-Control-Order-2024.pdf,skipped,0,,2026-09-26,data/raw/pdf/product_qco/qco_corrigendum_of_gypsum_based_building_materials_quality_control_order_2024.pdf,already downloaded
qco_gypsum_based_building_materials_amendment_qco_2024,https://www.bis.gov.in/wp-content/uploads/2024/11/Gypsum-based-Building-Materials-Amendment-QCO-2024.pdf,skipped,0,,2026-09-26,data/raw/pdf/product_qco/qco_gypsum_based_building_materials_amendment_qco_2024.pdf,already downloaded
qco_electrical_appliances_for_domestic_water_heating_quality_control_order_2023,https://www.bis.gov.in/wp-content/uploads/2024/03/Electrical-Appliances-for-domestic-water-heating-Quality-Control-Order-2023.pdf,skipped,0,,2026-09-26,data/raw/pdf/product_qco/qco_electrical_appliances_for_domestic_water_heating_quality_control_order_2023.pdf,already downloaded
qco_electrical_appliances_for_domestic_water_heating_qco_2025,https://www.bis.gov.in/wp-content/uploads/2025/01/Electrical-Appliances-for-domestic-water-heating-QCO-2025.pdf,skipped,0,,2026-09-26,data/raw/pdf/product_qco/qco_electrical_appliances_for_domestic_water_heating_qco_2025.pdf,already downloaded
qco_v_belt_quality_control_order_2024,https://www.bis.gov.in/wp-content/uploads/2024/03/V-Belt-Quality-Control-Order-2024.pdf,skipped,0,,2026-09-26,data/raw/pdf/product_qco/qco_v_belt_quality_control_order_2024.pdf,already downloaded
qco_v_belt_qco_2024,https://www.bis.gov.in/wp-content/uploads/2024/11/V-Belt-QCO-2024.pdf,skipped,0,,2026-09-26,data/raw/pdf/product_qco/qco_v_belt_qco_2024.pdf,already downloaded
qco_telescopic_ball_bearing_drawer_slide_quality_control_order_2024,https://www.bis.gov.in/wp-content/uploads/2024/05/Telescopic-Ball-Bearing-Drawer-Slide-Quality-Control-Order-2024.pdf,skipped,0,,2026-09-26,data/raw/pdf/product_qco/qco_telescopic_ball_bearing_drawer_slide_quality_control_order_2024.pdf,already downloaded
qco_cross_recessed_screws_quality_control_order2024,https://www.bis.gov.in/wp-content/uploads/2024/09/Cross-Recessed-Screws-Quality-Control-Order2024.pdf,skipped,0,,2026-09-26,data/raw/pdf/product_qco/qco_cross_recessed_screws_quality_control_order2024.pdf,already downloaded
qco_cross_recessed_screws_quality_control_order_2025,https://www.bis.gov.in/wp-content/uploads/2025/08/Cross-Recessed-Screws-Quality-Control-Order-2025.pdf,skipped,0,,2026-09-26,data/raw/pdf/product_qco/qco_cross_recessed_screws_quality_control_order_2025.pdf,already downloaded
qco_cross_recessed_screws_quality_control_amendment_order_2026,https://www.bis.gov.in/wp-content/uploads/2026/06/Cross-Recessed-Screws-Quality-Control-Amendment-Order-2026.pdf,skipped,0,,2026-09-26,data/raw/pdf/product_qco/qco_cross_recessed_screws_quality_control_amendment_order_2026.pdf,already downloaded
qco_safety_of_household_commercial_and_similar_electrical_appliances_qco_2024,https://www.bis.gov.in/wp-content/uploads/2024/09/Safety-of-Household-Commercial-and-Similar-Electrical-Appliances-QCO-2024.pdf,skipped,0,,2026-09-26,data/raw/pdf/product_qco/qco_safety_of_household_commercial_and_similar_electrical_appliances_qco_2024.pdf,already downloaded
qco_safety_of_household_commercial_and_similar_electrical_appliances_quality_control_order_2025,https://www.bis.gov.in/wp-content/uploads/2025/05/Safety-of-Household-Commercial-and-Similar-Electrical-Appliances-Quality-Control-Order-2025-.pdf,skipped,0,,2026-09-26,data/raw/pdf/product_qco/qco_safety_of_household_commercial_and_similar_electrical_appliances_quality_control_order_2025.pdf,already downloaded
qco_safety_of_household_commercial_and_similar_electrical_appliances_quality_control_order_2026,https://www.bis.gov.in/wp-content/uploads/2026/04/Safety-of-Household-Commercial-and-Similar-Electrical-Appliances-Quality-Control-Order-2026.pdf,skipped,0,,2026-09-26,data/raw/pdf/product_qco/qco_safety_of_household_commercial_and_similar_electrical_appliances_quality_control_order_2026.pdf,already downloaded
qco_hand_tools_qco_2024,https://www.bis.gov.in/wp-content/uploads/2024/09/Hand-Tools-QCO-2024.pdf,skipped,0,,2026-09-26,data/raw/pdf/product_qco/qco_hand_tools_qco_2024.pdf,already downloaded
qco_hand_tools_quality_control_order_2025,https://www.bis.gov.in/wp-content/uploads/2025/07/Hand-Tools-Quality-Control-Order-2025.pdf,skipped,0,,2026-09-26,data/raw/pdf/product_qco/qco_hand_tools_quality_control_order_2025.pdf,already downloaded
qco_hand_tools_quality_control_order_2025_1,https://www.bis.gov.in/wp-content/uploads/2025/12/Hand-Tools-Quality-Control-Order-2025-1.pdf,skipped,0,,2026-09-26,data/raw/pdf/product_qco/qco_hand_tools_quality_control_order_2025_1.pdf,already downloaded
qco_indutech_qco_2024,https://www.bis.gov.in/wp-content/uploads/2024/10/Indutech-QCO-2024.pdf,downloaded,1755578,a519aaa8898a755c4d1d05d06e267431e386b0efe3bcebfe89853a7def11008c,2026-09-26,data/raw/pdf/product_qco/qco_indutech_qco_2024.pdf,
qco_ropes_and_cordages_qco_2024_1,https://www.bis.gov.in/wp-content/uploads/2024/10/Ropes-and-Cordages-QCO-2024-1.pdf,skipped,0,,2026-09-26,data/raw/pdf/product_qco/qco_ropes_and_cordages_qco_2024_1.pdf,already downloaded
qco_ropes_and_cordagesquality_control_amendment_order_2026,https://www.bis.gov.in/wp-content/uploads/2026/06/ropes-and-cordagesquality-control-amendment-order-2026.pdf,skipped,0,,2026-09-26,data/raw/pdf/product_qco/qco_ropes_and_cordagesquality_control_amendment_order_2026.pdf,already downloaded
qco_solar_thermal_systems_devices_and_components_qco_2024,https://www.bis.gov.in/wp-content/uploads/2024/10/Solar-Thermal-Systems-Devices-and-Components-QCO-2024.pdf,skipped,0,,2026-09-26,data/raw/pdf/product_qco/qco_solar_thermal_systems_devices_and_components_qco_2024.pdf,already downloaded
qco_quality_control_order_of_03_chemicals_viz_i_h_acid_ii_k_acid_iii_vinyl_sulphone,https://www.bis.gov.in/wp-content/uploads/2024/11/Quality-Control-Order-of-03-Chemicals-viz.-i-H-Acid-ii-K-Acid-iii-Vinyl-Sulphone.pdf,skipped,0,,2026-09-26,data/raw/pdf/product_qco/qco_quality_control_order_of_03_chemicals_viz_i_h_acid_ii_k_acid_iii_vinyl_sulphone.pdf,already downloaded
qco_h_acid_quality_control_amendment_2025,https://www.bis.gov.in/wp-content/uploads/2025/05/H-Acid-Quality-Control-Amendment-2025.pdf,skipped,0,,2026-09-26,data/raw/pdf/product_qco/qco_h_acid_quality_control_amendment_2025.pdf,already downloaded
qco_h_acid_quality_control_second_amendment_order_2025,https://www.bis.gov.in/wp-content/uploads/2025/07/H-Acid-Quality-Control-Second-Amendment-Order-2025.pdf,skipped,0,,2026-09-26,data/raw/pdf/product_qco/qco_h_acid_quality_control_second_amendment_order_2025.pdf,already downloaded
qco_h_acid_qco_2024_rescind_order,https://www.bis.gov.in/wp-content/uploads/2025/11/H-Acid-QCO-2024-Rescind-Order.pdf,skipped,0,,2026-09-26,data/raw/pdf/product_qco/qco_h_acid_qco_2024_rescind_order.pdf,already downloaded
qco_k_acid_quality_control_amendment_2025,https://www.bis.gov.in/wp-content/uploads/2025/05/K-Acid-Quality-Control-Amendment-2025.pdf,skipped,0,,2026-09-26,data/raw/pdf/product_qco/qco_k_acid_quality_control_amendment_2025.pdf,already downloaded
qco_k_acid_qco_2024_rescind_order,https://www.bis.gov.in/wp-content/uploads/2025/11/K-Acid-QCO-2024-Rescind-Order.pdf,skipped,0,,2026-09-26,data/raw/pdf/product_qco/qco_k_acid_qco_2024_rescind_order.pdf,already downloaded
qco_vinyl_sulphone_quality_control_2025,https://www.bis.gov.in/wp-content/uploads/2025/05/Vinyl-Sulphone-Quality-Control-2025.pdf,skipped,0,,2026-09-26,data/raw/pdf/product_qco/qco_vinyl_sulphone_quality_control_2025.pdf,already downloaded
qco_vinyl_sulphone_quality_control_second_amendment_order_2025,https://www.bis.gov.in/wp-content/uploads/2025/07/Vinyl-Sulphone-Quality-Control-Second-Amendment-Order-2025.pdf,skipped,0,,2026-09-26,data/raw/pdf/product_qco/qco_vinyl_sulphone_quality_control_second_amendment_order_2025.pdf,already downloaded
qco_vinyl_sulphone_qco_2024_rescind_order,https://www.bis.gov.in/wp-content/uploads/2025/11/Vinyl-Sulphone-QCO-2024-Rescind-Order.pdf,skipped,0,,2026-09-26,data/raw/pdf/product_qco/qco_vinyl_sulphone_qco_2024_rescind_order.pdf,already downloaded
qco_electric_fence_energizer_qco_2024,https://www.bis.gov.in/wp-content/uploads/2024/11/Electric-Fence-Energizer-QCO-2024.pdf,skipped,0,,2026-09-26,data/raw/pdf/product_qco/qco_electric_fence_energizer_qco_2024.pdf,already downloaded
qco_flashlight_quality_control_order_2025,https://www.bis.gov.in/wp-content/uploads/2025/01/Flashlight-Quality-Control-Order-2025.pdf,skipped,0,,2026-09-26,data/raw/pdf/product_qco/qco_flashlight_quality_control_order_2025.pdf,already downloaded
qco_stainless_steel_pipes_and_tubes_qco_2025,https://www.bis.gov.in/wp-content/uploads/2025/02/Stainless-Steel-Pipes-and-Tubes-QCO-2025.pdf,skipped,0,,2026-09-26,data/raw/pdf/product_qco/qco_stainless_steel_pipes_and_tubes_qco_2025.pdf,already downloaded
qco_furniture_qco_17_02_2025,https://www.bis.gov.in/wp-content/uploads/2025/02/Furniture-QCO-17-02-2025.pdf,skipped,0,,2026-09-26,data/raw/pdf/product_qco/qco_furniture_qco_17_02_2025.pdf,already downloaded
qco_furniture_quality_control_amendment_order_2026,https://www.bis.gov.in/wp-content/uploads/2026/02/Furniture-Quality-Control-Amendment-Order-2026.pdf,skipped,0,,2026-09-26,data/raw/pdf/product_qco/qco_furniture_quality_control_amendment_order_2026.pdf,already downloaded
qco_furniture_quality_control_second_amendment_order_2026,https://www.bis.gov.in/wp-content/uploads/2026/03/Furniture-Quality-Control-Second-Amendment-Order-2026.pdf,skipped,0,,2026-09-26,data/raw/pdf/product_qco/qco_furniture_quality_control_second_amendment_order_2026.pdf,already downloaded
qco_refined_nickel_quality_control_order_2025,https://www.bis.gov.in/wp-content/uploads/2025/04/Refined-Nickel-Quality-Control-Order-2025.pdf,skipped,0,,2026-09-26,data/raw/pdf/product_qco/qco_refined_nickel_quality_control_order_2025.pdf,already downloaded
qco_refined_nickel_quality_control_amendment_order_2025,https://www.bis.gov.in/wp-content/uploads/2025/09/Refined-Nickel-Quality-Control-Amendment-Order-2025.pdf,skipped,0,,2026-09-26,data/raw/pdf/product_qco/qco_refined_nickel_quality_control_amendment_order_2025.pdf,already downloaded
qco_refined_nickel_quality_control_order_2025_withdrawal_order,https://www.bis.gov.in/wp-content/uploads/2025/11/Refined-Nickel-Quality-Control-Order-2025-Withdrawal-Order.pdf,skipped,0,,2026-09-26,data/raw/pdf/product_qco/qco_refined_nickel_quality_control_order_2025_withdrawal_order.pdf,already downloaded
qco_primary_lead_quality_control_order_2025,https://www.bis.gov.in/wp-content/uploads/2025/04/Primary-Lead-Quality-Control-Order-2025.pdf,skipped,0,,2026-09-26,data/raw/pdf/product_qco/qco_primary_lead_quality_control_order_2025.pdf,already downloaded
qco_primary_lead_quality_control_amendment_order_2025,https://www.bis.gov.in/wp-content/uploads/2025/09/Primary-Lead-Quality-Control-Amendment-Order-2025.pdf,skipped,0,,2026-09-26,data/raw/pdf/product_qco/qco_primary_lead_quality_control_amendment_order_2025.pdf,already downloaded
qco_primary_lead_quality_control_order_2025_withdrawal_order,https://www.bis.gov.in/wp-content/uploads/2025/11/Primary-Lead-Quality-Control-Order-2025-Withdrawal-Order.pdf,skipped,0,,2026-09-26,data/raw/pdf/product_qco/qco_primary_lead_quality_control_order_2025_withdrawal_order.pdf,already downloaded
qco_refined_zinc_quality_control_order_2025,https://www.bis.gov.in/wp-content/uploads/2025/04/Refined-Zinc-Quality-Control-Order-2025.pdf,skipped,0,,2026-09-26,data/raw/pdf/product_qco/qco_refined_zinc_quality_control_order_2025.pdf,already downloaded
qco_refined_zinc_quality_control_amendment_order_2025,https://www.bis.gov.in/wp-content/uploads/2025/09/Refined-Zinc-Quality-Control-Amendment-Order-2025.pdf,skipped,0,,2026-09-26,data/raw/pdf/product_qco/qco_refined_zinc_quality_control_amendment_order_2025.pdf,already downloaded
qco_refined_zinc_quality_control_order_2025_withdrawal_order,https://www.bis.gov.in/wp-content/uploads/2025/11/Refined-Zinc-Quality-Control-Order-2025-Withdrawal-Order.pdf,skipped,0,,2026-09-26,data/raw/pdf/product_qco/qco_refined_zinc_quality_control_order_2025_withdrawal_order.pdf,already downloaded
qco_tin_ingot_quality_control_order_2025,https://www.bis.gov.in/wp-content/uploads/2025/04/Tin-Ingot-Quality-Control-Order-2025.pdf,skipped,0,,2026-09-26,data/raw/pdf/product_qco/qco_tin_ingot_quality_control_order_2025.pdf,already downloaded
qco_tin_ingot_quality_control_amendment_order_2025,https://www.bis.gov.in/wp-content/uploads/2025/09/Tin-Ingot-Quality-Control-Amendment-Order-2025.pdf,skipped,0,,2026-09-26,data/raw/pdf/product_qco/qco_tin_ingot_quality_control_amendment_order_2025.pdf,already downloaded
qco_tin_ingot_quality_control_order_2025_withdrawal_order,https://www.bis.gov.in/wp-content/uploads/2025/11/Tin-Ingot-Quality-Control-Order-2025-Withdrawal-Order.pdf,skipped,0,,2026-09-26,data/raw/pdf/product_qco/qco_tin_ingot_quality_control_order_2025_withdrawal_order.pdf,already downloaded
scheme2_page,https://www.bis.gov.in/product-certification/products-under-compulsory-certification/scheme-ii-registration-scheme/?lang=en,skipped,0,,2026-09-26,data/structured/products_scheme2.csv,CSV exists
qco_gazette_notification_2012_10_03,http://crsbis.in/BIS/app_srv/tdc/gl/docs/gazette_notification_2012_10_03.pdf,skipped,0,,2026-09-26,data/raw/pdf/product_qco/qco_gazette_notification_2012_10_03.pdf,already downloaded
qco_so_no_2357_e,https://www.bis.gov.in/MandatoryProducts/QCOrder/SO%20No%202357%20(E).pdf,skipped,0,,2026-09-26,data/raw/pdf/product_qco/qco_so_no_2357_e.pdf,already downloaded
qco_so_no_822_e,https://www.bis.gov.in/MandatoryProducts/QCOrder/SO%20No%20822%20(E).pdf,skipped,0,,2026-09-26,data/raw/pdf/product_qco/qco_so_no_822_e.pdf,already downloaded
qco_so_no_2033_e,https://www.bis.gov.in/MandatoryProducts/QCOrder/SO%20No%202033%20(E).pdf,skipped,0,,2026-09-26,data/raw/pdf/product_qco/qco_so_no_2033_e.pdf,already downloaded
qco_so_no_2034_e,https://www.bis.gov.in/MandatoryProducts/QCOrder/SO%20No%202034%20(E).pdf,skipped,0,,2026-09-26,data/raw/pdf/product_qco/qco_so_no_2034_e.pdf,already downloaded
qco_electronics_and_information_technology_goods_requirement_of_compulsory_registration_order_2021_1,https://www.bis.gov.in/wp-content/uploads/2021/11/Electronics-and-Information-Technology-Goods-Requirement-of-Compulsory-Registration-Order-2021-1.pdf,downloaded,6380730,240b863683cc955c1a26f53978e6dd49ca6438aca4407b653444c80ae81864e1,2026-09-26,data/raw/pdf/product_qco/qco_electronics_and_information_technology_goods_requirement_of_compulsory_registration_order_2021_1.pdf,
qco_amendments_to_the_electronics_and_information_technology_goods_requirements_for_compulsory_registration_2021_1,https://www.bis.gov.in/wp-content/uploads/2026/05/amendments-to-the-Electronics-and-Information-Technology-Goods-Requirements-for-Compulsory-Registration-2021-1.pdf,skipped,0,,2026-09-26,data/raw/pdf/product_qco/qco_amendments_to_the_electronics_and_information_technology_goods_requirements_for_compulsory_registration_2021_1.pdf,already downloaded
qco_so_no_2905_e,https://www.bis.gov.in/MandatoryProducts/QCOrder/SO%20No%202905%20(E).pdf,skipped,0,,2026-09-26,data/raw/pdf/product_qco/qco_so_no_2905_e.pdf,already downloaded
qco_extension_order,http://crsbis.in/BIS/app_srv/tdc/gl/docs/extension_order.pdf,skipped,0,,2026-09-26,data/raw/pdf/product_qco/qco_extension_order.pdf,already downloaded
qco_so_no_344_e,https://www.bis.gov.in/MandatoryProducts/QCOrder/SO%20No%20344%20(E).pdf,skipped,0,,2026-09-26,data/raw/pdf/product_qco/qco_so_no_344_e.pdf,already downloaded
qco_so_no_2578_e,https://www.bis.gov.in/MandatoryProducts/QCOrder/SO%20No%202578%20(E).pdf,skipped,0,,2026-09-26,data/raw/pdf/product_qco/qco_so_no_2578_e.pdf,already downloaded
qco_16333,https://www.bis.gov.in/MandatoryProducts/QCOrder/16333.pdf,skipped,0,,2026-09-26,data/raw/pdf/product_qco/qco_16333.pdf,already downloaded
qco_2742,https://www.bis.gov.in/MandatoryProducts/QCOrder/2742.pdf,skipped,0,,2026-09-26,data/raw/pdf/product_qco/qco_2742.pdf,already downloaded
qco_cctv_camera_cro_2021,https://www.bis.gov.in/wp-content/uploads/2024/04/CCTV-Camera-CRO-2021.pdf,skipped,0,,2026-09-26,data/raw/pdf/product_qco/qco_cctv_camera_cro_2021.pdf,already downloaded
qco_meity_qco_for_additional_12_products,https://www.bis.gov.in/wp-content/uploads/2020/05/MeitY-QCO-for-additional-12-products.pdf,skipped,0,,2026-09-26,data/raw/pdf/product_qco/qco_meity_qco_for_additional_12_products.pdf,already downloaded
qco_electronics_and_information_technology_goods_2021_amendment_standalone_hard_disk_drives_1,https://www.bis.gov.in/wp-content/uploads/2026/05/Electronics-and-Information-Technology-Goods-2021-Amendment-Standalone-Hard-Disk-Drives-1.pdf,skipped,0,,2026-09-26,data/raw/pdf/product_qco/qco_electronics_and_information_technology_goods_2021_amendment_standalone_hard_disk_drives_1.pdf,already downloaded
qco_222196,https://www.bis.gov.in/wp-content/uploads/2020/10/222196.pdf,skipped,0,,2026-09-26,data/raw/pdf/product_qco/qco_222196.pdf,already downloaded
qco_miety_qco_amendment_order_26_april_2023,https://www.bis.gov.in/wp-content/uploads/2023/05/Miety-QCO-amendment-order-26-April-2023.pdf,skipped,0,,2026-09-26,data/raw/pdf/product_qco/qco_miety_qco_amendment_order_26_april_2023.pdf,already downloaded
qco_digital_television_receiver_for_satellite_broadcast_transmission_qco_amendment_2025,https://www.bis.gov.in/wp-content/uploads/2025/03/Digital-Television-Receiver-for-Satellite-Broadcast-Transmission-QCO-Amendment-2025.pdf,skipped,0,,2026-09-26,data/raw/pdf/product_qco/qco_digital_television_receiver_for_satellite_broadcast_transmission_qco_amendment_2025.pdf,already downloaded
qco_extension_in_timelines_for_the_implementation_of_television_sets_is_18112,https://www.bis.gov.in/wp-content/uploads/2025/10/Extension-in-timelines-for-the-implementation-of-Television-Sets-IS-18112.pdf,skipped,0,,2026-09-26,data/raw/pdf/product_qco/qco_extension_in_timelines_for_the_implementation_of_television_sets_is_18112.pdf,already downloaded
qco_extension_of_televisoin_sets_timelies,https://www.bis.gov.in/wp-content/uploads/2026/01/Extension-of-Televisoin-Sets-timelies.pdf,skipped,0,,2026-09-26,data/raw/pdf/product_qco/qco_extension_of_televisoin_sets_timelies.pdf,already downloaded
qco_extension_in_timelines_for_the_implementation_of_the_order_for_product_categories_included_in_the_schedule_of_cro_vide_s_o_1929e_published_in_gazette_of_india_on_26th_april20,https://www.bis.gov.in/wp-content/uploads/2026/07/Extension-in-timelines-for-the-implementation-of-the-order-for-product-categories-included-in-the-schedule-of-CRO-vide-S.O.-1929E-published-in-Gazette-of-India-on-26th-April20.pdf,skipped,0,,2026-09-26,data/raw/pdf/product_qco/qco_extension_in_timelines_for_the_implementation_of_the_order_for_product_categories_included_in_the_schedule_of_cro_vide_s_o_1929e_published_in_gazette_of_india_on_26th_april20.pdf,already downloaded
qco_migration_to_is_iec_62368_part_1_2023_from_is_13252_part_1_2010_and_is_616_2017,https://www.bis.gov.in/wp-content/uploads/2025/11/Migration-to-IS-IEC-62368-Part-1-2023-from-IS-13252-Part-1-2010-and-IS-616-2017.pdf,skipped,0,,2026-09-26,data/raw/pdf/product_qco/qco_migration_to_is_iec_62368_part_1_2023_from_is_13252_part_1_2010_and_is_616_2017.pdf,already downloaded
qco_amendment_to_the_electronics_and_information_technology_goods_requirement_of_compulsory_registration_order_2021,https://www.bis.gov.in/wp-content/uploads/2026/09/Amendment-to-the-Electronics-and-Information-Technology-Goods-Requirement-of-Compulsory-Registration-Order-2021.pdf,skipped,0,,2026-09-26,data/raw/pdf/product_qco/qco_amendment_to_the_electronics_and_information_technology_goods_requirement_of_compulsory_registration_order_2021.pdf,already downloaded
qco_gazette_so2920_e,https://www.bis.gov.in/MandatoryProducts/QCOrder/Gazette_SO2920_E.pdf,skipped,0,,2026-09-26,data/raw/pdf/product_qco/qco_gazette_so2920_e.pdf,already downloaded
qco_gazette_notification_quality_control_order_2183_30052018,https://www.bis.gov.in/MandatoryProducts/QCOrder/Gazette_notification_quality_control_order_2183_30052018.pdf,skipped,0,,2026-09-26,data/raw/pdf/product_qco/qco_gazette_notification_quality_control_order_2183_30052018.pdf,already downloaded
qco_mnre_notification_published_in_gazette_on_12_10_2018,https://www.bis.gov.in/wp-content/uploads/2018/12/MNRE-notification-published-in-Gazette-on-12-10-2018.pdf,skipped,0,,2026-09-26,data/raw/pdf/product_qco/qco_mnre_notification_published_in_gazette_on_12_10_2018.pdf,already downloaded
qco_solar_inverter_qco_extension1,https://www.bis.gov.in/wp-content/uploads/2023/02/Solar-Inverter-QCO-extension1.pdf,skipped,0,,2026-09-26,data/raw/pdf/product_qco/qco_solar_inverter_qco_extension1.pdf,already downloaded
qco_mnre_qco_solar_pv_products_standards_essentialrequirements,https://www.bis.gov.in/wp-content/uploads/2025/01/MNRE-QCO-Solar-PV-Products-Standards-EssentialRequirements.pdf,skipped,0,,2026-09-26,data/raw/pdf/product_qco/qco_mnre_qco_solar_pv_products_standards_essentialrequirements.pdf,already downloaded
qco_solar_systems_devices_and_components_goods_order_2025,https://www.bis.gov.in/wp-content/uploads/2025/08/Solar-Systems-Devices-and-Components-Goods-Order-2025.pdf,skipped,0,,2026-09-26,data/raw/pdf/product_qco/qco_solar_systems_devices_and_components_goods_order_2025.pdf,already downloaded
qco_ortho_phosphoric_acid_quality_control_order_2021_1,https://www.bis.gov.in/wp-content/uploads/2021/06/Ortho-Phosphoric-Acid-Quality-Control-Order-2021-1.pdf,skipped,0,,2026-09-26,data/raw/pdf/product_qco/qco_ortho_phosphoric_acid_quality_control_order_2021_1.pdf,already downloaded
qco_extension_of_methylene_chloride_and_ortho_phosphoric_acid,https://www.bis.gov.in/wp-content/uploads/2021/12/Extension-of-Methylene-Chloride-and-Ortho-Phosphoric-Acid.pdf,skipped,0,,2026-09-26,data/raw/pdf/product_qco/qco_extension_of_methylene_chloride_and_ortho_phosphoric_acid.pdf,already downloaded
qco_extension_of_enforcement_date_of_3_qcos,https://www.bis.gov.in/wp-content/uploads/2022/05/Extension-of-enforcement-date-of-3-QCOs.pdf,skipped,0,,2026-09-26,data/raw/pdf/product_qco/qco_extension_of_enforcement_date_of_3_qcos.pdf,already downloaded
qco_ortho_phosphoric_acid_quality_controlamendment_order_2024,https://www.bis.gov.in/wp-content/uploads/2024/04/Ortho-Phosphoric-Acid-Quality-ControlAmendment-order-2024.pdf,skipped,0,,2026-09-26,data/raw/pdf/product_qco/qco_ortho_phosphoric_acid_quality_controlamendment_order_2024.pdf,already downloaded
qco_ortho_phosphoric_acid_quality_control_second_amendment_order_2024,https://www.bis.gov.in/wp-content/uploads/2024/07/Ortho-Phosphoric-Acid-Quality-Control-Second-Amendment-order-2024.pdf,skipped,0,,2026-09-26,data/raw/pdf/product_qco/qco_ortho_phosphoric_acid_quality_control_second_amendment_order_2024.pdf,already downloaded
qco_qco_on_polyphosphoric_acid,https://www.bis.gov.in/wp-content/uploads/2022/01/QCO-on-Polyphosphoric-Acid.pdf,skipped,0,,2026-09-26,data/raw/pdf/product_qco/qco_qco_on_polyphosphoric_acid.pdf,already downloaded
qco_trimethyl_phosphite_quality_control_order_2022,https://www.bis.gov.in/wp-content/uploads/2022/04/Trimethyl-phosphite-Quality-Control-Order-2022.pdf,skipped,0,,2026-09-26,data/raw/pdf/product_qco/qco_trimethyl_phosphite_quality_control_order_2022.pdf,already downloaded
qco_cotton_bales_qco_20231,https://www.bis.gov.in/wp-content/uploads/2023/03/Cotton-Bales-QCO-20231.pdf,skipped,0,,2026-09-26,data/raw/pdf/product_qco/qco_cotton_bales_qco_20231.pdf,already downloaded
qco_cotton_bales_qco_extension1,https://www.bis.gov.in/wp-content/uploads/2023/08/Cotton-Bales-QCO-Extension1.pdf,skipped,0,,2026-09-26,data/raw/pdf/product_qco/qco_cotton_bales_qco_extension1.pdf,already downloaded
qco_cotton_bales_qco_amndment_2023_28082023,https://www.bis.gov.in/wp-content/uploads/2023/08/Cotton-Bales-QCO-amndment-2023-28082023.pdf,skipped,0,,2026-09-26,data/raw/pdf/product_qco/qco_cotton_bales_qco_amndment_2023_28082023.pdf,already downloaded
qco_cotton_bales_qco_2023,https://www.bis.gov.in/wp-content/uploads/2024/08/Cotton-bales-QCO-2023.pdf,skipped,0,,2026-09-26,data/raw/pdf/product_qco/qco_cotton_bales_qco_2023.pdf,already downloaded
qco_cotton_bales_quality_control_amendment_order_2023,https://www.bis.gov.in/wp-content/uploads/2025/07/Cotton-Bales-Quality-Control-Amendment-Order-2023.pdf,skipped,0,,2026-09-26,data/raw/pdf/product_qco/qco_cotton_bales_quality_control_amendment_order_2023.pdf,already downloaded
qco_rescind_order_of_the_cotton_bales_quality_control_order_2023_1,https://www.bis.gov.in/wp-content/uploads/2026/06/Rescind-Order-of-the-Cotton-Bales-Quality-Control-Order-2023-1.pdf,skipped,0,,2026-09-26,data/raw/pdf/product_qco/qco_rescind_order_of_the_cotton_bales_quality_control_order_2023_1.pdf,already downloaded
upcoming_qcos,https://www.bis.gov.in/upcoming-qcos-notified-and-due-for-implementation/?lang=en,skipped,0,,2026-09-26,data/structured/upcoming_qcos.csv,CSV exists
qco_guidance,https://www.bis.gov.in/wp-content/uploads/2021/07/Guidance-document-on-QCOs-Revised-1.pdf,skipped,0,,2026-09-26,data/raw/pdf/product_qco/qco_guidance.pdf,already downloaded
hm_regulations_2018,https://www.bis.gov.in/wp-content/uploads/2019/02/BIS-Hallmarking-Regulations-2018-Incorp.-Amdt-1.pdf,downloaded,1400015,8aeefa711488a9e8dae283282f4121c331dd8005e3981bc1b7d1d58ce673a40d,2026-09-26,data/raw/pdf/hallmarking_consumer/hm_regulations_2018.pdf,
hm_regs_amdt_2026,https://www.bis.gov.in/wp-content/uploads/2026/09/Gazette-Notification-of-Hallmarking-Published.pdf,skipped,0,,2026-09-26,data/raw/pdf/hallmarking_consumer/hm_regs_amdt_2026.pdf,already downloaded
hm_order_2020,https://www.bis.gov.in/wp-content/uploads/2020/01/Mandatory-Hallmarking-Order-15.01.2020.pdf,skipped,0,,2026-09-26,data/raw/pdf/hallmarking_consumer/hm_order_2020.pdf,already downloaded
hm_order_june_2021,https://www.bis.gov.in/wp-content/uploads/2021/06/qc-order-June-2021-2.pdf,skipped,0,,2026-09-26,data/raw/pdf/hallmarking_consumer/hm_order_june_2021.pdf,already downloaded
hm_overview,https://www.bis.gov.in/hallmarking-overview/?lang=en,skipped,0,,2026-09-26,data/raw/html/hallmarking_consumer/hm_overview.md,already downloaded
hm_mandatory_order_page,https://www.bis.gov.in/hallmarking-overview/mandatory-hallmarking-order/?lang=en,skipped,0,,2026-09-26,data/raw/html/hallmarking_consumer/hm_mandatory_order_page.md,already downloaded
hm_faq_general,https://www.bis.gov.in/hallmarking-overview/hallmarking-faqs/hallmarking-faq/?lang=en,skipped,0,,2026-09-26,data/raw/html/hallmarking_consumer/hm_faq_general.md,already downloaded
hm_faq_general__mandatory,https://www.bis.gov.in/hallmarking-overview/hallmarking-faqs/mandatory/?lang=en,skipped,0,,2026-09-26,data/raw/html/hallmarking_consumer/hm_faq_general__mandatory.md,already downloaded
hm_faq_general__bis_act_and_regulation_faq,https://www.bis.gov.in/hallmarking-overview/hallmarking-faqs/bis-act-and-regulation-faq/?lang=en,skipped,0,,2026-09-26,data/raw/html/hallmarking_consumer/hm_faq_general__bis_act_and_regulation_faq.md,already downloaded
hm_jewellers_guidelines,https://www.bis.gov.in/wp-content/uploads/2026/07/Guidelines-for-Jewellers.pdf,skipped,0,,2026-09-26,data/raw/pdf/hallmarking_consumer/hm_jewellers_guidelines.pdf,already downloaded
consumer_complaint,https://www.bis.gov.in/consumer-overview/online-complaint-registration/?lang=en,skipped,0,,2026-09-26,data/raw/html/hallmarking_consumer/consumer_complaint.md,already downloaded
consumer_protection,https://www.bis.gov.in/consumer-overview/consumer-protection/?lang=en,skipped,0,,2026-09-26,data/raw/html/hallmarking_consumer/consumer_protection.md,already downloaded
bis_care_app_page,https://www.bis.gov.in/bis-apps/?lang=en,skipped,0,,2026-09-26,data/raw/html/hallmarking_consumer/bis_care_app_page.md,already downloaded
application_checklist,https://www.bis.gov.in/wp-content/uploads/2018/11/Checklist_for_Application.pdf,skipped,0,,2026-09-26,data/raw/pdf/certification/application_checklist.pdf,already downloaded
operating_manual_product_cert,https://bis.gov.in/PDF/pdf/rti/operating_manual.pdf,failed,0,,2026-09-26,,HTTP 403
guide_grant_of_licence,https://www.bis.gov.in/wp-content/uploads/2026/02/GrantofLicence-Guidelines-25Feb2026.pdf,skipped,0,,2026-09-26,data/raw/pdf/certification/guide_grant_of_licence.pdf,already downloaded
guide_additional_scheme1,https://www.bis.gov.in/wp-content/uploads/2020/09/BIS-DGO-No.3ofYear2020.pdf,skipped,0,,2026-09-26,data/raw/pdf/certification/guide_additional_scheme1.pdf,already downloaded
guide_non_conformity,https://www.bis.gov.in/wp-content/uploads/2026/02/Dealing-WithNon-Conformity-Guidelines-25Feb2026.pdf,skipped,0,,2026-09-26,data/raw/pdf/certification/guide_non_conformity.pdf,already downloaded
guide_unsatisfactory_performance,https://www.bis.gov.in/wp-content/uploads/2026/02/Dealing-With-Unsatisfactory-Performance-Guidelines-25Feb2026.pdf,skipped,0,,2026-09-26,data/raw/pdf/certification/guide_unsatisfactory_performance.pdf,already downloaded
guide_change_in_scope,https://www.bis.gov.in/wp-content/uploads/2021/05/Website-GuidelinesForChangeInScopeOfLicence_may.pdf,skipped,0,,2026-09-26,data/raw/pdf/certification/guide_change_in_scope.pdf,already downloaded
guide_renewal,https://www.bis.gov.in/wp-content/uploads/2025/03/RenewalGuidelines-WebsiteHosting.pdf,skipped,0,,2026-09-26,data/raw/pdf/certification/guide_renewal.pdf,already downloaded
guide_retesting,https://www.bis.gov.in/wp-content/uploads/2025/07/Guidelines-Samples-Coding-Retesting.pdf,skipped,0,,2026-09-26,data/raw/pdf/certification/guide_retesting.pdf,already downloaded
guide_factory_surveillance,https://www.bis.gov.in/wp-content/uploads/2026/02/FactorySurveillance-Guidelines-25Feb2026.pdf,skipped,0,,2026-09-26,data/raw/pdf/certification/guide_factory_surveillance.pdf,already downloaded
guide_market_surveillance,https://www.bis.gov.in/wp-content/uploads/2026/02/MarketSurveillance-Guidelines-25Feb2026.pdf,skipped,0,,2026-09-26,data/raw/pdf/certification/guide_market_surveillance.pdf,already downloaded
guide_cbtf_msme,https://www.bis.gov.in/wp-content/uploads/2023/07/GuidelinesForUtilisationOfClusterLabByMSMEs.pdf,skipped,0,,2026-09-26,data/raw/pdf/certification/guide_cbtf_msme.pdf,already downloaded
guide_grant_coc,https://www.bis.gov.in/wp-content/uploads/2021/03/Grant-of-CoC-Guidelines.pdf,skipped,0,,2026-09-26,data/raw/pdf/certification/guide_grant_coc.pdf,already downloaded
guide_renewal_coc,https://www.bis.gov.in/wp-content/uploads/2022/01/Guidelines-RenewalOf-CoC.pdf,skipped,0,,2026-09-26,data/raw/pdf/certification/guide_renewal_coc.pdf,already downloaded
guide_coc_surveillance,https://www.bis.gov.in/wp-content/uploads/2024/07/CoC-Surveillance-Guidelines-BIS-Website.pdf,skipped,0,,2026-09-26,data/raw/pdf/certification/guide_coc_surveillance.pdf,already downloaded
